order_id,customer_id,order_date,order_status,total_amount,payment_method,shipping_country,promo_id
a04629aa-fdf3-4899-b581-56dbb9a12572,45e913c6-8134-49a3-95c0-c9256f165dab,2024-04-20,delivered,4001.82,debit_card,Canada,
c69d59ec-0978-4670-8a03-f2c81ff09d59,1afac992-3c50-43e6-98f3-b9e3bc13c6ba,2024-04-19,delivered,347.36,credit_card,US,
874f0f0f-e7db-4e55-86e3-8c3dc301252c,9b954335-f41c-473d-b707-8bbb94f32d13,2023-04-17,confirmed,96.92,credit_card,US,
c9f89e3b-eedf-4442-b3e0-eedb8084dc69,e99aec32-80d9-4b78-bda0-4e18e25cd8a5,2023-07-17,delivered,582.05,credit_card,US,a076da24-3aaa-479a-a77f-db5f1d75711b
d9d0acec-f9fe-477e-a8b4-191468f419ed,3c991bd4-46fe-4a0c-bc7a-c117335152fa,2023-09-23,delivered,1777.12,debit_card,US,
6b7e5beb-b58b-4b38-a12b-0d12186e793b,0d9a98e9-9084-47f3-ae6f-39c40005dcb9,2024-03-17,delivered,322.36,credit_card,US,
e1b5e3c1-6a1c-4f19-9f9a-94f42868b2a9,3c991bd4-46fe-4a0c-bc7a-c117335152fa,2023-01-26,confirmed,3160.46,credit_card,US,69bf9c14-599d-40b6-961c-ea782e45942a
4d032329-2331-4e9f-889b-98f9c28dd456,27b818ea-629b-4095-b504-4a15a922db39,2024-03-27,returned,31.66,apple_pay,US,
99c0a235-81ac-4a24-bdf3-8edfa4e38b8f,e99aec32-80d9-4b78-bda0-4e18e25cd8a5,2023-10-19,delivered,163.84,credit_card,US,
7b749051-705a-4297-b7b0-e6d2b355d6a3,80de749e-464b-4ec8-b46f-84094aae4f02,2023-04-19,delivered,1413.78,paypal,UK,
8b39ea40-ff7d-42c8-9d74-e57f70de2496,7167c83a-16a1-4b18-b2a2-7cace54172c0,2024-04-11,delivered,173.87,apple_pay,Germany,
d21453f9-131b-45e8-8b4b-472b2f087002,fc7bc133-f81c-4e2d-8460-5dd8ac802206,2023-07-14,delivered,457.1,debit_card,UK,
f0ad7298-4716-452a-8eb9-0138b24c9daa,162cf92f-8972-44a9-949b-da75c8847a9a,2023-12-26,delivered,3646.4,paypal,US,
f5a30fc2-edde-496e-92e0-1172f113d7dd,78807e0c-0188-49f0-a6ae-0eb2249e1eb4,2023-03-29,delivered,2537.72,credit_card,Canada,
34794af1-d90e-4e3d-a04a-dd0bb5d30b30,dd75475c-5d27-4401-9bbd-a9364e86b364,2024-04-26,delivered,188.23,debit_card,US,
b8c4edf5-46f8-4328-beaf-38905c95d7e3,e5a0ba19-6693-4036-b995-b3b2a41a678a,2024-03-15,delivered,7947.4,credit_card,UK,
34bd031f-75ca-4151-a469-073a3d456ddd,68cd38b1-2976-432b-9782-71e81b37ed97,2024-02-29,delivered,1257.14,debit_card,US,
b0fee479-fb11-415c-9dd2-dee451e194f0,885e9155-5f7f-4b8f-8225-48a4ec882510,2024-04-03,delivered,2017.44,credit_card,US,
5effbffc-17bf-4111-9bd8-84a4b00863c2,5c796213-d509-4978-bb03-5a28a2cf0d59,2024-02-20,delivered,907.59,debit_card,US,
ffd26190-5bc7-4e4c-8870-881b0b4289e7,9242a58a-abf2-4882-a2bd-51ca976582ab,2023-08-28,delivered,607.82,credit_card,US,
83c499dc-cb8a-43ad-8d3d-5e8712be5fbd,e9fa39b5-7e54-45f9-9766-fd33eb31f8c7,2024-01-12,delivered,5.87,credit_card,US,
b0f1ce76-b8de-47e4-9b0a-64a3d04acdb7,d750d318-74f3-426c-a5fd-6baacbe32eed,2024-03-06,pending,1108.19,credit_card,US,
10cd4e62-c5e1-4b17-adc5-dda2d85f5197,8be97fa7-fb9e-4b61-9d8c-3e4064da8b1c,2023-07-26,canceled,2012.48,paypal,Canada,
4cf0226c-d5fd-46ee-9cef-e123e0c5f402,edca91f4-a5df-44e1-83f2-4936c087d640,2023-10-16,delivered,502.05,debit_card,US,
df52ddd8-7e66-4693-9609-bd84a63c8b31,a370220d-7780-4ca2-9844-5debb9f4745f,2024-01-31,in_transit,3877.7,credit_card,US,
1048bf6f-58e8-4f01-9285-dbd685cbc10e,49d7dcc1-2b71-4bff-8ef5-13c6343b3a97,2023-10-31,delivered,4563.11,credit_card,US,
651c5d42-6a61-4527-94a5-f4334fd4fb24,3f7c0611-00d2-427d-91bc-1c21fbfb9aa9,2023-09-08,fulfilling,3242.51,credit_card,US,
b721fd66-bc4e-42e3-b194-ca866bd150ea,df93dde2-3047-43c8-857e-3f9f7396a894,2024-04-07,confirmed,148.04,paypal,US,
8936ce30-5604-490e-9194-33026693404d,cc22bba7-3631-420c-8c10-3ae3ff6cfb0c,2023-08-28,confirmed,406.1,credit_card,US,
e5bafa15-55ef-4e38-9c37-6afdf9ae6220,9f01a136-6844-4c86-bbae-e33307678df1,2024-03-24,delivered,1448.7,credit_card,US,
a7ec0cbf-cae8-4d48-aec5-cbe47b58bee3,bb1b7740-d2a6-46db-b26c-657bd0b73f9c,2023-12-20,delivered,2161.2,debit_card,US,ba8a086b-51f7-4e0a-9bfe-9a373c4b023b
3d006170-5525-4e6e-9d07-b7fd45c5fb46,9f2292df-a341-446f-8ee0-451a2b17b0e5,2024-03-02,in_transit,1060.13,gift_card,US,0a7d2c79-4adc-46b3-a2f7-01e50975c815
76825e38-07e7-4dd0-bb54-1caed950740c,62b58bf2-f296-4766-bcb0-94877e17a086,2024-03-15,canceled,131.58,credit_card,Canada,
4f47eab0-f345-4d27-b2c0-fcdd60d25a08,9f2292df-a341-446f-8ee0-451a2b17b0e5,2023-12-23,returned,3669.48,credit_card,US,
b6ea3bd3-3a6e-4f9d-89d4-23be702b446f,ad473f54-cfaa-4b35-99f5-532d72592f7a,2023-03-17,delivered,1932.31,credit_card,US,59002d28-d21b-46ec-9242-0a9af1421105
4b5c728b-7fe7-4268-8341-52b63bce82ca,1b2e9092-8666-47e5-b883-83f20d3dba6e,2023-06-13,delivered,865.83,credit_card,Germany,
32245a0f-e5e8-40cb-a295-dea81a08b348,4a9c434c-9c1f-4472-b2fd-dff6594bbc7a,2024-04-22,delivered,439.72,apple_pay,US,6c289908-ca4b-4caa-8423-04c10203f43d
84970607-79e3-4b1b-bd5e-3d81f92b9bef,d6362348-f33c-4b25-9c4e-d965696b6fed,2023-01-26,backordered,1039.15,credit_card,US,fc19159c-df7b-44ac-9ce7-12dcf3937512
f9d97fae-2028-4d93-a306-6e403e0cd06a,0e444be7-c58b-406c-88bc-cc96872a8703,2024-04-08,delivered,1150.18,credit_card,Germany,
6b17c8dd-e3fe-42b7-b4f2-a208183cb6b2,dd0cb009-6b28-4f48-a54b-074149d3ac86,2024-04-28,delivered,305.69,paypal,US,4c0c4ca5-737c-4158-ae74-86af81993130
7aaa8f93-8a52-43da-ad2e-6059b1d1d7de,ee3462fb-b756-4e44-a0eb-227af4fa1c3a,2024-01-19,disputed,1004.19,paypal,Canada,
6e156c20-1968-4ae1-989c-a9c695c8e7e7,1e475fd2-d99b-479e-bffb-44352b2a5211,2024-02-19,delivered,532.18,debit_card,US,
dfaaecdc-d4b7-49b3-bccc-ed60303adc14,8063656d-d7ae-494a-9672-10569d0e80c5,2024-01-18,delivered,610.85,credit_card,US,
fe62f7e6-6674-4afa-966f-0adeeaba56e8,1899a723-ca24-478f-b85c-b2f3676590b7,2024-04-06,delivered,4004.61,credit_card,Canada,
4ce083df-6947-4551-9225-821a50dcee82,0e444be7-c58b-406c-88bc-cc96872a8703,2023-09-01,pending,9373.66,credit_card,Germany,
12a4c96a-da81-44b0-847c-eb72a42fb99f,e4cf282b-3504-43d6-80cd-6737c7f9fb98,2023-07-06,delivered,2169.55,credit_card,US,
535e5017-9471-4c2f-8013-7739950f9f2b,b143dfbc-a2c3-43d3-807a-48925bd2715c,2023-12-09,fulfilling,602.43,paypal,US,
996f883d-42ef-4bd2-9567-dbb0ed722c1d,162cf92f-8972-44a9-949b-da75c8847a9a,2024-02-06,delivered,1333.99,credit_card,US,
f85944e3-b635-4b3c-a5b4-cb0effff0435,e21d4513-ab2a-4ac7-9860-381724efa4a7,2023-05-23,backordered,182.19,debit_card,US,
f2e3532a-1bdf-40aa-adf0-214a831cb52a,f147eecb-7dcd-4057-b179-18303e3eff97,2023-07-14,confirmed,3865.44,credit_card,Germany,
45140e93-5007-4f9f-b082-3508dccacad7,cd71de6f-8bae-49d2-bfcc-19a8101e3c99,2023-11-21,canceled,1184.89,credit_card,US,
1457e401-6f6c-4de4-b0ed-cd8dcfb8ecd1,e9fa39b5-7e54-45f9-9766-fd33eb31f8c7,2024-04-29,delivered,245.22,debit_card,US,
608ae49a-b7d5-4740-99a5-29a843e4799a,36bef2b1-ff0c-486a-a9b7-ca4dbf0cd690,2023-10-31,delivered,811.33,paypal,US,e1b50713-c038-4d36-8e99-aa7a3e1dd82a
26ff7dee-b303-489f-89a9-1ca3ef8dccbe,d06fee96-ed97-4343-bb47-f7dfcf9d403f,2023-09-09,fulfilling,416.02,paypal,Australia,
30aa38de-1cae-4c66-b396-67d7ce2638fc,e21d4513-ab2a-4ac7-9860-381724efa4a7,2023-12-13,delivered,126.4,debit_card,US,22a70b1a-70ac-4b7a-bec0-359c2c2a5754
3f721f85-bf83-4bdf-90e4-71222d605809,9668ef01-8ca7-4718-940f-b56d3cee784b,2023-01-08,delivered,1044.44,gift_card,US,
69ca67bd-9b6b-4f1f-9267-690b443a3237,fc66091e-4597-4774-98ca-78e33c78e7c6,2024-03-18,delivered,2061.43,credit_card,UK,
9afe75d0-13cb-4709-8a65-b191ebd2c087,c89947cd-2112-427b-ad85-84ef07d70067,2024-04-29,delivered,19.75,paypal,UK,
790a387c-f7d2-419b-9a04-08f132aac223,ebc7b605-9d0c-49fc-a758-fd791bed3f26,2023-09-14,delivered,3806.75,credit_card,UK,
b5d379da-74f4-4ada-8997-52e8304372b7,ad473f54-cfaa-4b35-99f5-532d72592f7a,2023-08-25,delivered,154.38,credit_card,US,
5f98ed83-d635-4368-8627-4ba5c31afdeb,b9cfc4e5-f0ea-4f7e-a69a-528912d7b2ba,2024-02-04,delivered,7404.99,debit_card,Australia,
a6bc70f8-d1a9-4b4b-8860-4e0a589da0a5,0cea2329-de7c-48cf-ae74-ce7dfec86cc2,2024-03-31,confirmed,174.21,debit_card,Germany,
0137b1ec-8069-43dd-8ed7-2cd8a7662472,9668ef01-8ca7-4718-940f-b56d3cee784b,2023-12-14,delivered,887.17,paypal,US,
383cede7-dde2-4f96-873c-e41cb1cb34d8,49d7dcc1-2b71-4bff-8ef5-13c6343b3a97,2023-12-13,in_transit,3743.7,credit_card,US,
7589a5cd-322d-448f-af08-6355902db256,e21d4513-ab2a-4ac7-9860-381724efa4a7,2023-12-07,confirmed,3688.45,credit_card,US,
be82abfc-3486-4734-8972-bf3bea3e6137,ad473f54-cfaa-4b35-99f5-532d72592f7a,2024-01-07,delivered,7161.42,debit_card,US,
e590b77e-0083-4d4d-b3cd-195b56e960e2,27b818ea-629b-4095-b504-4a15a922db39,2024-03-27,pending,459.89,credit_card,US,e9e15041-6ac5-430f-b9a2-a8caf63e2ba8
e9d0ff0a-5ffb-49ce-b8d6-a45a7d21321d,c70efc24-7937-4bed-a914-ae131c252469,2023-10-25,delivered,62.83,credit_card,US,
410358bb-11a2-4dfd-93f8-790464c744ba,9668ef01-8ca7-4718-940f-b56d3cee784b,2024-01-08,delivered,307.06,debit_card,US,
cccbdd04-8297-4e7b-bfc4-30f090b17c1e,69b8c25f-636c-45ea-80aa-3413eb6f7f7d,2024-03-14,confirmed,1104.42,credit_card,UK,
223a5692-c109-4b8c-912b-fc9f96a376d5,e2d942f4-5cac-4c86-bb6a-0a0a96a4e40a,2024-01-15,delivered,301.14,apple_pay,US,
d431e62c-9def-4163-9a43-02b6407f9e2a,d750d318-74f3-426c-a5fd-6baacbe32eed,2023-06-03,delivered,2772.19,credit_card,US,
3036236b-a6d6-45ed-95ec-cec6edf81a25,1b2e9092-8666-47e5-b883-83f20d3dba6e,2024-04-22,in_transit,1730.03,debit_card,Germany,
253a2406-d607-4119-919e-128a51a3815c,d06fee96-ed97-4343-bb47-f7dfcf9d403f,2023-09-12,delivered,1559.11,credit_card,Australia,
6c872965-8734-4ad9-97cc-cf4cdd681b67,dfb4d804-80b3-4d76-b7d8-398eacf372f5,2023-04-14,delivered,51.11,debit_card,US,bc598d95-bba1-4398-b161-82a0c01ee708
c17edcef-3963-4d30-b2d4-2ae5337c9080,dd77825f-675d-4b91-add1-e194ae040280,2023-07-16,canceled,1631.72,paypal,US,
50b93c08-4cf5-4b67-8ec1-2eafa9794674,6f94c06b-dbed-4ffc-a981-5b5934ad13fe,2024-03-04,backordered,39.8,credit_card,Germany,
9da03325-019a-465d-9b71-f2b1a2b7cb9a,267c8861-31ec-4107-b92d-a0974781555a,2023-10-26,delivered,13.02,debit_card,US,
2ab7ab63-6694-4034-a2d6-5ceb4679cb54,3f15cd17-b080-4074-8a7e-c24cf8ae1be1,2024-01-12,fulfilling,365.77,credit_card,US,0a7d2c79-4adc-46b3-a2f7-01e50975c815
87c98e92-4001-4df3-aaf6-cb69385ad2d0,dfb4d804-80b3-4d76-b7d8-398eacf372f5,2023-10-21,delivered,2628.07,credit_card,US,
fd12aa27-440b-47b9-8048-86db532e7667,162cf92f-8972-44a9-949b-da75c8847a9a,2024-04-25,delivered,7086.81,debit_card,US,
67662ac7-7549-4c0b-b162-80b95a2ff351,0cea2329-de7c-48cf-ae74-ce7dfec86cc2,2024-04-30,fulfilling,228.87,paypal,Germany,e874bbaf-ce31-4186-a8ed-4647eec5e2e9
753958ee-d046-419b-83e7-3b23208dc0eb,1515a6e2-869c-42a0-88fd-f72eab5da3ac,2023-10-17,delivered,29.37,paypal,US,
78ac5b5b-f2c3-4941-b91f-714e961471bd,6ccabf87-5a51-4576-827e-32dee774ae4a,2024-03-19,returned,1450.35,debit_card,Canada,
91f429b8-d880-4234-9a52-c6d9e6aa644b,694ca800-2a62-442d-81c1-8d9917dfe1a5,2023-12-21,delivered,1997.64,credit_card,US,
b1ac4f39-dcfe-4400-8a2c-eeccd3309518,b6b870c5-93f3-40a8-977e-8e3fb792db51,2024-02-19,canceled,179.89,credit_card,UK,
bd699905-0a1b-4d9f-94d3-c3a73d543720,e99aec32-80d9-4b78-bda0-4e18e25cd8a5,2024-03-17,delivered,2435.04,paypal,US,
4f01a29c-affc-489d-a469-0c0c01d00f95,edca91f4-a5df-44e1-83f2-4936c087d640,2023-04-01,delivered,2549.84,debit_card,US,
02016c80-a53b-4c18-96ca-acdbd59a7f46,6a18ab29-0e69-49de-aa20-93f3de10bd9a,2023-02-04,delivered,6170.15,debit_card,UK,
8ff3332e-8f41-4ecc-8058-7fb1ec7ad392,2707bcd3-11cb-40de-9392-18ac5008f35e,2024-04-20,in_transit,383.07,apple_pay,US,
bddaa407-b21b-4c68-b3f1-4203726e4765,6ccabf87-5a51-4576-827e-32dee774ae4a,2023-12-24,delivered,4158.54,debit_card,Canada,53929d63-6712-4a31-85c3-807f22f068f4
61c3086c-60f4-49bc-ad55-547c5255f6ac,593deab8-1108-47bc-8a0b-62dc81bd329a,2024-02-24,backordered,1736.8,credit_card,US,
96c900a5-e6a2-4893-a6d6-8a38683df16d,7bfa903e-07ef-4ed6-be7b-d3b47f871530,2023-07-16,delivered,408.44,credit_card,US,
2332b608-c8a9-4705-b593-57b1bd6b27e8,196ef926-4d73-4905-bbae-ce3d6cd3f88f,2024-04-16,canceled,229.18,debit_card,US,
4eedf511-d5fc-4f14-90b7-e7a59a38ff52,761c858e-765f-411f-8547-47271f16f38c,2023-11-03,delivered,329.09,credit_card,US,
3c5f63e1-0411-4e9b-9711-68feb26c82f6,162cf92f-8972-44a9-949b-da75c8847a9a,2024-04-01,delivered,2351.7,credit_card,US,
9feb398d-fb6f-4041-88f9-4a1ba90f3f52,079ce70c-3cb6-4521-8809-2faff8701e47,2023-10-11,delivered,1021.31,debit_card,Australia,9f0f3d7a-5aa8-4e43-b137-bc5687f6ef39
49276336-a2f7-48fd-a99b-a5a4858bf407,80827f1f-7cea-41dc-9905-c25587477934,2024-04-10,delivered,72.26,credit_card,US,e5878ca4-968a-4dc2-8e23-1d229388c761
5e2fecdf-9b75-43fa-83f7-21e1c663871f,278d1970-0544-4e9f-bbeb-fa3aab33b66f,2024-03-24,in_transit,1012.35,paypal,UK,
4a21e4fc-3aa4-474a-944f-122493df39bb,ad473f54-cfaa-4b35-99f5-532d72592f7a,2023-03-07,delivered,131.07,credit_card,US,
73bdaf7b-778d-48de-a55b-bb244382a712,3d00f038-feab-4cb3-8aee-67aa70c1836c,2023-06-17,delivered,334.0,apple_pay,US,
d3cdbf99-6927-45a8-94f1-c294b9dc9f9d,ba05d267-f61f-4489-8ff5-ef22c502d1d9,2024-01-02,delivered,321.18,credit_card,US,ba8a086b-51f7-4e0a-9bfe-9a373c4b023b
37047061-0912-4129-b54c-ce94d5226242,d06fee96-ed97-4343-bb47-f7dfcf9d403f,2023-03-19,delivered,358.86,credit_card,Australia,
da3e0c8d-c7d8-4495-ad31-8a2af3da6397,b2c5d6ab-d24d-4f8c-b1df-21249f6fe4c5,2023-11-24,delivered,182.3,debit_card,US,9f0f3d7a-5aa8-4e43-b137-bc5687f6ef39
fbd998c8-4e5c-4fc1-966b-8cf3bc8c4d86,6a18ab29-0e69-49de-aa20-93f3de10bd9a,2023-05-31,delivered,3510.75,credit_card,UK,
7e5ad963-cd6a-40d4-9e5f-88b89461ac83,e28afd39-b42d-4908-b054-6dcc9f96b8ca,2024-04-30,returned,2358.38,debit_card,US,5da11427-9b4e-4e2a-bed3-c4ef3382e74e
69124045-6bcc-40dd-a280-ea96708f5763,2f57afbb-0ed4-4b76-bce5-ee7979a2345f,2023-05-11,backordered,3336.13,paypal,UK,
fd3f8654-442b-4831-bdc6-45caad16e7c0,4abd67b0-664a-4049-9ddd-f9f30f4542c2,2024-01-31,confirmed,81.54,credit_card,US,6c91bddd-70e5-4708-b661-a584a8825398
2d62c49d-733b-47d9-9c0b-80bd3d11e338,47bfbf74-2f6e-421a-a568-ce6f26ec5eb3,2023-12-28,delivered,795.7,credit_card,UK,
91cadd61-b65c-423d-ad0c-12bb94c70b30,85c7bb1a-0faf-4ade-a502-ea4d2050b799,2024-04-10,delivered,2441.85,debit_card,US,
acf18476-cf48-4a84-9c8e-7e36529596d1,1515a6e2-869c-42a0-88fd-f72eab5da3ac,2023-08-30,confirmed,2200.41,gift_card,US,
6b95daa5-858e-4178-a992-27b8dbc31294,d7f1fbce-34f6-431a-831b-0932ad165ed3,2024-04-27,delivered,5295.96,credit_card,Canada,
1698ea98-d04f-4617-901d-20f55d195d84,36bef2b1-ff0c-486a-a9b7-ca4dbf0cd690,2023-08-10,delivered,2266.22,debit_card,US,
eab3427e-7b24-4e10-979a-5f835880f101,b9cfc4e5-f0ea-4f7e-a69a-528912d7b2ba,2023-11-28,fulfilling,1150.96,credit_card,Australia,
b96c492d-0a86-4c38-ad24-d77568662915,e2d942f4-5cac-4c86-bb6a-0a0a96a4e40a,2023-11-03,in_transit,991.88,paypal,US,
22ecec35-c83d-44c6-b8e8-adfb7655192a,a8c06da8-978c-43e5-8616-3f2585fe567e,2023-03-30,delivered,11.35,credit_card,US,
480f19a4-7cfe-4934-ac86-192144893cde,0b6c39e0-8c4c-4f66-8806-8c90db05fa5e,2023-10-09,in_transit,224.57,gift_card,US,00052444-386c-48dd-a034-627dfcd498f8
a096f08c-2b9f-4fa4-82bb-bab837c389b8,aa7f3132-6181-444a-9839-b501d2f13a1a,2024-04-15,returned,1256.66,paypal,US,
91065b86-d9ec-4efe-b098-e9fb20e3b5ec,859c4e8d-c729-4301-9f87-d393a6120d66,2023-09-01,delivered,173.35,credit_card,US,
7e407817-fb10-4b74-a860-4453454e02c3,71017aa3-5bff-4f34-b600-4c35aaad3880,2024-04-09,delivered,3109.88,credit_card,US,
9c4c45c8-6c98-404f-b8f1-d9f8a0956e69,b6b870c5-93f3-40a8-977e-8e3fb792db51,2024-02-17,returned,1438.23,apple_pay,UK,
0138ce3f-5eab-4a7e-b0e8-619f3a538a9f,ef7ffc4f-13aa-4843-8838-38e09805bd8a,2023-11-22,delivered,1594.76,apple_pay,US,88f57a58-fd83-4e0e-8855-f69680be18f5
72309904-7c77-4f8b-82ee-33b24fb02c9d,4a9c434c-9c1f-4472-b2fd-dff6594bbc7a,2023-11-28,delivered,930.93,credit_card,US,
ee112802-bf29-482b-9f06-8bd90c5f0525,e21d4513-ab2a-4ac7-9860-381724efa4a7,2023-05-22,delivered,1278.59,debit_card,US,
fc86a3a9-bcb8-4004-9741-12a122a5afc1,84d97571-f54f-4ddf-a4c9-8f29a73324a6,2024-04-15,delivered,129.24,credit_card,Germany,
0594c2e0-4ed3-41d4-beea-7066b545920d,4e7a02f5-f62d-401f-b528-5d0af80d68c0,2023-07-27,delivered,80.08,credit_card,US,
3b9b673f-cd35-4bd0-a88e-ce643b2f8636,d8b3cec9-cf3c-4972-b5a8-44c3c117eb94,2023-10-12,delivered,105.87,credit_card,UK,
01d9e1ac-72d3-464c-a899-41e12100e10a,7fef3a73-5e10-4464-abc9-3aa76ef570e3,2024-04-02,delivered,1105.61,debit_card,US,
8a3f4a00-8673-4105-a3b6-281442e28158,9242a58a-abf2-4882-a2bd-51ca976582ab,2024-01-20,delivered,155.97,credit_card,US,
a75f1487-cae9-4f00-9890-72b0dcb9648a,502bcef1-e8d7-43c4-89eb-25fa42bc86e4,2024-02-14,in_transit,236.21,apple_pay,Australia,
679d5456-fac8-485e-a733-dd94e524492f,b3a5b702-4adb-40e1-9a96-7e9b869cc524,2024-03-16,returned,610.16,apple_pay,UK,
794f721a-7464-402e-8da9-e429683c254d,8be97fa7-fb9e-4b61-9d8c-3e4064da8b1c,2023-12-05,delivered,828.65,credit_card,Canada,
796351e6-acf7-47ac-8da6-da9210000544,240a248d-2118-4612-ab28-d84644a10b0a,2023-02-02,delivered,1218.61,credit_card,US,
38b46cf9-40ea-41f0-a7db-87d321bcf8d7,4be39f5b-f970-406e-a161-72a345f5c305,2024-04-02,delivered,118.72,credit_card,US,
44bcefb1-ddc9-4402-b54f-a91654c57504,ab91aa49-0cea-4a94-ab8a-4575d276b363,2024-03-30,delivered,115.07,paypal,US,d75c54d6-c133-41dc-ac8a-c1752c45bb0b
e3000188-603c-409d-aa45-6b9785f0c1de,079ce70c-3cb6-4521-8809-2faff8701e47,2023-07-02,confirmed,393.98,paypal,Australia,
4206f6b8-da01-41e4-88a9-beda1ed01b05,85e6ac54-dfd6-4c62-9415-4e1d1c3dc1bd,2023-08-23,delivered,496.53,credit_card,US,
bcf94391-97c6-44d1-be98-d2ff9c66106b,2bf39097-0bf2-4fc3-b2f3-818bf1a031ad,2023-02-04,delivered,1408.74,gift_card,UK,
7618533d-14e7-42f3-8cf8-1be9ff87fdfa,dd77825f-675d-4b91-add1-e194ae040280,2023-07-02,delivered,633.02,debit_card,US,59002d28-d21b-46ec-9242-0a9af1421105
df715744-3afe-444f-84eb-a02bb54a6115,038c10ae-ddb1-4e4a-9a31-cd9e4f81c9bd,2024-01-13,delivered,579.2,debit_card,Canada,
3c85136a-b8a3-4003-8252-746bf7ea9e87,8be97fa7-fb9e-4b61-9d8c-3e4064da8b1c,2023-05-29,delivered,2367.73,apple_pay,Canada,
0a855248-7e39-4c7c-be61-037f8d2a6692,489ea9ac-f64a-4f17-84e1-a2efcdefd755,2024-04-11,confirmed,4730.62,credit_card,Canada,
9a1835f8-22c1-4f93-a323-5e5cfbcb384c,68cfd71d-256e-4e25-8b2b-fbd7048f0c99,2023-07-10,delivered,1798.34,paypal,US,c02e7533-8a51-4d43-ae76-15692046f814
74a00e6f-1446-4206-b2fe-471c3d68d312,b2c5d6ab-d24d-4f8c-b1df-21249f6fe4c5,2023-04-18,delivered,904.93,paypal,US,
f7eb4114-8a0a-4b48-b26f-3cac50be2b7e,d3e92971-ee66-4bd6-a53e-c64d8843b9af,2024-02-10,delivered,1321.09,credit_card,Australia,
935eb4b0-926b-4ed9-8930-952dffac5cd0,1b458081-106e-4baf-a7bb-ad8eaf58ae65,2023-02-04,confirmed,932.66,apple_pay,US,
e87954ef-457e-469e-baa1-fca5fea8ff0e,73ef568a-1ec5-4e89-ada1-5a27afbf7e1b,2023-12-04,in_transit,82.86,debit_card,UK,
c6cd9752-ee20-4ab5-831c-a50e3b4691a1,825beef6-e9ca-4194-bc17-e91c96470e0c,2023-10-26,delivered,1977.02,credit_card,Canada,
57a0050d-3d16-467f-947f-034265bfa7f8,7167c83a-16a1-4b18-b2a2-7cace54172c0,2024-03-28,backordered,86.63,credit_card,Germany,21c461da-53ea-4fa3-9d86-6540660eabca
fa17e9b9-99ef-404e-ba3a-5398ae9246f4,825beef6-e9ca-4194-bc17-e91c96470e0c,2023-11-08,delivered,6416.99,paypal,Canada,
1f48e3b2-9bdc-4753-a964-13be62af177d,4e7a02f5-f62d-401f-b528-5d0af80d68c0,2023-10-28,in_transit,715.85,credit_card,US,
7fb8ce22-f768-43d0-b9b5-adfeb46da263,761c858e-765f-411f-8547-47271f16f38c,2024-03-03,backordered,1849.98,credit_card,US,
54f02f58-efb8-4637-a459-0f29e502d5a2,6ccabf87-5a51-4576-827e-32dee774ae4a,2023-02-11,delivered,338.26,credit_card,Canada,
e06da89f-5ee9-4dd1-b3fe-fc99d6878930,61cdccf9-1c42-4759-92a2-8b7af567043c,2024-03-10,delivered,78.79,credit_card,Australia,
f4040b9c-486a-442b-9cfe-a2f89fe553d7,48363c09-6497-4ba0-bcf4-09e8bb453631,2023-02-12,delivered,464.49,credit_card,UK,
dbfd37e7-1bf3-41ad-a194-de1aac7eb486,4e7a02f5-f62d-401f-b528-5d0af80d68c0,2024-03-12,delivered,1130.49,credit_card,US,
b9159c25-f2d0-43e2-87df-0ac7884d5f81,b2c5d6ab-d24d-4f8c-b1df-21249f6fe4c5,2024-02-26,delivered,4365.49,apple_pay,US,34105244-8c1a-4331-8421-efe5e785ab9a
4ff414e7-4152-4e59-9020-ebb17824c7fe,cc92017a-3a4f-4643-8094-93c9b56d25e0,2024-04-29,canceled,500.16,debit_card,UK,4a006bc4-5fdd-4955-9e9e-3a163cf13b87
279a551a-ba62-4df6-98a7-c7abcf93795f,e5a0ba19-6693-4036-b995-b3b2a41a678a,2023-11-07,fulfilling,108.76,credit_card,UK,
046ee8a9-a974-45a3-a4e4-13c6230e636b,b9cfc4e5-f0ea-4f7e-a69a-528912d7b2ba,2023-12-02,confirmed,2176.16,apple_pay,Australia,
a231cfef-ab60-4d0f-8c73-a4fa3234b6e2,161b62da-8b33-462e-b798-fae6e08e72d9,2023-10-01,delivered,2977.8,credit_card,US,
cbb2cdae-0b9e-43d0-a6af-c14b59382f1e,5c796213-d509-4978-bb03-5a28a2cf0d59,2024-02-09,delivered,1626.64,credit_card,US,
1a7df1bd-61f4-437f-8384-ed2dc20a5482,cdc822c5-597d-483a-881d-318c9565674f,2024-04-23,fulfilling,5475.5,debit_card,US,b7c9faba-5ec4-4b76-9256-a1c7f77a13c0
263970ee-041c-4f6f-bd9f-f82acd7305a3,d06fee96-ed97-4343-bb47-f7dfcf9d403f,2023-03-10,delivered,18.75,credit_card,Australia,
92e2a8af-f149-4f03-9354-56acd252ec7d,9b954335-f41c-473d-b707-8bbb94f32d13,2023-05-06,fulfilling,2218.95,paypal,US,
ed9e828d-ac01-44a8-b773-14c38f243e8e,b9cfc4e5-f0ea-4f7e-a69a-528912d7b2ba,2024-02-02,canceled,2078.92,credit_card,Australia,
d8abb9a3-6919-4a16-8c04-7353f4de5cdf,4be39f5b-f970-406e-a161-72a345f5c305,2024-04-19,delivered,624.42,credit_card,US,
46a5b38d-6ac3-40cf-a8a5-e16ae49c539c,22952b7a-1e1a-4388-bbad-d376e9778071,2024-03-18,delivered,539.89,credit_card,US,
eabf05f9-f3a7-4fe4-9c88-b637a7fa7183,7e78b0e9-6156-4594-a32d-34b1b51c4c0f,2023-12-23,delivered,88.14,credit_card,US,
a27801ee-e598-40ea-87a6-64f2824b76cd,a31282e2-6869-4880-947f-744e5160dc76,2024-02-18,delivered,141.53,debit_card,US,
786b4703-265f-4ce6-8183-fce984d5bd2c,4abd67b0-664a-4049-9ddd-f9f30f4542c2,2024-04-11,delivered,2520.3,credit_card,US,
41a08c34-8893-4d1e-aeb8-6a8f9d2122e4,edca91f4-a5df-44e1-83f2-4936c087d640,2023-03-02,delivered,683.93,apple_pay,US,
91550ae5-3032-46b7-9950-58af0779ef5a,1e475fd2-d99b-479e-bffb-44352b2a5211,2024-02-28,canceled,1054.41,credit_card,US,e089aef9-a775-4922-a59f-bc471100e170
488a62fc-ed82-422e-8e35-33605bceb226,382f413a-d565-4dd5-a44f-2b2ecb44e83a,2024-02-28,in_transit,768.78,credit_card,US,
94dd5857-f0b8-47eb-9691-fbe5e044f0d8,78807e0c-0188-49f0-a6ae-0eb2249e1eb4,2023-07-14,delivered,4005.38,credit_card,Canada,
2b605cf1-a967-420a-b121-a3240b6ede8a,30648955-59ca-43a5-9907-db5e9962fd8b,2024-02-21,pending,835.62,credit_card,US,
c5192345-4af1-4b73-81b8-0c1da4ec0aa3,adbed855-78db-4802-bd62-5513466609a1,2023-08-01,fulfilling,378.8,credit_card,US,
69a7a700-811c-438f-a48d-0a65975faacf,96b199e3-4632-416b-a5fa-82b63967b1f4,2024-04-30,delivered,89.03,debit_card,Australia,
9ac6bafd-b5ae-4cd0-8beb-9af12d22b057,3b7c1395-72e2-40ac-b012-be50cd824a0d,2024-04-02,returned,301.18,credit_card,US,0cf73433-6674-49e1-81e5-4b4136dc799f
bc53422b-d213-46f8-837a-53b861b6d774,162cf92f-8972-44a9-949b-da75c8847a9a,2024-03-21,delivered,817.32,paypal,US,
cd56d304-372c-470e-89fc-db7c8e678978,75da07d1-138a-4489-a4fd-b4f9b8d68e79,2023-03-11,fulfilling,3688.7,debit_card,US,
a1fa1221-e352-4697-be5d-6db1192a385b,8063656d-d7ae-494a-9672-10569d0e80c5,2024-01-15,delivered,1492.78,debit_card,US,
0f3adebc-dc93-45c7-a49f-dcea4a94b573,162cf92f-8972-44a9-949b-da75c8847a9a,2024-02-28,delivered,1410.72,paypal,US,
307b33af-fe75-42d1-9eff-3380445052ce,b9cfc4e5-f0ea-4f7e-a69a-528912d7b2ba,2024-03-06,delivered,1502.03,debit_card,Australia,
6019357c-6084-4d18-bd4a-c48dfdfe5985,502bcef1-e8d7-43c4-89eb-25fa42bc86e4,2024-04-05,fulfilling,194.29,credit_card,Australia,
b54c2913-757d-42be-948b-d90463ce5f32,1b2e9092-8666-47e5-b883-83f20d3dba6e,2023-05-02,delivered,1286.37,debit_card,Germany,
992c3a4d-8dfd-4890-9660-a7a553c987c3,162cf92f-8972-44a9-949b-da75c8847a9a,2023-12-24,delivered,219.73,credit_card,US,
d37743f7-2c91-4cc8-befd-50b161a4670c,6f94c06b-dbed-4ffc-a981-5b5934ad13fe,2024-04-19,delivered,760.03,credit_card,Germany,4a614e3d-8310-4185-a993-f9bc78cb9401
13828f24-da2a-4891-b53e-6842861330b3,cc92017a-3a4f-4643-8094-93c9b56d25e0,2023-08-20,delivered,624.69,credit_card,UK,
c947652c-7492-4ed5-a3fe-771d963ee78d,27b818ea-629b-4095-b504-4a15a922db39,2024-04-13,fulfilling,1480.42,credit_card,US,
f1d43eaa-a775-4a69-a735-d4a90bc0a408,162cf92f-8972-44a9-949b-da75c8847a9a,2024-01-18,confirmed,262.99,apple_pay,US,364dde8b-d6d4-4948-b4aa-b573d9215003
a97c22e1-8632-46bf-8113-4b56b520ec81,68cd38b1-2976-432b-9782-71e81b37ed97,2024-04-04,pending,321.96,debit_card,US,b0083f87-fc2d-47ed-a7fd-db65af1ed873
71f24d6f-2d92-4a34-b8c4-3e1a664c326b,bc3da3e2-e0f6-450a-8ed7-38c82f3499a8,2023-02-08,delivered,3133.85,credit_card,Australia,
ef8d06eb-5a90-407a-82c0-f15a68fbd2c4,afc1c824-f5b1-4847-9219-cdf9aba4361a,2024-01-21,delivered,192.12,paypal,US,9f0f3d7a-5aa8-4e43-b137-bc5687f6ef39
7741f65e-71cc-406f-902c-2d0c113d7227,708116b3-ac42-4904-9b90-1ad176935278,2023-08-30,delivered,1378.89,credit_card,US,
aa9bfc2a-56ab-436c-8bc7-fad6291b6efe,2f57afbb-0ed4-4b76-bce5-ee7979a2345f,2023-11-04,delivered,2200.52,debit_card,UK,
6eee5ad1-f073-40e6-b891-e30896facdf3,825beef6-e9ca-4194-bc17-e91c96470e0c,2023-09-10,delivered,377.26,credit_card,Canada,
1aac767e-9214-4ce4-a967-b5707a9275f2,edca91f4-a5df-44e1-83f2-4936c087d640,2024-04-13,delivered,572.15,credit_card,US,
77d26504-889f-494a-9683-62662fcd8567,4cea07b2-694c-43b7-9d94-7dfa2f7c3f8c,2024-04-21,delivered,1962.75,credit_card,US,
21c3ce59-4cbc-46f7-8ad5-840fe9b179af,b3a5b702-4adb-40e1-9a96-7e9b869cc524,2023-12-27,delivered,78.27,credit_card,UK,
b316d2d2-fef6-459b-bcd3-8d067b5dd13c,b419fa78-2d3b-44b3-9be3-f5b469f13341,2023-02-18,delivered,134.85,credit_card,Canada,
2f1b884c-673f-4846-965d-cb5c7c1b5bc1,ad473f54-cfaa-4b35-99f5-532d72592f7a,2023-12-13,delivered,2655.51,debit_card,US,
6b7b7e65-9d31-4f5a-b0b2-a7fed0123c1e,d7f1fbce-34f6-431a-831b-0932ad165ed3,2024-04-16,delivered,65.83,credit_card,Canada,26ee2917-3002-4d0d-bcfa-ee0d2496b52f
d56aa2a6-29ce-425f-a132-949881c84aa6,9fb06801-51fb-4c99-93a3-aab00f852911,2024-04-22,confirmed,4035.45,credit_card,US,
993c4972-cf70-43cd-ad70-6f3156a7171a,a3297b8f-90e1-454b-954a-78b5ac4b0a16,2023-05-21,delivered,1584.55,paypal,UK,
a538ebee-e102-41b8-966d-99c8cb60fdac,b2c5d6ab-d24d-4f8c-b1df-21249f6fe4c5,2023-10-05,pending,8.38,paypal,US,53929d63-6712-4a31-85c3-807f22f068f4
5bf2c451-e9b2-424c-abe0-458e25f1cc46,71017aa3-5bff-4f34-b600-4c35aaad3880,2024-01-12,returned,324.93,credit_card,US,
2f4af09e-17bd-463b-9f37-169386cf64e0,4e7a02f5-f62d-401f-b528-5d0af80d68c0,2024-01-27,returned,2323.97,credit_card,US,
35842c2a-2d4d-4f17-a654-1d20eba5754f,80827f1f-7cea-41dc-9905-c25587477934,2023-02-14,delivered,929.87,debit_card,US,
b94fb235-93b5-4ff3-9d90-b3dc45288595,5eb68511-bbcd-4dfe-8cd3-202ac370c091,2023-11-24,delivered,1027.5,credit_card,US,
7277857c-5da5-4af1-b8f2-d8ba5baff904,1e475fd2-d99b-479e-bffb-44352b2a5211,2024-01-25,delivered,222.38,credit_card,US,4a006bc4-5fdd-4955-9e9e-3a163cf13b87
0848d17a-ac46-49ff-b44e-1d3088108bec,1e475fd2-d99b-479e-bffb-44352b2a5211,2024-03-31,delivered,1023.26,credit_card,US,
d7e2ccf6-e34f-4aec-89e4-4d4f23978540,3ea9c15e-8d0d-4449-945d-aa1445af5ada,2024-04-19,delivered,3146.27,credit_card,US,
0465458b-d768-4b6d-9fe8-20a7e10b8f60,708116b3-ac42-4904-9b90-1ad176935278,2023-10-11,in_transit,35.22,credit_card,US,
e7fdb7a5-3808-47ca-9a8c-6e020b4a0514,78807e0c-0188-49f0-a6ae-0eb2249e1eb4,2023-04-26,delivered,77.32,debit_card,Canada,
c9bd7b93-044c-4c97-8f52-d555a47f9f20,d7714b3f-527e-44f9-9672-5c13db415ab5,2024-04-29,pending,1175.02,credit_card,US,
935993cd-4411-4d9d-99aa-778059175a27,e21d4513-ab2a-4ac7-9860-381724efa4a7,2023-10-31,delivered,1363.12,credit_card,US,54403d62-6ec8-4cf5-a05b-cfe04ad8a9fb
ad99c11b-2dcb-43fb-b621-54c40c7ee864,a3297b8f-90e1-454b-954a-78b5ac4b0a16,2023-12-14,returned,260.01,credit_card,UK,
0672de0b-a66a-4d6c-9e1d-195a35c85ca9,d06fee96-ed97-4343-bb47-f7dfcf9d403f,2023-12-10,delivered,525.07,credit_card,Australia,
1f351470-2008-4234-bdff-5421ba9e0ba3,161b62da-8b33-462e-b798-fae6e08e72d9,2024-03-28,in_transit,1569.07,paypal,US,
fedbc44d-3d66-463d-87d9-f4effde1cd07,695c1b68-061f-4604-a6f3-eb9f666d96f2,2023-09-11,delivered,2994.28,debit_card,US,
c1e8b998-5107-47df-91b0-6429db1b2d98,761c858e-765f-411f-8547-47271f16f38c,2023-06-16,delivered,2818.12,debit_card,US,
7e22bcbe-5d52-4706-8dbf-1546d0beff13,4d693500-67bf-42ec-b08f-0d3484e9b312,2024-04-18,delivered,262.64,credit_card,US,
9a7ca2c3-5a01-43ce-8cdf-68529712a582,aa5ef4d3-e35d-461c-b42f-4727402022c5,2024-01-17,confirmed,1716.31,credit_card,US,
3069b559-eeff-407e-a45f-a7346c1ed8e9,80de749e-464b-4ec8-b46f-84094aae4f02,2023-01-30,delivered,262.76,gift_card,UK,ee8ee449-ba47-47ec-b3dd-840dab009af9
0a7bffc9-71d6-49ee-948d-253100dc6cfb,71017aa3-5bff-4f34-b600-4c35aaad3880,2024-03-20,delivered,695.42,credit_card,US,
9009ad7a-7c34-4708-9fcb-fcac8e4b7c82,ad473f54-cfaa-4b35-99f5-532d72592f7a,2023-05-26,delivered,1762.02,debit_card,US,
b47b634c-a8b9-4ac5-a39b-407d94e67a58,67f3f05c-cc51-45f6-8ada-875921215777,2024-03-06,delivered,1884.96,debit_card,US,
0f6c276d-8605-416d-afbd-a95565f7d4f1,3b39183f-6498-4b72-bae5-48e43d950d2d,2023-10-26,returned,279.71,debit_card,US,
e8a1bf1f-c600-4d94-aed8-0e974ffd1a36,fe45a33b-e2ed-4c80-a918-01691ab02b37,2023-12-25,delivered,1771.44,paypal,UK,
b93f1963-0f6a-4fc3-a587-bdf0415faa4b,6eb3320b-6e5e-4682-a262-c7071172cd40,2023-11-18,delivered,539.61,paypal,US,
3dba0a07-2b46-41bf-933c-e19c6445ecad,71017aa3-5bff-4f34-b600-4c35aaad3880,2023-12-21,delivered,1630.81,credit_card,US,
d18604e1-6e61-430b-bab7-d55d1773dbb8,761c858e-765f-411f-8547-47271f16f38c,2023-05-04,delivered,6339.64,paypal,US,
de3aad18-3675-486c-a743-936690d465dc,a0228460-77e8-4edc-b97f-14dab3d9bed1,2024-03-30,in_transit,1796.08,credit_card,UK,
a4bcd05b-50c9-4984-9922-6f4ff382f3c1,5dce77fd-cd3b-4283-a010-79dcf1969d1d,2023-11-01,confirmed,458.86,apple_pay,UK,
01f383a4-a46e-4144-957e-203ab9db2c34,638041a1-108b-4baa-a70c-c9acf6ef9553,2023-08-29,delivered,283.1,paypal,UK,
8e110030-1ee1-4c9c-97a8-d28431bbbdfe,dd0cb009-6b28-4f48-a54b-074149d3ac86,2024-01-29,delivered,615.7,credit_card,US,2d7920f3-c224-4090-ac7e-3524467c5dff
fd23edde-9648-43d6-8a06-f95b76e4fa42,4f2832ed-222b-42a0-a94a-1de8f8e78ff1,2023-11-27,delivered,1118.92,credit_card,US,
5fdacde3-82e8-43ce-adae-e15306705270,85e6ac54-dfd6-4c62-9415-4e1d1c3dc1bd,2023-05-11,delivered,63.97,credit_card,US,
123320a9-6825-4eda-898a-b4f433c14643,80de749e-464b-4ec8-b46f-84094aae4f02,2024-02-02,delivered,314.23,credit_card,UK,
b56ea4cf-3cbb-48b4-982e-55b0fc3ef89c,0bd10542-c2d9-4b58-939d-834d3088284b,2024-01-04,delivered,7918.49,credit_card,Australia,
451ce0d2-d314-46b5-b62a-eb7f919c87c0,e5a0ba19-6693-4036-b995-b3b2a41a678a,2024-03-30,delivered,251.01,credit_card,UK,
17d60190-f909-4e56-a102-aad9e483bf0c,26c02a9c-d5e3-40d0-a883-3aecca6de4e6,2024-01-07,fulfilling,270.59,debit_card,US,
c336f6b6-0fd6-4ac1-a6fa-2981850adbce,36bef2b1-ff0c-486a-a9b7-ca4dbf0cd690,2023-08-27,delivered,4354.07,credit_card,US,
71bb7c4d-1c2a-468a-a995-36b4cd4c398b,761c858e-765f-411f-8547-47271f16f38c,2023-11-07,backordered,7141.47,credit_card,US,
2eb5a071-0006-4d2c-9ad4-17ff2fd763ce,68cfd71d-256e-4e25-8b2b-fbd7048f0c99,2023-03-10,delivered,1143.84,debit_card,US,
5a63f8e8-796b-4be1-8c7e-2ca5ed8c8353,fe45a33b-e2ed-4c80-a918-01691ab02b37,2023-10-22,delivered,820.41,debit_card,UK,
a9064eee-8a2f-40da-9975-56cc9329d975,7d700a14-24f8-4255-987d-a7ef2091eff5,2024-03-06,delivered,81.59,credit_card,US,
f0bbec15-462e-4102-83fa-e72bc2038ebf,bc2db1aa-ad75-4c24-88a7-d62f2eb33f47,2023-11-05,in_transit,1106.41,credit_card,UK,
b28225ea-2bc3-48f3-b9ad-8f60ac01c1d4,bc3da3e2-e0f6-450a-8ed7-38c82f3499a8,2023-08-07,delivered,3040.41,debit_card,Australia,
5c8f35f5-46c2-4fdd-b704-c41602c4cc10,d8b3cec9-cf3c-4972-b5a8-44c3c117eb94,2023-06-16,delivered,1511.75,paypal,UK,b1f2ce57-e4ba-4a9b-80fd-db431334584f
608a4627-dd26-4f43-a951-2c151181973b,e4cf282b-3504-43d6-80cd-6737c7f9fb98,2023-09-25,canceled,89.66,credit_card,US,
b1d313e8-755c-4054-a91e-f14d4610b0b7,8b7b601d-b740-499e-864c-b9d1056ed861,2023-10-27,returned,5642.38,debit_card,US,
e62f14e4-4e59-4155-a00d-f8febeed3601,a3297b8f-90e1-454b-954a-78b5ac4b0a16,2023-04-10,delivered,9354.25,paypal,UK,
2580df66-2745-4c87-a556-59ca70a29805,e21d4513-ab2a-4ac7-9860-381724efa4a7,2023-12-07,delivered,854.52,paypal,US,
304785de-48ee-4119-99ed-8fefb55439b6,96b199e3-4632-416b-a5fa-82b63967b1f4,2024-02-15,confirmed,3890.29,credit_card,Australia,
b487f0b7-d0a1-4f8a-bbd6-c9985680cb48,4be39f5b-f970-406e-a161-72a345f5c305,2023-08-03,delivered,256.91,credit_card,US,
99ccccf1-0d7c-40e1-a9bc-dacb7a1954fa,e57613d5-5b45-4d1f-b14e-e5711652bf80,2023-12-01,delivered,386.75,apple_pay,US,8e5ae617-04f9-4a5b-bbfb-7cfb7f6ad96e
0390d8b3-a7c0-4096-ad47-519f814d5e6c,d6362348-f33c-4b25-9c4e-d965696b6fed,2023-06-10,delivered,8019.41,credit_card,US,
d56c56af-4420-4c80-ad08-f263b2966fcd,0d9a98e9-9084-47f3-ae6f-39c40005dcb9,2023-07-28,delivered,948.54,credit_card,US,
ca8c1d72-e32f-4046-a540-e597add3d340,984b0359-06a3-4f31-98bb-cff581882bf6,2023-10-11,delivered,2534.84,debit_card,Canada,
9c5d0ac4-3f20-4afb-80c3-e310f1c83175,af03e8b7-cd17-4f7a-a310-60016aff557a,2023-11-23,confirmed,690.71,gift_card,US,
6449dce0-967c-4dc7-8d5c-6c0b5d3ecd8c,db2449f9-5204-43e2-9e34-1440718ab905,2023-10-17,pending,2202.9,credit_card,Australia,
46703082-d8a6-4789-892a-111a16b789d4,162cf92f-8972-44a9-949b-da75c8847a9a,2024-02-04,in_transit,4210.07,paypal,US,
bea51f99-229c-4110-bdc9-77f9812091c5,f147eecb-7dcd-4057-b179-18303e3eff97,2023-11-01,in_transit,975.58,debit_card,Germany,
706560e3-2279-4c8d-a682-d0240bf903d0,021e107a-baf0-4313-997d-235c49a10b59,2024-03-19,pending,1080.11,debit_card,US,f5414f86-1151-4a4f-ac3d-95d1e798e451
0105a463-41ae-41e0-8ba6-67bebb91e0b3,4d693500-67bf-42ec-b08f-0d3484e9b312,2024-01-19,returned,58.68,credit_card,US,
80c8f773-1575-4c83-84ef-e62cfceb72d8,e2d942f4-5cac-4c86-bb6a-0a0a96a4e40a,2024-01-25,delivered,1171.51,credit_card,US,
7dedb6c0-89d6-440b-8c63-8448f000e064,9668ef01-8ca7-4718-940f-b56d3cee784b,2024-03-07,delivered,459.76,credit_card,US,2d00860c-75e8-489b-9641-804788361dfc
e4ca1b55-cda7-48ac-97a6-1c1cd0f185ef,9618f2ef-4b97-4f0a-a0c5-442d67239fca,2023-11-01,delivered,729.61,debit_card,US,
3d746e07-5afd-4ca4-abbe-6da2ef4cfee5,68cfd71d-256e-4e25-8b2b-fbd7048f0c99,2024-01-10,delivered,422.05,credit_card,US,
e84d0c81-d453-476d-8e15-3ae6680aec22,b2c5d6ab-d24d-4f8c-b1df-21249f6fe4c5,2023-05-05,fulfilling,1152.07,apple_pay,US,2cc22a4a-eb53-4ffc-9079-fb349e2d0e28
be1d7774-075f-4cb2-bebb-60c2e0421311,3c2dd53c-65ba-4ffc-96b3-f135cb4db599,2023-02-24,in_transit,532.94,credit_card,Germany,
79b1f33f-b8ee-48dd-9685-a1135af5ac26,30926c6e-1e8a-448a-9b83-a7e03b17779d,2024-04-30,delivered,20.08,credit_card,US,
f35c7e7b-585a-4e8e-b1f4-fa1e0532cad8,708116b3-ac42-4904-9b90-1ad176935278,2024-04-15,delivered,121.02,gift_card,US,
e02abdfc-0299-41ca-9120-072d4218b58a,0811221f-041e-4b6e-b5f8-9df05f0be232,2024-04-06,pending,226.17,credit_card,US,
3a90c406-37af-495c-9881-034f79b86f38,efec099a-28f2-406d-af40-cd258fc066dd,2024-04-06,delivered,2580.58,credit_card,US,
29c4378f-3a15-41ff-a63d-f43a54943cc3,4be39f5b-f970-406e-a161-72a345f5c305,2023-11-18,delivered,415.92,paypal,US,
1fdb110d-d78b-4c67-9ca7-91528f14a176,1b458081-106e-4baf-a7bb-ad8eaf58ae65,2023-04-07,in_transit,2484.09,debit_card,US,
aad0285b-e19d-48b6-9ea3-b2d9f8cb0960,2f57afbb-0ed4-4b76-bce5-ee7979a2345f,2023-08-08,in_transit,4042.53,credit_card,UK,
7f15284e-8b6b-4f02-bb5a-69ba537f4aeb,903644c9-5fe4-494a-a1f3-872a5dc6ab57,2024-01-24,delivered,1019.22,credit_card,US,
e682125b-fbaa-491b-bb24-0f67a498dd94,070a1c87-7d12-48ff-977d-ca032c246d92,2023-07-04,delivered,2052.53,paypal,Australia,
18096b7a-0b68-4ed2-a9d2-254f7668e78f,6d4a8ed5-c024-43b3-9e00-fd6b708559cb,2024-02-15,delivered,2084.68,debit_card,Canada,1f071716-4b66-4fff-ac83-71f4e91f0e7f
734b2ded-30fb-49a9-9e83-e8c2c79787f6,7bfa903e-07ef-4ed6-be7b-d3b47f871530,2023-06-24,delivered,51.71,debit_card,US,
6846cde9-fb77-4c6a-9fc7-005b34bb3972,fc7bc133-f81c-4e2d-8460-5dd8ac802206,2023-08-16,fulfilling,1208.11,paypal,UK,
59f136b5-fd1e-4cef-b111-db6ed2b491b2,6a18ab29-0e69-49de-aa20-93f3de10bd9a,2023-09-16,canceled,565.46,gift_card,UK,
14d90df2-e106-47d2-b2aa-2e379bc6e154,954d4ad2-815c-4d1f-aef5-c7faf4df0dc6,2024-03-21,disputed,345.64,credit_card,Germany,
e9fd22b0-a5b5-40d4-9934-3c46489cf401,694ca800-2a62-442d-81c1-8d9917dfe1a5,2024-03-28,in_transit,291.74,credit_card,US,
c94b5860-7fe8-4dc8-98b6-3c80fa1de6cd,7bfa903e-07ef-4ed6-be7b-d3b47f871530,2023-12-27,delivered,1443.13,debit_card,US,
e7bb7585-d35b-420e-93e5-809c1b0ca8e3,984b0359-06a3-4f31-98bb-cff581882bf6,2023-11-13,returned,205.98,debit_card,Canada,
34bf65b9-64f3-472d-9a5e-193598b476a0,83df18bc-1886-4c14-9fe4-2f244862d133,2024-03-16,fulfilling,6382.52,credit_card,UK,
2b37a4b5-d0fa-4f7b-847f-98f708f91a3c,0852b289-200a-42bf-9cae-36bdcb47b281,2024-01-27,delivered,42.47,credit_card,UK,
77d15488-fd66-4280-b6fb-81f1ef19bb78,a7349849-7da9-4848-a6f5-1b84e7e32f58,2024-03-05,delivered,3699.98,debit_card,UK,
6b2fa69e-38a1-448c-a773-09e7c8ed2a0f,e4cf282b-3504-43d6-80cd-6737c7f9fb98,2023-07-09,delivered,208.34,credit_card,US,
79d99bde-1b93-469b-8c13-49cdc0eefcb4,83df18bc-1886-4c14-9fe4-2f244862d133,2024-04-27,returned,322.53,debit_card,UK,
adceb1cc-de63-4a78-8aa5-6d95329459b6,fc7bc133-f81c-4e2d-8460-5dd8ac802206,2023-02-12,in_transit,1118.1,credit_card,UK,
6da8eee6-f368-4e9a-9c82-1828e414e6f6,d7f1fbce-34f6-431a-831b-0932ad165ed3,2023-12-15,disputed,96.0,debit_card,Canada,
5b66625d-b694-4502-b31a-0cf3ae1ab590,f461704f-ef38-4400-9a3f-f51539f5598a,2024-01-21,fulfilling,99.28,credit_card,UK,
a0ba390c-913b-4d5c-9bd5-5ec162ec18f5,c9a4a1eb-26e0-4f0d-9ad1-85db0fdda6d2,2023-11-25,confirmed,441.03,credit_card,US,
933b6ef2-6156-4d14-9b98-245fb7102f6a,e5a0ba19-6693-4036-b995-b3b2a41a678a,2024-04-10,delivered,40.32,credit_card,UK,
dab41d28-af55-4e38-87a9-096a1285278d,2707bcd3-11cb-40de-9392-18ac5008f35e,2023-11-22,delivered,805.8,apple_pay,US,
ff1b95da-feb1-48c5-932a-0ecfaa323469,68b6af5f-82ce-4006-b828-bd584ddcca8e,2023-08-29,delivered,146.29,credit_card,US,
2b151821-9dcc-4c19-8ff0-a6dd80ed2f62,b3a5b702-4adb-40e1-9a96-7e9b869cc524,2024-04-24,delivered,4099.18,gift_card,UK,
ac93f2ee-b156-4b96-997d-d7e32c5d54b2,d7f1fbce-34f6-431a-831b-0932ad165ed3,2024-01-06,returned,684.32,credit_card,Canada,552e977a-7d0a-4214-9d45-2425f2243e80
ede029f3-6474-4359-81b0-72a92c7931f6,761c858e-765f-411f-8547-47271f16f38c,2023-06-04,delivered,156.29,credit_card,US,
8ed54d32-d371-490b-8486-c60f3f72c279,e9fa39b5-7e54-45f9-9766-fd33eb31f8c7,2024-04-30,delivered,104.3,credit_card,US,
0df68eba-7309-4333-a8ed-33257787aef8,a33464d8-dd73-4c9f-acb8-c9edac2d6dc2,2023-12-12,delivered,598.94,credit_card,US,
7d3abd79-18b4-48c5-9e6b-201a73c2a8c4,c637eec1-13cd-4608-95d4-9e97502e1af2,2024-04-13,delivered,743.55,credit_card,Canada,da26ebae-726f-46d0-8dfa-6e40d5c8dbb6
9cb24cf6-731a-4ce8-952e-89762ba4b93d,4a9c434c-9c1f-4472-b2fd-dff6594bbc7a,2023-12-14,delivered,3555.82,credit_card,US,
e4a0472b-77c4-472a-8a3c-be3ae08a2f3a,6a18ab29-0e69-49de-aa20-93f3de10bd9a,2023-12-25,delivered,262.48,debit_card,UK,
3c8388ad-8bc7-4428-93d4-c3f4d25cd77a,adbed855-78db-4802-bd62-5513466609a1,2023-10-15,delivered,963.93,credit_card,US,
9ce50ba4-7eaf-4824-9427-9b5127aee171,c79a7318-97c7-4719-be1f-275dbd92e2a4,2024-01-13,fulfilling,290.92,credit_card,UK,
5b36838b-9dc9-4ea1-a6f3-90e5d6ab3261,27b818ea-629b-4095-b504-4a15a922db39,2024-03-25,delivered,1009.77,debit_card,US,
cec65f45-6d25-43f0-9119-30c143783644,dfb4d804-80b3-4d76-b7d8-398eacf372f5,2023-06-26,fulfilling,608.91,credit_card,US,
9d4b5420-6caa-411b-b38b-c47598b9a7b5,0852b289-200a-42bf-9cae-36bdcb47b281,2023-08-18,delivered,320.66,credit_card,UK,
7aecd19c-fbf2-4f57-be65-eb588561b8fd,36bef2b1-ff0c-486a-a9b7-ca4dbf0cd690,2023-07-06,in_transit,330.05,credit_card,US,
d958a7f5-157d-4a0f-a6b8-9784645750d6,f7d93bb0-b87b-4c36-a5c1-21e60bfcb1cc,2024-01-20,delivered,2209.85,credit_card,US,
f2622c2b-9f4e-4841-b5c5-65a59e15279a,8a17e603-1fbc-4a3f-8c59-e7e30e4f8a11,2023-02-15,delivered,2520.37,debit_card,UK,
308ab177-dc73-4091-8d20-fa5c54622afb,f147eecb-7dcd-4057-b179-18303e3eff97,2024-02-04,delivered,663.63,credit_card,Germany,
5fc9fad8-f65a-42f0-81fd-8f5072f48d42,8a17e603-1fbc-4a3f-8c59-e7e30e4f8a11,2023-07-04,delivered,3196.33,apple_pay,UK,53929d63-6712-4a31-85c3-807f22f068f4
7486f3c7-e83b-4461-bf12-10f01aec534a,8be97fa7-fb9e-4b61-9d8c-3e4064da8b1c,2023-04-10,delivered,946.2,credit_card,Canada,222a2d9c-8115-487b-bc4a-4ce24728c0b1
40ec613d-2272-497f-aee4-8cedbff2e57a,95b9e99e-8da9-472d-b104-ad0fc1cafc6f,2024-04-29,returned,532.25,credit_card,US,
17f5ba04-a737-4669-b40e-929695d60679,edca91f4-a5df-44e1-83f2-4936c087d640,2023-05-12,in_transit,2941.39,debit_card,US,
6a226cb3-1930-441e-8fc0-de41bc686129,0f9c9278-9be4-4700-8d99-65c41d55f6e4,2024-01-17,delivered,2283.39,credit_card,US,
d3d9da20-ec8e-4700-a3a8-4290f4b38811,502bcef1-e8d7-43c4-89eb-25fa42bc86e4,2024-03-27,in_transit,26.21,paypal,Australia,
64e570f6-2505-4a4f-b6e4-60ad8ccf60c6,0f9c9278-9be4-4700-8d99-65c41d55f6e4,2024-02-20,delivered,582.91,paypal,US,
49a0a445-7f4c-4526-b8d3-44c63f45e42b,4830f893-ec70-4b74-9d0f-b9cb1a8df72d,2023-05-31,in_transit,2275.3,credit_card,US,69bf9c14-599d-40b6-961c-ea782e45942a
a2b011e9-d180-455e-9eaf-52117a568b61,161b62da-8b33-462e-b798-fae6e08e72d9,2024-02-13,delivered,256.65,debit_card,US,
6032fd87-d55f-4f24-a469-76aab188e279,1b2e9092-8666-47e5-b883-83f20d3dba6e,2023-05-14,delivered,965.84,credit_card,Germany,
65a7dba5-31d3-4500-be16-7f4f5351a6e9,5938fb34-b0d5-40bd-b8da-a028cd3ca29b,2023-12-05,delivered,5453.78,credit_card,Canada,
0a6deeb8-16b5-48f3-8d7c-9c69c39c5607,02aab034-c604-4e70-81ad-58129f84e70d,2023-10-22,confirmed,128.03,credit_card,US,59002d28-d21b-46ec-9242-0a9af1421105
e360c8c0-3f14-49a2-8df3-f3e0975a37c3,038c10ae-ddb1-4e4a-9a31-cd9e4f81c9bd,2024-02-18,delivered,5733.89,debit_card,Canada,
9577048f-53bc-4275-9332-52b0bc60be66,b3a5b702-4adb-40e1-9a96-7e9b869cc524,2024-04-17,confirmed,11727.92,paypal,UK,
747b1e5e-2dec-46ae-8f12-213288414c7e,9618f2ef-4b97-4f0a-a0c5-442d67239fca,2024-01-13,disputed,1583.14,paypal,US,2d00860c-75e8-489b-9641-804788361dfc
2b3a8ac3-64d7-41bb-9719-60595ec08e63,0f9c9278-9be4-4700-8d99-65c41d55f6e4,2024-01-28,returned,3385.85,credit_card,US,9f255092-b4fd-4c51-9e49-9ea4cd45432a
38826120-7a7c-4381-90b9-79b9be26eb7a,61cdccf9-1c42-4759-92a2-8b7af567043c,2024-03-07,delivered,202.76,credit_card,Australia,
e7c10b30-e708-4dac-9b07-6bb8153b5891,4a14d4a7-97c1-486f-b16a-cb9e2816ce65,2023-09-24,fulfilling,36.2,credit_card,US,
f4b6204d-e71a-473f-8c34-f61a08e799da,cc22bba7-3631-420c-8c10-3ae3ff6cfb0c,2023-11-19,confirmed,232.01,credit_card,US,
a26280fb-1574-4cdd-9ace-ffc112dde8e2,1515a6e2-869c-42a0-88fd-f72eab5da3ac,2023-02-20,fulfilling,1844.55,debit_card,US,
de5ba33e-715e-4867-9d8e-1e9219ad289a,9668ef01-8ca7-4718-940f-b56d3cee784b,2023-11-05,pending,1944.21,credit_card,US,
829b476f-0c2a-42e1-9be4-98e43ad3d1cc,bc3da3e2-e0f6-450a-8ed7-38c82f3499a8,2023-12-24,delivered,1482.74,credit_card,Australia,
6474f530-31f1-4f62-afab-96ef482d219d,9668ef01-8ca7-4718-940f-b56d3cee784b,2023-10-10,delivered,4970.76,credit_card,US,
2514402f-a1af-4e78-8350-ddab9dfc696a,b9cfc4e5-f0ea-4f7e-a69a-528912d7b2ba,2024-03-16,delivered,1296.19,debit_card,Australia,
d0fd5120-e5ea-48eb-b70a-53da5d9ae031,0cea2329-de7c-48cf-ae74-ce7dfec86cc2,2023-05-20,delivered,3833.78,credit_card,Germany,
e6c1110f-cba7-4b75-b840-822555d02d42,e5a0ba19-6693-4036-b995-b3b2a41a678a,2023-08-29,delivered,4535.4,debit_card,UK,
55119db9-7a2b-4490-ba9c-aaaaa934dad9,e2eaa58e-11a7-492a-8635-fd6bd1ea6c9e,2023-11-14,delivered,237.93,credit_card,US,
cbd8030f-9a5d-4be5-bc0e-cfbf84958dd2,98626665-c368-4bfe-ae6a-9c68dcf40582,2024-04-09,delivered,1488.18,debit_card,US,
a8daeaf7-dd60-48f7-bf18-1b35bcd13271,b143dfbc-a2c3-43d3-807a-48925bd2715c,2024-04-24,disputed,5544.03,credit_card,US,
6c80fce4-fd3b-4449-9cf7-eb5baa352469,903644c9-5fe4-494a-a1f3-872a5dc6ab57,2024-01-19,in_transit,74.68,credit_card,US,
18d8712c-342b-408e-9b2e-2ed7ccb7d3ec,3d00f038-feab-4cb3-8aee-67aa70c1836c,2023-02-17,delivered,96.69,credit_card,US,
e1acf867-9a07-4fb5-8108-c20a9a4bf19c,ca5068fd-34e3-430b-8a08-ddb7d1521540,2024-02-25,delivered,974.94,debit_card,US,
cfb3e22c-bc89-48bb-8a6d-ec73c94dcc7d,593deab8-1108-47bc-8a0b-62dc81bd329a,2023-04-08,delivered,376.72,debit_card,US,59002d28-d21b-46ec-9242-0a9af1421105
f799c06d-f1e2-40ee-a702-1feaedef01fb,c44bc794-4a8a-43fd-abce-9c694e8830fd,2023-07-12,pending,6.51,credit_card,US,c02e7533-8a51-4d43-ae76-15692046f814
76a84880-0383-4f0d-b868-f8d95b32cae6,96b199e3-4632-416b-a5fa-82b63967b1f4,2024-04-08,delivered,2173.23,paypal,Australia,d4265874-923f-4489-8027-c4c245600b8b
14bbea39-9002-412f-b574-142c4ff3bb92,5c796213-d509-4978-bb03-5a28a2cf0d59,2024-04-28,canceled,306.93,credit_card,US,185ebb90-90ac-4a99-872f-c4290adc2728
02b3ed9d-41c6-4ecf-9604-607234d2dfaf,9dd17095-a451-48cd-90c8-aa3a879c513a,2024-04-28,delivered,366.42,credit_card,US,
b6144d93-63cb-4580-be58-53cd58ec0ca3,02aab034-c604-4e70-81ad-58129f84e70d,2023-09-17,delivered,1042.91,debit_card,US,2d7920f3-c224-4090-ac7e-3524467c5dff
6bc235e0-d561-4c63-b93f-1c86a75f76ef,fc7bc133-f81c-4e2d-8460-5dd8ac802206,2023-08-26,delivered,1029.7,paypal,UK,
228f0de5-0928-4b1e-a723-93de34b53515,9f2292df-a341-446f-8ee0-451a2b17b0e5,2024-03-28,delivered,3953.87,paypal,US,
7d8c9ee0-04ec-4d0d-8298-95ba9346f18b,3ca2a2dd-c4ae-4cc1-84b9-d99125674f30,2024-01-08,delivered,1913.05,paypal,US,
04549279-35c3-4786-afd5-c3828e0293a5,5c796213-d509-4978-bb03-5a28a2cf0d59,2024-02-06,delivered,4105.7,credit_card,US,21c461da-53ea-4fa3-9d86-6540660eabca
24466293-769c-487b-b469-0f866991bec0,78650d41-b1df-47b1-88f8-051f048e6a2f,2023-12-23,delivered,3812.72,credit_card,US,
96ab8868-9262-4c41-83df-c1086ad8eec3,ef3b2c3c-ab94-496d-a2b0-fcbf98162195,2024-02-25,delivered,64.51,credit_card,UK,b7c9faba-5ec4-4b76-9256-a1c7f77a13c0
cd93bc04-adf7-4656-8fcd-132000dcfc68,e9fa39b5-7e54-45f9-9766-fd33eb31f8c7,2024-02-23,delivered,140.71,credit_card,US,
d871d23b-7729-4936-86a1-ebed2b4e7c17,dd0cb009-6b28-4f48-a54b-074149d3ac86,2023-06-25,canceled,892.81,credit_card,US,
fba1a7a9-0dde-4d7e-87c8-d55392215a9b,2c7af87c-d569-47a1-884a-6b4d79c95689,2023-07-13,delivered,140.1,credit_card,US,
7810a5c9-82c4-4542-a07a-b6760496bf8f,d6362348-f33c-4b25-9c4e-d965696b6fed,2024-01-27,delivered,2114.52,debit_card,US,
45b174b7-93e5-405f-b053-c2db42451c19,162cf92f-8972-44a9-949b-da75c8847a9a,2024-04-27,confirmed,353.9,credit_card,US,
ab0c99b0-6d22-4fcf-930f-7bc2712cb7d2,e2d942f4-5cac-4c86-bb6a-0a0a96a4e40a,2023-09-26,delivered,498.11,credit_card,US,
062931c9-0489-43b1-a9b0-171dc0241e66,4637135a-c550-4565-87fe-ab92e92603eb,2024-04-09,delivered,1042.13,apple_pay,US,
47ae4990-d1e2-494c-a376-2bc422045c21,1fb25561-26a4-4762-be75-7bc01609052d,2024-03-01,returned,29.84,credit_card,UK,
6c5bfce0-f697-4ffc-9b03-aac826185307,0acd28ce-867d-4619-95f0-c0836ed4fd94,2023-01-01,delivered,466.56,apple_pay,UK,
0066c73e-7ec7-4883-ba09-532c8f9d82fe,dd0cb009-6b28-4f48-a54b-074149d3ac86,2023-11-23,delivered,169.08,paypal,US,
0b6478bf-02ba-442b-a91b-77d47d5f0388,f147eecb-7dcd-4057-b179-18303e3eff97,2024-02-01,delivered,367.56,paypal,Germany,
b74f43ba-624d-47df-92b4-360a24a86f00,ac9c807c-df38-418d-a69e-a040000933e5,2024-02-09,canceled,1168.44,credit_card,Canada,
3a20722c-958c-467c-a159-b114c065796d,3ca2a2dd-c4ae-4cc1-84b9-d99125674f30,2024-04-04,in_transit,1337.29,credit_card,US,
fac243f2-4889-43be-8a21-19f22b36a5da,36bef2b1-ff0c-486a-a9b7-ca4dbf0cd690,2023-10-05,fulfilling,490.07,credit_card,US,
fffac6a3-5990-4cf9-a8cc-604d14a024e9,e69918b2-c163-4db5-9696-d65488e11d6a,2023-04-05,disputed,1183.24,credit_card,US,
f67c534e-294f-4621-8d1e-c27334cb0cd3,7bfa903e-07ef-4ed6-be7b-d3b47f871530,2023-07-07,in_transit,56.27,credit_card,US,
64589b02-05f2-4525-a586-aea8174edcb5,d7f1fbce-34f6-431a-831b-0932ad165ed3,2024-02-10,delivered,86.19,credit_card,Canada,7b96c929-87e4-4795-869e-2578211a7061
1ecf214a-9599-47dd-822c-7a1efc649ed6,214c3a33-22ad-42c6-87f5-77d40ad5136f,2024-02-29,in_transit,603.05,credit_card,US,
27c68b46-946d-40e9-a7c6-926a1fe00ffc,5c796213-d509-4978-bb03-5a28a2cf0d59,2024-03-24,in_transit,2265.58,credit_card,US,8a3d863e-49f5-4101-a6f0-cf5fb8b1020e
fea1b54e-ba4e-411a-a31c-48ca65d007ca,1e475fd2-d99b-479e-bffb-44352b2a5211,2024-03-20,delivered,5257.03,credit_card,US,88f57a58-fd83-4e0e-8855-f69680be18f5
5520552e-a7c7-497d-bcd4-ae09d6749ab5,8a17e603-1fbc-4a3f-8c59-e7e30e4f8a11,2023-11-02,in_transit,3002.89,credit_card,UK,
b6295fa3-edf3-4935-b0bf-114d16a3762c,35478536-7740-47b2-84f8-bc501ceb1fb8,2023-03-26,returned,5141.59,credit_card,US,e3f48401-11db-40ee-a87e-d97a91d74db3
f6362839-9df0-49cf-8ca1-5157e9985bf3,b9cfc4e5-f0ea-4f7e-a69a-528912d7b2ba,2024-04-18,in_transit,2484.35,credit_card,Australia,
57bf367c-803b-4105-9033-333e217dac09,4a9c434c-9c1f-4472-b2fd-dff6594bbc7a,2023-12-28,delivered,2995.49,credit_card,US,
b645ce1f-582e-4d5d-affa-d3e1d1930f75,c9c25a3e-c7ee-4b59-a203-f6a6ae6c4e65,2023-06-25,confirmed,1916.92,credit_card,Germany,
6149931b-8eb8-4d6d-9410-cbbf64774cee,859c4e8d-c729-4301-9f87-d393a6120d66,2023-07-31,fulfilling,655.24,gift_card,US,e024ece3-e82a-4295-9648-b96e1a35cc7b
d0bcccd7-fcc4-4859-a724-6a639b748b47,e28afd39-b42d-4908-b054-6dcc9f96b8ca,2024-04-26,pending,186.36,paypal,US,
5966ca8d-bbf9-425d-8dba-3878f65a96d3,98626665-c368-4bfe-ae6a-9c68dcf40582,2024-03-31,delivered,697.95,paypal,US,
d2d3894a-7c68-41d0-b6d6-ae197bceddff,a0228460-77e8-4edc-b97f-14dab3d9bed1,2023-07-09,delivered,344.33,gift_card,UK,
8dc3f188-e699-4dc2-8ed9-db2b2feeef64,6400274e-ad92-41e5-b349-429ae7ef8eae,2024-01-17,returned,1671.43,debit_card,US,
43ed8e1b-35b4-4320-88f7-0e4f9e2bd710,b2c5d6ab-d24d-4f8c-b1df-21249f6fe4c5,2024-03-02,delivered,190.95,paypal,US,
09e120f5-cfb6-48b3-a1c1-52cd6d2e2c0f,fc7bc133-f81c-4e2d-8460-5dd8ac802206,2023-03-05,fulfilling,760.47,debit_card,UK,fc19159c-df7b-44ac-9ce7-12dcf3937512
6e72ca16-9e61-4a53-a53f-8c41979d6447,708116b3-ac42-4904-9b90-1ad176935278,2023-11-17,in_transit,1073.87,paypal,US,
cad525b0-99ef-4458-9ce5-b1ba0891a20f,8be97fa7-fb9e-4b61-9d8c-3e4064da8b1c,2023-06-10,delivered,6675.23,credit_card,Canada,
19e9cb3d-fd67-4160-a770-403322062c8a,b3a5b702-4adb-40e1-9a96-7e9b869cc524,2023-12-10,returned,4783.54,credit_card,UK,
ead1113e-f78c-4bd6-98ed-bfb5ac91a85a,02aab034-c604-4e70-81ad-58129f84e70d,2023-10-09,delivered,690.24,paypal,US,
2026e626-c61b-4e12-ba72-3a733fa34ecd,2f57afbb-0ed4-4b76-bce5-ee7979a2345f,2023-02-16,delivered,1123.28,paypal,UK,59002d28-d21b-46ec-9242-0a9af1421105
a4d5e7ed-858a-41cb-b88d-2385ec920268,71fe83c2-4804-42c9-b7d0-40dce903ff1c,2024-04-23,delivered,2894.22,paypal,US,d64f402b-0949-4357-bd39-959aebdcdc16
357a8c8f-70c6-4d82-bf05-240e01f92ebb,046207b2-0840-4d28-a8fc-5ea9166dca2e,2024-04-21,delivered,6287.48,paypal,US,
8d309303-2e1c-45e4-b521-2eb50e792eba,4be39f5b-f970-406e-a161-72a345f5c305,2024-04-02,delivered,394.21,credit_card,US,
48cb185f-5ebe-4818-83fe-31da81c75635,65435a2a-f65d-4e00-a301-bc01f243fe91,2024-04-03,in_transit,1060.06,credit_card,US,
6541b213-614c-4888-be5e-0e3d8169e681,f147eecb-7dcd-4057-b179-18303e3eff97,2024-01-05,in_transit,308.72,credit_card,Germany,
d81b7fc9-7381-4181-8192-902a38e88c08,e5a0ba19-6693-4036-b995-b3b2a41a678a,2024-04-20,delivered,4833.52,credit_card,UK,84c18013-bfe9-41ec-b274-cdd8d45431bb
1d9faa02-a56a-4756-b784-d713b9146dc9,e99aec32-80d9-4b78-bda0-4e18e25cd8a5,2023-07-26,delivered,189.9,credit_card,US,
93e73159-c177-459c-89d4-d47f7844294f,954d4ad2-815c-4d1f-aef5-c7faf4df0dc6,2023-12-04,delivered,52.4,credit_card,Germany,
d2a59baa-e65d-416b-9b7e-236d5f75dd06,2f5e24d7-612f-4f6f-b135-6cc2a98fa4c6,2024-04-22,in_transit,82.14,credit_card,UK,
5f2eb316-7666-414e-9340-8318508d743d,161b62da-8b33-462e-b798-fae6e08e72d9,2023-12-06,confirmed,4439.05,paypal,US,59002d28-d21b-46ec-9242-0a9af1421105
7736567b-d44c-4d92-a58e-c0ff452739b4,1b2e9092-8666-47e5-b883-83f20d3dba6e,2023-01-08,delivered,1475.12,paypal,Germany,
8d1c4cb5-4fce-44ad-8cf2-253a9cbc5760,22952b7a-1e1a-4388-bbad-d376e9778071,2024-03-11,delivered,69.33,apple_pay,US,c4442a15-3f4c-4641-bb42-71bd0da7a0b1
4fed811f-3dad-4299-b3d6-6604a67a7919,68cfd71d-256e-4e25-8b2b-fbd7048f0c99,2023-10-14,in_transit,804.04,credit_card,US,
b73a7177-cfa8-439b-b4fa-0ab7559fe4ff,162cf92f-8972-44a9-949b-da75c8847a9a,2024-01-14,confirmed,261.64,credit_card,US,
4f001cd9-e2e9-415e-b02f-10fb36ca1f8b,e1474c78-97e0-48c8-9992-1c90ab92f2e9,2024-04-09,delivered,531.08,apple_pay,Germany,
4e07090f-03bf-4533-838f-72b5e3f8467e,5c796213-d509-4978-bb03-5a28a2cf0d59,2024-04-19,returned,453.4,credit_card,US,
bbf4e6d5-183e-4a4b-aea1-aa563a7b5d51,c79a7318-97c7-4719-be1f-275dbd92e2a4,2024-01-01,returned,6980.26,credit_card,UK,
30d13e9c-98eb-4974-a6c0-42f36713bf98,d750d318-74f3-426c-a5fd-6baacbe32eed,2024-03-12,delivered,4096.05,paypal,US,
78c449c4-a317-4199-b334-8c33e1969c1a,a3297b8f-90e1-454b-954a-78b5ac4b0a16,2024-03-19,delivered,475.71,debit_card,UK,
e329516a-48da-437e-86f4-9cad466125fd,db2449f9-5204-43e2-9e34-1440718ab905,2024-03-25,returned,778.24,debit_card,Australia,
f8d3e429-60c9-4618-a43b-1d21a18540a1,826cbda9-ee71-42d7-8936-298ae408fba7,2023-01-29,confirmed,1465.25,credit_card,Australia,
c9baa3b0-e935-403b-b41b-da4538dd7ebc,4a9c434c-9c1f-4472-b2fd-dff6594bbc7a,2023-12-05,delivered,210.9,credit_card,US,
a6c1e10c-2060-439e-90cc-b84f94743152,71fe83c2-4804-42c9-b7d0-40dce903ff1c,2023-10-02,delivered,560.43,gift_card,US,22a70b1a-70ac-4b7a-bec0-359c2c2a5754
54b9eb7b-43e8-4581-8f16-04fdd28c0cb9,fc7bc133-f81c-4e2d-8460-5dd8ac802206,2023-08-01,delivered,265.25,credit_card,UK,a076da24-3aaa-479a-a77f-db5f1d75711b
102e4ab0-16f7-4fb9-80e9-221977f40e8e,35478536-7740-47b2-84f8-bc501ceb1fb8,2023-09-09,delivered,3864.56,credit_card,US,
8cdb5264-b790-4399-8051-e15fbfcb12e1,885e9155-5f7f-4b8f-8225-48a4ec882510,2024-03-31,delivered,101.85,paypal,US,
fed615d2-66e5-4766-b110-222c6ee85795,826cbda9-ee71-42d7-8936-298ae408fba7,2023-01-14,delivered,47.23,credit_card,Australia,f09744eb-f63d-4e8e-a46b-dcc395b34b1d
27405d2e-c84d-405a-9ec6-3c41b2126def,68cfd71d-256e-4e25-8b2b-fbd7048f0c99,2023-12-06,delivered,5039.89,paypal,US,
528d0aea-1ab7-40be-b87e-32f784876c89,d94a6949-d67a-4b7d-87c1-44e8d2b4a463,2023-11-27,pending,313.61,credit_card,US,9f0f3d7a-5aa8-4e43-b137-bc5687f6ef39
619fdec6-f085-4287-8ff1-09c45582d0a2,80de749e-464b-4ec8-b46f-84094aae4f02,2023-03-23,delivered,172.25,credit_card,UK,
cc4c277e-3f2a-46e8-b45f-d67514a14a95,f97bfe17-9a8a-4b35-854a-51dc9ec37667,2024-04-29,delivered,202.65,credit_card,US,
fa4d2b5e-a6e5-4ea0-8908-7f483be86214,e5a0ba19-6693-4036-b995-b3b2a41a678a,2023-10-12,in_transit,925.74,debit_card,UK,
7c85cd54-7c88-4060-8ea6-311fbb71c6cf,563a4e64-868a-4f8c-b9d6-bf76cef8f4c2,2023-10-17,delivered,326.55,credit_card,US,54403d62-6ec8-4cf5-a05b-cfe04ad8a9fb
a2cd962d-e5b1-4f9c-a687-206d1d16bd26,267c8861-31ec-4107-b92d-a0974781555a,2023-12-12,fulfilling,656.12,apple_pay,US,
df0f26df-4419-499a-9b93-d1995b378716,5c796213-d509-4978-bb03-5a28a2cf0d59,2024-02-02,delivered,951.11,credit_card,US,88f57a58-fd83-4e0e-8855-f69680be18f5
2f451460-6102-42ac-9b9d-19a6ea934664,e5a0ba19-6693-4036-b995-b3b2a41a678a,2023-10-26,pending,433.63,debit_card,UK,
1191c648-59d9-4af4-ba9f-e4adc785fb5c,070a1c87-7d12-48ff-977d-ca032c246d92,2023-09-07,confirmed,1254.01,credit_card,Australia,2cc22a4a-eb53-4ffc-9079-fb349e2d0e28
f7adf968-9636-41d2-b889-0a83e755bd65,d06fee96-ed97-4343-bb47-f7dfcf9d403f,2023-09-16,delivered,176.04,credit_card,Australia,13b7f21f-dad8-4aa1-a43d-9509f3caee63
60abf674-cbae-4af2-b826-fa4228d44cf4,ac35dd04-811d-4a99-9ca5-8f1f178d5ef1,2024-03-06,delivered,1129.31,debit_card,UK,
ca9108fe-0543-4df9-8c7b-cd5a292edbc1,3ea9c15e-8d0d-4449-945d-aa1445af5ada,2023-09-07,delivered,2682.73,debit_card,US,
3626eda8-185e-4244-92a9-1a738d910721,a3297b8f-90e1-454b-954a-78b5ac4b0a16,2023-12-08,delivered,20.53,credit_card,UK,e9e15041-6ac5-430f-b9a2-a8caf63e2ba8
f845fc97-4552-4106-bd52-21222ee1d1b3,d6362348-f33c-4b25-9c4e-d965696b6fed,2023-09-15,canceled,894.44,credit_card,US,
e1b35b06-7512-473c-91ac-34fc8db91e13,dfb4d804-80b3-4d76-b7d8-398eacf372f5,2024-04-23,delivered,288.89,credit_card,US,
149730b9-a6d6-4f3f-a992-54a1137ab4e5,a31282e2-6869-4880-947f-744e5160dc76,2024-04-29,delivered,1773.81,credit_card,US,
3290a9ad-e166-437d-a1f2-f639d90fd9b3,1515a6e2-869c-42a0-88fd-f72eab5da3ac,2023-12-13,returned,708.07,paypal,US,
1eca61ea-9e78-4148-9ecc-f09af701defd,610651e2-f64a-45f4-8244-9f166ba6bb75,2023-06-18,delivered,4938.8,credit_card,Canada,
11b8e0db-6c50-4a26-8961-d8232fe21bbf,161b62da-8b33-462e-b798-fae6e08e72d9,2023-10-22,delivered,488.61,credit_card,US,
c52facf9-1c16-48fe-aac0-7b1303b8fa3b,a44f057b-1830-4800-9fa1-8e61907c47a7,2023-04-30,pending,1093.34,gift_card,Canada,
7d189353-32c8-489e-ad41-04e855957e63,7d700a14-24f8-4255-987d-a7ef2091eff5,2024-04-24,returned,579.64,credit_card,US,
aa5d3708-4d5d-44f0-8562-112999adf3d6,a0228460-77e8-4edc-b97f-14dab3d9bed1,2023-08-21,fulfilling,192.06,gift_card,UK,
d43e0071-495b-4e90-acc1-b524b1dec2e4,d6362348-f33c-4b25-9c4e-d965696b6fed,2023-09-03,in_transit,4813.27,credit_card,US,
33e6fd11-1064-484b-936f-9e7716272d46,2707bcd3-11cb-40de-9392-18ac5008f35e,2023-11-28,canceled,1262.88,credit_card,US,
eebfd3e2-b02e-485f-8428-a1cb1ff4b6b3,7bfa903e-07ef-4ed6-be7b-d3b47f871530,2023-10-05,delivered,222.57,credit_card,US,
c10b1c4a-43de-4ff3-b68a-a891538e0303,a3297b8f-90e1-454b-954a-78b5ac4b0a16,2023-06-29,delivered,253.01,debit_card,UK,
34e7be8b-a33e-4279-9bee-e8b1e6d817af,2b296d34-d086-4b39-89ab-f0b9cf6b06bd,2024-02-14,delivered,143.22,paypal,US,
c0226d2f-e0cb-480e-a9bf-b3060da824f4,e2d942f4-5cac-4c86-bb6a-0a0a96a4e40a,2024-03-13,delivered,55.21,credit_card,US,224c5831-dbd0-4381-ac56-438b62556a46
d891a57d-d276-4fec-9f74-5c333c966f8b,edca91f4-a5df-44e1-83f2-4936c087d640,2023-06-06,delivered,843.0,credit_card,US,
0bd36223-c4df-40a3-b564-f301a39d3b9c,859c4e8d-c729-4301-9f87-d393a6120d66,2023-02-02,confirmed,197.94,credit_card,US,
d907f039-7610-4ea2-aec3-895ed1055f95,b2c5d6ab-d24d-4f8c-b1df-21249f6fe4c5,2023-12-22,returned,1389.86,debit_card,US,79518ec0-2101-49a5-8a47-666ac2844f15
0937e806-ee33-4f37-8271-b4431dd2a0d3,88b98ab0-58b9-448e-b963-193730738ba5,2023-12-22,delivered,8.06,credit_card,Germany,
3f95df1b-39b3-4168-951a-a48ee23e4724,8a17e603-1fbc-4a3f-8c59-e7e30e4f8a11,2024-02-04,delivered,242.13,apple_pay,UK,
113fd7b7-a06c-4454-868b-f7bf9e271e9e,6dfab93d-fca4-4074-9226-58b946ce0d1b,2024-03-26,confirmed,693.67,credit_card,Germany,28125b4c-17b8-4574-acca-698db29b0c68
a91fe2ad-0cd9-4d9a-825f-ce5f57d2e411,ef3b2c3c-ab94-496d-a2b0-fcbf98162195,2024-03-18,delivered,98.1,apple_pay,UK,
68b1f493-cdcc-41be-8548-0a52a0fe4d15,b9cfc4e5-f0ea-4f7e-a69a-528912d7b2ba,2023-11-26,canceled,13111.11,credit_card,Australia,
f76dfc6a-5dc7-41e6-bdb0-0b85628ef4bf,7bfa903e-07ef-4ed6-be7b-d3b47f871530,2024-01-01,delivered,4449.89,paypal,US,
2948b809-2518-4dc5-a412-636490a1106e,708116b3-ac42-4904-9b90-1ad176935278,2024-03-30,delivered,865.65,gift_card,US,
4a38c5b5-2282-4d0e-99a7-68cdb2b08ca3,d06fee96-ed97-4343-bb47-f7dfcf9d403f,2023-10-06,delivered,4125.28,credit_card,Australia,13b7f21f-dad8-4aa1-a43d-9509f3caee63
ed1fe30c-4823-4314-a7f1-18bab5fe005b,83df18bc-1886-4c14-9fe4-2f244862d133,2023-10-18,in_transit,260.11,credit_card,UK,3dc4dcb5-bcf4-4416-92ce-77a5168fc646
1daaf55f-a7bf-4935-a5da-d1b04b79751b,162cf92f-8972-44a9-949b-da75c8847a9a,2024-01-24,delivered,2024.92,credit_card,US,
d4b8bd0b-6917-4a8d-832a-0cdfc544c508,8a17e603-1fbc-4a3f-8c59-e7e30e4f8a11,2024-04-25,in_transit,943.43,paypal,UK,
7912c4d0-2758-4cec-a6a8-05bb00d22d10,4b92eddc-5bf3-4aa1-8e2e-e91c0f44c03b,2023-11-03,delivered,1148.46,credit_card,US,
40d95dfb-9b94-4b04-8a07-e28f4a8ddd98,8436ba26-9516-4536-adb6-9d3816ba67e3,2023-10-11,delivered,190.2,credit_card,Canada,
a07d7640-dbd3-4c81-a774-8a7038b49a08,593deab8-1108-47bc-8a0b-62dc81bd329a,2023-10-17,delivered,291.49,credit_card,US,
1c870cbf-af92-4927-b37f-c6f443fd4bea,826cbda9-ee71-42d7-8936-298ae408fba7,2024-03-28,delivered,95.46,credit_card,Australia,
bb8b7a8f-80ef-421b-9383-02df0877784f,6248652d-a383-4bc3-bb87-7c4f75c32cf6,2023-10-16,delivered,2456.3,credit_card,US,
6e641973-f6a8-4576-af8d-876fe6cb487a,80de749e-464b-4ec8-b46f-84094aae4f02,2023-01-13,returned,727.32,paypal,UK,d2963bf8-984c-46c9-9770-b456ad22cf97
611ad850-2ae3-4bd2-b222-aed21522a6f7,e5a0ba19-6693-4036-b995-b3b2a41a678a,2024-03-22,delivered,3007.29,credit_card,UK,
68a47680-d810-4ef3-9603-e40375b60c28,b9cfc4e5-f0ea-4f7e-a69a-528912d7b2ba,2024-01-22,delivered,1764.24,credit_card,Australia,a099274c-e9a7-416b-be9d-48c3dab273cb
08fb9fad-3fbe-46bb-b57e-fa844a414223,079ce70c-3cb6-4521-8809-2faff8701e47,2024-01-17,delivered,868.66,credit_card,Australia,
fc7cb7f3-9ae5-4e12-972a-13ffe0027939,07a53fcc-0104-49ba-87ee-5a9de9cd10b5,2023-09-02,delivered,2158.15,credit_card,US,
bdfe0bfd-9b77-4f64-a6be-1244556016dd,6a18ab29-0e69-49de-aa20-93f3de10bd9a,2024-03-28,delivered,2485.76,credit_card,UK,
daf1e442-15c3-4849-a504-cd843058d20f,6a18ab29-0e69-49de-aa20-93f3de10bd9a,2023-11-11,delivered,271.14,credit_card,UK,
c44c6cc3-7b99-4e02-b3e4-eab5252c30ce,22952b7a-1e1a-4388-bbad-d376e9778071,2024-04-14,delivered,477.23,credit_card,US,
0c64358d-e779-4eab-99e1-c990ba6fb956,e69918b2-c163-4db5-9696-d65488e11d6a,2023-07-19,delivered,2293.86,paypal,US,bc598d95-bba1-4398-b161-82a0c01ee708
8baf567a-f99c-490e-b6e3-e740087aa986,c44bc794-4a8a-43fd-abce-9c694e8830fd,2024-04-10,delivered,1687.11,credit_card,US,
b671be24-0025-4636-a7ea-31af06c5b5a1,502bcef1-e8d7-43c4-89eb-25fa42bc86e4,2024-04-03,delivered,291.62,credit_card,Australia,
c55449b1-04a0-4468-9d42-1c585bbcf967,e9fa39b5-7e54-45f9-9766-fd33eb31f8c7,2023-12-29,pending,2078.3,credit_card,US,
6d26e0a8-1af1-4deb-9572-087295c9da2e,0f9c9278-9be4-4700-8d99-65c41d55f6e4,2024-03-08,returned,157.89,credit_card,US,
40d70d74-78db-4676-9c2e-b796a525504c,4f2832ed-222b-42a0-a94a-1de8f8e78ff1,2023-05-31,delivered,2704.24,credit_card,US,
55a94d18-4c10-45ed-837b-076ae666334f,fe45a33b-e2ed-4c80-a918-01691ab02b37,2023-05-03,returned,4616.76,paypal,UK,54403d62-6ec8-4cf5-a05b-cfe04ad8a9fb
e61a81f5-4546-4ec8-b954-c2dc192434f5,d750d318-74f3-426c-a5fd-6baacbe32eed,2023-07-25,in_transit,4400.9,credit_card,US,
30e198be-afa2-496f-8bd3-7ec32f26c17b,891c51b2-7e5b-4bbf-9084-7a0e23027890,2023-01-29,delivered,1278.2,credit_card,Canada,
9b2c32cf-03f2-41b9-934c-66e2527e52df,d06fee96-ed97-4343-bb47-f7dfcf9d403f,2024-02-15,delivered,41.12,debit_card,Australia,c75daca6-acce-4368-a630-0c4ec8d905ad
2c2874ef-2f38-4c69-985a-fd3be5ba7f50,a0228460-77e8-4edc-b97f-14dab3d9bed1,2023-08-15,delivered,26.85,credit_card,UK,
68c9d0a8-b188-4539-8fcb-16e1049ffdc0,6dfab93d-fca4-4074-9226-58b946ce0d1b,2023-07-06,returned,201.84,apple_pay,Germany,
59a9afc4-f4c8-4fa1-a807-184e2cab2f98,021e107a-baf0-4313-997d-235c49a10b59,2024-03-08,in_transit,1844.23,credit_card,US,
e51204b3-38a9-405f-a113-2a27864f59fd,bc3da3e2-e0f6-450a-8ed7-38c82f3499a8,2023-04-29,canceled,1083.71,debit_card,Australia,
3587de6e-8608-4c91-9f07-b7062353f66a,1f672860-145d-4ec4-a366-374ef6a2f53c,2024-04-27,fulfilling,6841.63,credit_card,US,
806335b1-bade-44ee-8a93-f1e5166732f3,c70efc24-7937-4bed-a914-ae131c252469,2023-05-23,delivered,305.71,credit_card,US,
acc32654-eb1b-4f46-84d3-e0f5396a374e,68cd38b1-2976-432b-9782-71e81b37ed97,2023-09-01,backordered,2313.11,debit_card,US,
b15da2ff-1354-4603-98d8-e4464c59cc83,891c51b2-7e5b-4bbf-9084-7a0e23027890,2024-02-08,fulfilling,68.49,credit_card,Canada,
b8ac5afc-2752-413a-a9e8-827ba50ee4fc,fc7bc133-f81c-4e2d-8460-5dd8ac802206,2023-04-12,delivered,162.24,debit_card,UK,
c5374702-3298-4032-8c7d-0ed9ad5004cb,df93dde2-3047-43c8-857e-3f9f7396a894,2023-11-12,delivered,256.26,paypal,US,
7a642495-0bb9-4bdd-9e29-493251821293,2c7af87c-d569-47a1-884a-6b4d79c95689,2024-02-26,backordered,1154.02,debit_card,US,
5c320dee-ffa0-44ca-8cff-d5389310aa33,e5a0ba19-6693-4036-b995-b3b2a41a678a,2023-08-06,delivered,1173.88,paypal,UK,
9bcc24b0-3b95-44c6-9736-76eaa48c778e,50eb5a41-ebfc-4461-ae3f-81e69a3a1ddb,2023-12-09,delivered,7434.75,credit_card,Canada,
4be2ef1c-76c1-47e7-9f5c-3a72c086c554,e99aec32-80d9-4b78-bda0-4e18e25cd8a5,2023-07-12,delivered,1176.06,credit_card,US,
49a47c06-b97b-4691-99ca-ad4aaec0635e,1a35c6ff-298e-4a20-b58e-b8eb332ec156,2024-04-20,delivered,195.59,apple_pay,US,
11fa5b0a-74d0-4e42-b525-ef7b6a8af706,4be39f5b-f970-406e-a161-72a345f5c305,2023-07-21,delivered,582.21,credit_card,US,
3d05d56e-e37e-40f5-996c-a402227be86e,02aab034-c604-4e70-81ad-58129f84e70d,2023-03-24,delivered,94.06,credit_card,US,f09814a9-30b5-4e6a-8fd7-3c3892d76d02
01b46b08-294b-4d7b-ac16-113f790d8637,a3297b8f-90e1-454b-954a-78b5ac4b0a16,2023-12-17,delivered,473.91,debit_card,UK,
9e458229-3eaa-477f-88c1-8123b18b8409,891c51b2-7e5b-4bbf-9084-7a0e23027890,2023-08-23,delivered,43.25,credit_card,Canada,69bf9c14-599d-40b6-961c-ea782e45942a
f9b7fffc-1b8a-400d-a59c-8a4516407118,f461704f-ef38-4400-9a3f-f51539f5598a,2024-04-12,delivered,97.27,paypal,UK,
b5000604-9c37-40da-bfc7-c52bde5354b2,2b24d3f2-1e7b-492c-80e1-11d622359a2b,2024-01-17,confirmed,348.49,apple_pay,Canada,
cf98f97f-c932-45f1-9b83-3fed2af418c6,73ef568a-1ec5-4e89-ada1-5a27afbf7e1b,2023-09-19,delivered,478.29,debit_card,UK,
ad62b574-8f85-4fe4-acc5-284c2bd11bd1,68cd38b1-2976-432b-9782-71e81b37ed97,2023-07-09,delivered,901.9,credit_card,US,7aeba06c-2829-48c1-a3ae-867a5b067623
08b1bf79-420d-4f78-bdef-077cd54a67f6,ad473f54-cfaa-4b35-99f5-532d72592f7a,2023-11-24,delivered,7127.7,apple_pay,US,
f982537a-f07e-457d-a1a3-efed43dcd744,3f15cd17-b080-4074-8a7e-c24cf8ae1be1,2024-02-05,returned,771.86,debit_card,US,
c0649a87-421b-49ef-ad2d-9ea7c698aaf4,e69918b2-c163-4db5-9696-d65488e11d6a,2024-04-08,confirmed,652.26,gift_card,US,
ac16d16f-5b2d-46ce-aa8a-fb04d6b66f71,5c796213-d509-4978-bb03-5a28a2cf0d59,2024-02-12,delivered,1794.88,credit_card,US,
e02ed70b-65a2-49a5-9437-b043d3df13c8,b3a5b702-4adb-40e1-9a96-7e9b869cc524,2023-12-01,delivered,1906.68,paypal,UK,
fbbe887b-d741-4e4d-ad49-c76bdbe27f8e,a44f057b-1830-4800-9fa1-8e61907c47a7,2023-05-30,disputed,949.7,credit_card,Canada,
9e07823d-b58d-45f6-a2e8-a49016881945,36bef2b1-ff0c-486a-a9b7-ca4dbf0cd690,2023-11-18,pending,174.49,credit_card,US,
c1e1dab9-d0c7-44c2-9ef9-42e461d5e41a,af03e8b7-cd17-4f7a-a310-60016aff557a,2024-04-03,delivered,1393.38,credit_card,US,
424ca61f-617a-48d0-8c9f-9edd8118236f,6ccabf87-5a51-4576-827e-32dee774ae4a,2023-11-09,fulfilling,946.14,credit_card,Canada,59002d28-d21b-46ec-9242-0a9af1421105
a948732b-8fd0-43ca-afb7-85d95a5b9bb3,4cea07b2-694c-43b7-9d94-7dfa2f7c3f8c,2024-04-24,delivered,512.08,apple_pay,US,
ec10722a-30f6-4bfb-9783-c82d5da9da4e,b2c5d6ab-d24d-4f8c-b1df-21249f6fe4c5,2023-11-11,confirmed,505.41,gift_card,US,
c8f5b76b-2a39-482c-96a0-701353988228,fe45a33b-e2ed-4c80-a918-01691ab02b37,2024-02-26,delivered,3255.75,paypal,UK,
c1d7105a-c59b-4d9b-9067-b3efc0199c49,bfc00672-9570-4b24-845f-2721ac16580c,2024-04-05,delivered,2750.19,credit_card,US,
9cc03bcf-8a95-4d32-93e7-0f13cdca4ef3,f412eab6-e513-469e-a254-7f91ed01f703,2024-01-09,backordered,1027.52,credit_card,Canada,
1a69eccd-6515-4e12-beb1-7552ab6f8e9c,b3a5b702-4adb-40e1-9a96-7e9b869cc524,2023-12-14,delivered,1979.53,credit_card,UK,38313041-db92-44c2-b0fc-c1ea93b7a302
d98d2f7a-edaf-484d-8519-1132b233b412,4abd67b0-664a-4049-9ddd-f9f30f4542c2,2023-12-05,delivered,485.17,debit_card,US,da74f772-a77c-4008-84e7-df95d1bc594a
07209b3e-6b40-4b52-b1c0-a0b403eca193,162cf92f-8972-44a9-949b-da75c8847a9a,2024-03-11,delivered,3529.86,debit_card,US,
0eff0b79-93df-4148-9142-50a36436c594,2f57afbb-0ed4-4b76-bce5-ee7979a2345f,2024-03-20,fulfilling,594.45,credit_card,UK,4c0c4ca5-737c-4158-ae74-86af81993130
9b77345b-fe4e-4066-a607-e52e0c32c780,a9199282-7d5d-4d33-8706-f8aff07b2e66,2024-03-20,delivered,999.1,credit_card,UK,
1c706be9-0e16-4a63-8569-4bcb852f0b89,1b2e9092-8666-47e5-b883-83f20d3dba6e,2023-03-25,delivered,269.56,paypal,Germany,4faae037-a71b-4bb8-a2e7-d57673275f59
1c7e4be6-6859-44e9-9a7b-1a4cf30b28f8,b9cfc4e5-f0ea-4f7e-a69a-528912d7b2ba,2024-01-20,delivered,686.28,credit_card,Australia,
d93d7d8f-512d-42c5-a3c5-bbb67215c011,0f9c9278-9be4-4700-8d99-65c41d55f6e4,2023-08-01,returned,188.57,credit_card,US,
e7dae4d8-81bd-408c-814c-96d2079a682a,d06fee96-ed97-4343-bb47-f7dfcf9d403f,2024-03-10,pending,44.68,credit_card,Australia,
5581f221-427c-432f-b0d2-1b4d051150c7,e69918b2-c163-4db5-9696-d65488e11d6a,2024-02-23,delivered,4214.44,paypal,US,
9cf4e39c-7764-4a88-894c-79d9ac853941,e5950cfe-1f6a-4589-aa1d-752d4002ab70,2023-09-12,delivered,1553.55,paypal,US,
59172dd4-26e2-4158-87f6-f0f341c8df1b,30648955-59ca-43a5-9907-db5e9962fd8b,2024-02-29,delivered,730.11,gift_card,US,
7df2c819-335b-42e8-8e85-252103d32d7a,bc3da3e2-e0f6-450a-8ed7-38c82f3499a8,2024-01-19,delivered,768.51,credit_card,Australia,
d4e6c948-3f94-4db1-b04d-010e4ce0ac19,593deab8-1108-47bc-8a0b-62dc81bd329a,2023-05-18,disputed,86.81,debit_card,US,
d08b9f45-a486-4936-9c85-48fe49415a32,e69918b2-c163-4db5-9696-d65488e11d6a,2023-01-01,returned,1428.06,credit_card,US,
f96ab6ad-97d3-4075-ac9e-0743228c2513,4e7a02f5-f62d-401f-b528-5d0af80d68c0,2024-04-14,delivered,429.87,credit_card,US,
f5b70202-3b73-47d8-9cbf-9e461a97cd57,6ce6fd6e-46f1-491d-8cbc-5486ffd76030,2023-08-13,delivered,3365.72,apple_pay,Canada,
18cc1ec8-9b1a-4305-b00e-d79513738af2,aa7f3132-6181-444a-9839-b501d2f13a1a,2024-04-17,delivered,994.49,debit_card,US,
9275f2e5-cc51-49ba-8a24-9cea17933a4e,02aab034-c604-4e70-81ad-58129f84e70d,2023-05-07,delivered,1344.79,credit_card,US,
01ebed40-3f19-49bc-b658-2bf1d6323595,71017aa3-5bff-4f34-b600-4c35aaad3880,2024-03-07,returned,467.61,credit_card,US,
d83f6b49-41ed-4912-9dee-5ced2864da67,9668ef01-8ca7-4718-940f-b56d3cee784b,2023-05-28,delivered,4571.94,paypal,US,
9054746c-9dc3-4b7a-a06a-83d9902287ae,8c90cce2-f90f-4065-862e-095e6f535ef6,2023-11-18,canceled,1296.74,debit_card,US,
a2cf73fe-a82f-4ff9-9271-87ed87c46dc2,b2c5d6ab-d24d-4f8c-b1df-21249f6fe4c5,2023-09-04,returned,197.6,credit_card,US,
db8d8cd2-786b-4bf7-84e0-e4bac7696a44,6a18ab29-0e69-49de-aa20-93f3de10bd9a,2023-07-21,returned,1290.73,credit_card,UK,
b6a70e4b-c570-480f-b343-5af643a1c0ed,a0228460-77e8-4edc-b97f-14dab3d9bed1,2023-10-23,delivered,1843.81,apple_pay,UK,
a9cb66ff-6af3-43f2-b3fd-ac3cde5378f0,adbed855-78db-4802-bd62-5513466609a1,2024-02-24,delivered,7958.18,credit_card,US,
502af2a9-a92d-431f-8490-e5798f3aac03,7d700a14-24f8-4255-987d-a7ef2091eff5,2024-02-18,backordered,486.9,credit_card,US,
bb775040-8ada-456f-b683-83180cb8eb0e,90783954-8b05-481a-94ec-1dae64f1e09d,2024-02-03,delivered,6802.38,credit_card,Canada,
963d8831-976f-474f-a839-b8e93b05b598,ef7e2551-02f9-4219-98ed-b613ccb394f6,2023-01-08,delivered,557.24,apple_pay,US,
779590e4-7f4b-49ae-8a91-d14e7b0aeea1,4d693500-67bf-42ec-b08f-0d3484e9b312,2024-03-07,delivered,2280.92,debit_card,US,
36e6a690-8d06-4368-ac96-f8f5462ad8b1,162cf92f-8972-44a9-949b-da75c8847a9a,2024-04-05,canceled,1064.92,credit_card,US,
bb88e65e-27fd-4fca-a7d8-6d5b57582d68,d750d318-74f3-426c-a5fd-6baacbe32eed,2023-06-30,canceled,1134.94,credit_card,US,bb2c11f3-a6f3-4004-976c-c19b72c9ee18
14dc687f-20e5-48fb-a2c4-ce123f73949f,a0228460-77e8-4edc-b97f-14dab3d9bed1,2024-04-17,in_transit,74.37,credit_card,UK,
0a6200cc-0685-4e0e-bf76-2e8e36107fb6,ebc7b605-9d0c-49fc-a758-fd791bed3f26,2023-07-07,delivered,86.15,debit_card,UK,
2455e0a8-3a7b-41da-823c-14b5b7b28639,741e7b87-e85f-415f-a9b6-d8643f7e9098,2024-04-26,delivered,721.12,credit_card,US,
276c964b-3d76-4b3d-a1da-6873598cab5c,02aab034-c604-4e70-81ad-58129f84e70d,2023-02-11,confirmed,1004.43,credit_card,US,
f4dddb01-2ebb-47f9-816f-de8afa2bbdd0,864b96b8-1747-4cc1-a202-9ade50f85c0f,2023-10-13,backordered,6881.4,apple_pay,US,
04e5b2f9-d1c5-416f-b497-b873c77d9278,b6b870c5-93f3-40a8-977e-8e3fb792db51,2024-02-24,in_transit,178.28,debit_card,UK,
b53deb52-6099-4b23-9533-76b06c6817c7,2707bcd3-11cb-40de-9392-18ac5008f35e,2024-04-25,delivered,2146.26,debit_card,US,
fe3223c5-7480-4787-9188-06434a7e33a7,68197f74-f3e4-4f29-8ee1-0efb8500e190,2023-06-05,delivered,495.92,credit_card,US,
fc4c7022-81c1-444e-a28e-064f74e907f6,6015445b-4128-4ca7-8b2b-2f14f1b866f6,2023-07-31,delivered,1271.14,credit_card,US,
b1d27838-828e-4fc1-97c4-73baf4109e1d,4194a41b-7ebe-4448-9668-b3ab24458c54,2024-01-07,delivered,71.02,credit_card,Australia,
5ae6a315-e796-49dc-afaa-20ab5bb588cd,ec151f56-80bd-4125-8ad7-18468e494aab,2024-03-13,delivered,128.64,credit_card,US,
012fd87c-096b-4f4f-8346-e3e789b99102,f147eecb-7dcd-4057-b179-18303e3eff97,2024-04-05,delivered,4199.99,debit_card,Germany,
07b45bad-c6f6-4de5-af13-54c2b8ebe8f9,68197f74-f3e4-4f29-8ee1-0efb8500e190,2023-02-22,backordered,1782.09,credit_card,US,
5ad0abd8-7bef-4b1f-966f-301dcd7e3938,5bece6f6-97de-4279-87b4-c3a203cf2bb7,2023-01-20,delivered,95.35,apple_pay,UK,
24cb22fa-05be-4b3f-be72-ff3058719c54,36bef2b1-ff0c-486a-a9b7-ca4dbf0cd690,2024-02-28,confirmed,836.92,credit_card,US,
d2b99277-acdc-41d1-b80c-e4c7c59b33dd,2d6159e3-ea1d-4c5a-853c-4d2b1565c1da,2024-02-21,delivered,580.07,debit_card,US,
a02efd10-aa75-415c-80cd-21b30ad65c2d,b143dfbc-a2c3-43d3-807a-48925bd2715c,2024-03-23,delivered,419.63,credit_card,US,
8c92ad2d-12f7-4e2f-856c-881a9373926b,6dfab93d-fca4-4074-9226-58b946ce0d1b,2023-12-26,delivered,4940.3,credit_card,Germany,
0ab020d7-85b0-4733-b4cd-3ac859004f60,4fc4bca9-8e80-449b-95ab-d3e92fa50df2,2024-02-28,delivered,437.15,credit_card,US,38313041-db92-44c2-b0fc-c1ea93b7a302
2b8ea5b1-7a72-4f4f-98dd-99d45eef8758,903644c9-5fe4-494a-a1f3-872a5dc6ab57,2024-03-17,delivered,882.87,debit_card,US,
8dcf6e4e-f1af-4dab-b983-ff1755b33db7,6dfab93d-fca4-4074-9226-58b946ce0d1b,2024-01-14,in_transit,9068.29,paypal,Germany,4a006bc4-5fdd-4955-9e9e-3a163cf13b87
35403f52-0a3e-451a-b61e-50f2514ade25,6a18ab29-0e69-49de-aa20-93f3de10bd9a,2023-10-20,canceled,284.21,paypal,UK,
661c16a5-ae85-4a8d-8ca4-7ecf4cca4774,2707bcd3-11cb-40de-9392-18ac5008f35e,2024-02-19,delivered,621.41,apple_pay,US,
75f82984-674a-46fc-af0e-0a9e7af957e6,f147eecb-7dcd-4057-b179-18303e3eff97,2023-07-31,delivered,1766.66,debit_card,Germany,
4d477421-33c8-4778-8bad-eb8c78692964,b9cfc4e5-f0ea-4f7e-a69a-528912d7b2ba,2024-01-13,delivered,16.46,credit_card,Australia,
e2804620-40e4-4d4c-94c8-b3fb5617bd87,8be97fa7-fb9e-4b61-9d8c-3e4064da8b1c,2023-11-25,delivered,2105.19,credit_card,Canada,
a4be29d4-c869-4fde-81ac-7a433783d0eb,22952b7a-1e1a-4388-bbad-d376e9778071,2024-02-29,delivered,5901.58,credit_card,US,
13a57631-c3b6-417d-8141-9996095f4d3f,f90508f3-2df7-42e1-9d74-a398c92e55fd,2024-02-24,delivered,48.4,debit_card,US,
aee19994-854d-4088-b34d-9d8b8fbf5df5,80de749e-464b-4ec8-b46f-84094aae4f02,2024-01-13,delivered,310.92,credit_card,UK,ffcf964b-4cf0-4992-be0d-4d77ba1077f4
aeb98857-bff6-42f1-8462-f8f5f387710f,d7f1fbce-34f6-431a-831b-0932ad165ed3,2024-03-20,delivered,1101.45,paypal,Canada,14f0a185-748f-42c8-88f8-30fad028721b
227846a7-c769-48fe-80b7-d3c119852b3c,f461704f-ef38-4400-9a3f-f51539f5598a,2024-04-18,delivered,642.44,credit_card,UK,59bae9eb-1ca9-4063-83ee-a0d4f004e14f
de162496-d030-4678-9758-da1c41e1bef7,85e6ac54-dfd6-4c62-9415-4e1d1c3dc1bd,2023-06-06,delivered,2154.68,debit_card,US,
fc070709-411e-4f82-b2ba-9bcf17dbc7f2,2707bcd3-11cb-40de-9392-18ac5008f35e,2024-04-30,delivered,841.53,paypal,US,
fd236f09-5373-4f0f-9a75-aaf17720334e,95b9e99e-8da9-472d-b104-ad0fc1cafc6f,2024-04-29,delivered,774.02,credit_card,US,
3f978a47-b7d0-41e7-9319-089ae18952c2,6dfab93d-fca4-4074-9226-58b946ce0d1b,2023-07-31,fulfilling,1017.22,credit_card,Germany,222a2d9c-8115-487b-bc4a-4ce24728c0b1
89721d47-69ed-42ff-a27c-5450c434b90a,7b0eaf69-39ad-4cbd-9efe-8d0e4a546bb8,2024-02-22,confirmed,1530.34,paypal,US,
6f5294bc-f68a-4de8-9e7f-ce9a58e6dbb7,761c858e-765f-411f-8547-47271f16f38c,2023-03-05,delivered,811.13,paypal,US,
1a75f01e-c783-4c99-ad9c-1f78bdfcd308,08d8859c-66fe-4417-923e-ada6bd4aa530,2023-03-05,delivered,97.38,credit_card,US,
adc52b40-e0a9-4767-8d3d-c3432f295260,481ce437-0759-4902-82f7-b9ea79c0d9ea,2024-04-27,delivered,66.27,debit_card,US,
7b17bd38-ec99-4574-ab9e-89f4daf12d92,cdc822c5-597d-483a-881d-318c9565674f,2024-03-26,fulfilling,949.7,debit_card,US,
5df03c81-32c5-4a4d-997d-de6fcfa02619,ef7e2551-02f9-4219-98ed-b613ccb394f6,2024-03-20,delivered,515.63,credit_card,US,4a006bc4-5fdd-4955-9e9e-3a163cf13b87
36acffb1-b812-4758-bd5f-d7e3ffc440bb,ad473f54-cfaa-4b35-99f5-532d72592f7a,2023-12-24,delivered,3017.88,credit_card,US,
ef2fb235-4762-4d01-b597-7233a272be49,891c51b2-7e5b-4bbf-9084-7a0e23027890,2024-04-02,delivered,250.09,debit_card,Canada,
cfeecd1d-8c01-4dc3-a4d8-245c06d340dd,1a35c6ff-298e-4a20-b58e-b8eb332ec156,2024-04-18,delivered,1920.96,credit_card,US,
2ff9c456-8e16-4e3d-a560-2cc06d17c8fc,96e043d6-3cc2-45ca-b393-ea857d3d7a70,2023-10-26,delivered,438.34,credit_card,US,
9ac7dd9b-b715-43c7-ad7b-9735f658c138,593deab8-1108-47bc-8a0b-62dc81bd329a,2023-03-05,delivered,1018.54,debit_card,US,
1834fec8-0276-4d45-9b5f-bd28143c67e7,9618f2ef-4b97-4f0a-a0c5-442d67239fca,2024-04-24,delivered,1308.58,paypal,US,
267a15e9-92e9-4600-b23e-9625ca2b5822,d750d318-74f3-426c-a5fd-6baacbe32eed,2023-07-21,delivered,1261.83,debit_card,US,
d8323191-d34b-406e-9a12-7e47fba34529,8a17e603-1fbc-4a3f-8c59-e7e30e4f8a11,2023-04-23,delivered,1519.14,debit_card,UK,
a48af327-417a-4744-9586-ddcb93729d7d,b6b870c5-93f3-40a8-977e-8e3fb792db51,2024-04-30,returned,389.05,debit_card,UK,
130d2417-668e-46ad-9d52-76e716aff63f,6a18ab29-0e69-49de-aa20-93f3de10bd9a,2023-01-20,in_transit,1151.18,credit_card,UK,
dff6efdc-36f2-4e2d-9c46-25cdaa947258,80de749e-464b-4ec8-b46f-84094aae4f02,2023-04-18,delivered,98.65,paypal,UK,
d219a39c-f075-4781-a4f9-41a6dac5e4da,603a922b-6c7c-4ad3-b8c2-64ccddc6d639,2024-04-27,delivered,485.5,paypal,US,
9faaa4ac-3398-4597-8e68-6a9bb00ea645,489ea9ac-f64a-4f17-84e1-a2efcdefd755,2024-03-03,delivered,135.12,debit_card,Canada,
d2683f80-e43d-47e3-9883-96660de83011,8a17e603-1fbc-4a3f-8c59-e7e30e4f8a11,2024-04-02,delivered,114.01,debit_card,UK,
a255ad87-77f4-4c81-b1bb-a16821d9ca64,2707bcd3-11cb-40de-9392-18ac5008f35e,2023-09-10,delivered,198.16,credit_card,US,
9fdccdbd-c4d4-498b-b3cf-2413e132a796,49d7dcc1-2b71-4bff-8ef5-13c6343b3a97,2023-05-15,delivered,305.96,debit_card,US,
b847324b-da23-4945-990e-80ebcd093839,b90b6ae4-f6f4-42ad-b219-cab0c872a816,2024-02-10,delivered,702.29,credit_card,US,
3ac5ab1a-e296-4d14-b416-08c676e8bde3,ecd53388-7ac2-4b64-ba63-bd45dbc475ba,2024-03-27,delivered,5874.76,credit_card,Germany,
a2003ee8-9417-4664-87f4-32c3e4a8cd3d,73ef568a-1ec5-4e89-ada1-5a27afbf7e1b,2024-03-11,in_transit,391.76,credit_card,UK,
d3834c45-f476-4a00-8b88-6d1f741c5880,bb1b7740-d2a6-46db-b26c-657bd0b73f9c,2023-03-06,delivered,4147.13,credit_card,US,
27c05bf1-3809-4547-9a76-32dde640457f,ef7ffc4f-13aa-4843-8838-38e09805bd8a,2023-01-31,delivered,1314.17,credit_card,US,
5627dffe-a3f5-4427-9c5b-fd47792c89c6,fc7bc133-f81c-4e2d-8460-5dd8ac802206,2023-04-06,returned,182.92,credit_card,UK,
d6e0f300-5d00-4611-8470-7f16435e213b,0d9a98e9-9084-47f3-ae6f-39c40005dcb9,2023-02-24,delivered,460.66,gift_card,US,
b039e48c-4d03-48f7-8ac2-f482823cc606,cc92017a-3a4f-4643-8094-93c9b56d25e0,2023-08-17,in_transit,619.81,debit_card,UK,
d86f79d7-a794-4eeb-bd5d-89c6b361abe7,3f15cd17-b080-4074-8a7e-c24cf8ae1be1,2023-11-21,canceled,711.7,credit_card,US,2ffc1cf8-dcd0-448c-ae87-f967a9405e13
e5890ce5-678d-42f9-9c66-aeff6d74bfea,638041a1-108b-4baa-a70c-c9acf6ef9553,2023-12-24,delivered,601.4,credit_card,UK,2dfe5992-d7b7-4e36-8b8a-4201e1cc2ca3
e558527c-ff0e-4377-8f3b-3dd2fa46a1b0,2707bcd3-11cb-40de-9392-18ac5008f35e,2024-01-21,delivered,2061.78,paypal,US,
317e2128-a050-4ed1-b047-338115a04cc5,b2c5d6ab-d24d-4f8c-b1df-21249f6fe4c5,2023-06-04,delivered,3093.76,credit_card,US,2ffc1cf8-dcd0-448c-ae87-f967a9405e13
bd979bbb-ebb2-4b9d-a60a-acdf5bfe5f0b,1e475fd2-d99b-479e-bffb-44352b2a5211,2023-10-21,delivered,3125.74,credit_card,US,
f51aab28-75cf-4af9-b6e6-bbf13477b7e9,966c308e-8dbc-4580-b67e-623fc5c14ce8,2023-11-20,in_transit,1466.46,credit_card,Germany,
dadc5283-82a0-4f29-a406-4626bb7abbbb,b2c5d6ab-d24d-4f8c-b1df-21249f6fe4c5,2023-07-09,delivered,1412.92,credit_card,US,423b7935-6b6d-40e7-8015-d7bcee1ac1d6
f148070e-efc1-47a3-b0ce-46088d5ad349,8a17e603-1fbc-4a3f-8c59-e7e30e4f8a11,2023-05-09,delivered,2016.74,paypal,UK,
bec05131-1e1c-4dc3-9818-deb4407c6c21,68cfd71d-256e-4e25-8b2b-fbd7048f0c99,2023-10-30,delivered,260.1,paypal,US,
962323eb-34f5-4c01-9c08-3fe657bfd135,3d0a59a6-fa43-4133-ba4a-16017e7a554d,2024-03-21,delivered,3748.27,credit_card,Canada,25b89cae-62b8-4a12-bdef-bd88cd3ff86b
fc869473-1d45-4aed-8d54-b8c27f61d1fb,f4c3cb7e-be58-4e40-9e10-73a909693778,2023-04-23,delivered,1159.11,paypal,US,
ccb88ea8-2eb4-446d-8fdb-d143af2c000e,bc3da3e2-e0f6-450a-8ed7-38c82f3499a8,2024-04-22,delivered,715.98,apple_pay,Australia,1f071716-4b66-4fff-ac83-71f4e91f0e7f
22f04b91-14e3-4a60-8339-0d5bcf07e9e1,4c5fd500-0c75-4b7a-9f38-a07e1e0b24b2,2023-09-01,delivered,53.26,credit_card,US,22a70b1a-70ac-4b7a-bec0-359c2c2a5754
b1598197-c095-4c74-b1ad-65a24263f633,4c5fd500-0c75-4b7a-9f38-a07e1e0b24b2,2023-04-15,delivered,430.38,credit_card,US,
f5540a8d-0f22-4d9c-acf2-cd2db6f18dc3,edca91f4-a5df-44e1-83f2-4936c087d640,2023-03-28,fulfilling,122.93,paypal,US,
507157b1-215d-413c-aec9-4b0a466c14fc,85646834-136e-4cb3-b7ab-a294b7716f0c,2024-04-18,delivered,5776.8,credit_card,US,
ac864550-e0cf-424d-81d7-a20210626898,4a9c434c-9c1f-4472-b2fd-dff6594bbc7a,2023-08-23,delivered,1098.8,debit_card,US,b94246e9-c684-4baf-ab8d-73ef447f1e23
166f1119-d347-40cd-8201-d7625b6368d8,d6362348-f33c-4b25-9c4e-d965696b6fed,2023-10-12,confirmed,1867.73,paypal,US,
d7fb13c0-4c82-4879-8d69-641528651705,0811221f-041e-4b6e-b5f8-9df05f0be232,2024-03-08,in_transit,162.45,debit_card,US,
41eb9760-6a74-4fab-97af-2103d51fed54,891c51b2-7e5b-4bbf-9084-7a0e23027890,2023-02-04,in_transit,89.47,debit_card,Canada,
2355fdb1-a30a-46a5-bf44-d6c9d1ef2787,c5535ec3-768f-4994-9667-7bef27295a44,2023-06-09,delivered,166.18,credit_card,US,
5860a5b7-6c43-4b18-a890-e47f6f6fe1bb,d750d318-74f3-426c-a5fd-6baacbe32eed,2023-05-22,delivered,221.91,debit_card,US,
66a8c5a2-4385-462c-be07-a653efbab94e,1c81bcea-b5e0-4adf-b2af-63a9e5486cff,2023-12-07,delivered,1050.55,credit_card,US,
62e125ec-8bf2-489f-8f84-a2069855affd,ebc7b605-9d0c-49fc-a758-fd791bed3f26,2023-08-01,delivered,2068.22,debit_card,UK,c02e7533-8a51-4d43-ae76-15692046f814
7721c117-6e2d-437a-bc4b-be8aead4f957,ecd53388-7ac2-4b64-ba63-bd45dbc475ba,2024-04-01,delivered,7.2,paypal,Germany,
3c496523-bba5-441d-b083-f10844d60953,68cd38b1-2976-432b-9782-71e81b37ed97,2023-06-03,delivered,40.21,credit_card,US,b94246e9-c684-4baf-ab8d-73ef447f1e23
2f7513fd-aa66-4347-bee2-fd4dfb7caa63,9f01a136-6844-4c86-bbae-e33307678df1,2023-04-28,delivered,1155.36,credit_card,US,54403d62-6ec8-4cf5-a05b-cfe04ad8a9fb
0cc9ad86-f037-4d8c-bc07-d54b82e84c13,761c858e-765f-411f-8547-47271f16f38c,2023-12-11,delivered,6728.44,credit_card,US,a099274c-e9a7-416b-be9d-48c3dab273cb
10649e9c-6c61-451a-9242-d1d877e39b5f,2b296d34-d086-4b39-89ab-f0b9cf6b06bd,2024-03-13,delivered,700.26,debit_card,US,
52b5a0b7-8b85-464c-8efa-94da7e49b557,c1bdb774-56d3-4b5c-9130-f35d4aca2846,2024-02-28,in_transit,115.56,credit_card,US,
65d30b4a-82cd-4cdb-b5b4-16e4c2dafab8,d682e65f-62aa-43bd-8de9-67f6127b5c53,2023-08-30,delivered,134.3,debit_card,Germany,c505dfce-2332-465c-928b-cd1ff1e8a740
d3668ee2-3b04-4fd8-9f91-99001db10007,593deab8-1108-47bc-8a0b-62dc81bd329a,2024-03-07,delivered,2249.7,debit_card,US,
84aae08a-7773-4797-89ea-833a7c71c662,a44f057b-1830-4800-9fa1-8e61907c47a7,2023-03-24,delivered,2096.43,debit_card,Canada,f779dc02-992e-4bec-8be4-e744e15eb498
fb56116f-192f-4814-b435-1c5b16ee5ceb,8be97fa7-fb9e-4b61-9d8c-3e4064da8b1c,2024-03-11,delivered,940.21,credit_card,Canada,
b419effb-89fc-4931-8eee-d0159afc703a,afc1c824-f5b1-4847-9219-cdf9aba4361a,2023-08-12,in_transit,491.77,debit_card,US,
78bcb2b2-0515-4ab0-a344-579944d5162c,bc3da3e2-e0f6-450a-8ed7-38c82f3499a8,2023-03-24,delivered,195.55,debit_card,Australia,cc6fad82-4963-4f6f-a993-3cf0e293b3e2
5abd0517-3b8a-4a4d-8e86-c6f9acb8cfe6,9668ef01-8ca7-4718-940f-b56d3cee784b,2023-08-07,delivered,3830.52,paypal,US,
abeb9c40-ab05-4d6b-8f16-ce09467952cd,71017aa3-5bff-4f34-b600-4c35aaad3880,2023-12-15,backordered,2596.76,paypal,US,
302d0dcb-07dd-4d2f-948b-3bd04b627065,8a17e603-1fbc-4a3f-8c59-e7e30e4f8a11,2023-02-22,delivered,1689.49,paypal,UK,44ca58fc-cd7c-438c-aa39-989e0b628eeb
632bc611-356a-4227-a47c-1f4b73933bf1,45715a74-0eab-4fb9-aaa7-47e48d489973,2023-03-07,delivered,77.59,credit_card,UK,
2b70a668-7f90-40c1-ad3f-7b741cb79025,162cf92f-8972-44a9-949b-da75c8847a9a,2024-04-22,delivered,607.57,credit_card,US,
1a8dafc8-7238-43f8-9050-758e1cc29ac5,6dfab93d-fca4-4074-9226-58b946ce0d1b,2024-04-01,delivered,1201.8,credit_card,Germany,
b5d99a55-0a35-4fc3-82ae-b167e697d2d1,4ad4488b-36c6-434e-b350-d7015a831661,2023-05-09,in_transit,780.84,credit_card,US,
45c88d57-cc06-44db-b47e-5d0641677ca4,dfb4d804-80b3-4d76-b7d8-398eacf372f5,2023-08-14,delivered,1068.11,credit_card,US,
7282dc8e-57b1-433b-82cd-777ba2376ea4,9668ef01-8ca7-4718-940f-b56d3cee784b,2023-09-22,delivered,208.96,credit_card,US,
c6919338-c335-4416-9975-2515b9a1ea0a,c70efc24-7937-4bed-a914-ae131c252469,2023-08-16,delivered,482.77,paypal,US,
932e774d-ff77-4f8d-a48b-1bdd44e49307,84d97571-f54f-4ddf-a4c9-8f29a73324a6,2024-03-19,delivered,324.49,credit_card,Germany,
f66b4a26-1e2f-408e-9d14-98a156fe4202,2bf39097-0bf2-4fc3-b2f3-818bf1a031ad,2023-09-23,canceled,4437.65,credit_card,UK,
95d0d969-9750-40b4-8860-eab755255a20,8be97fa7-fb9e-4b61-9d8c-3e4064da8b1c,2023-11-06,returned,107.78,credit_card,Canada,
c85c2d0a-4d9c-4dba-96a4-d4a16f9770a0,40f7a946-838d-4fef-bbde-71a374fd6f74,2023-09-09,returned,441.98,credit_card,Canada,13b7f21f-dad8-4aa1-a43d-9509f3caee63
7e5c00a6-57be-4a6e-b121-8fb2895b8020,593deab8-1108-47bc-8a0b-62dc81bd329a,2024-03-22,canceled,2745.57,credit_card,US,b7c9faba-5ec4-4b76-9256-a1c7f77a13c0
98c71d90-cb16-4e4c-b9da-eb599e5db4bd,5c796213-d509-4978-bb03-5a28a2cf0d59,2024-01-30,delivered,1027.0,credit_card,US,dabc0771-4572-4b43-bfcf-908e3c1b1756
51ba50f2-49ba-4894-9e3f-af031a558c8c,fe45a33b-e2ed-4c80-a918-01691ab02b37,2024-03-03,delivered,3530.27,credit_card,UK,6c91bddd-70e5-4708-b661-a584a8825398
d59b77f6-2e7b-4e24-8b7f-f210e445e2ce,22952b7a-1e1a-4388-bbad-d376e9778071,2024-01-26,in_transit,449.0,credit_card,US,
da0ab055-8c2e-4120-b958-b5ee05ff6d98,af03e8b7-cd17-4f7a-a310-60016aff557a,2024-01-14,delivered,283.91,credit_card,US,
72306957-8ff6-4ca1-bde2-2dd00b2d2d64,6ccabf87-5a51-4576-827e-32dee774ae4a,2023-04-05,delivered,2112.01,debit_card,Canada,
e6e8fd51-67e3-48d2-ae72-98436e023a37,dd0cb009-6b28-4f48-a54b-074149d3ac86,2023-09-23,returned,18.42,credit_card,US,
8dbbcb56-d13f-4d6c-bacc-87c749f65696,4268fe6d-322b-48c4-9e85-433bc5b80ea3,2023-03-23,delivered,2259.3,debit_card,US,a1503248-3f0a-4d2c-9194-bb443d52e371
0332b30d-829a-4bba-8fd5-c24da2b2092c,b3a5b702-4adb-40e1-9a96-7e9b869cc524,2023-12-25,returned,1701.91,paypal,UK,
b93bb72a-2a86-4a42-a173-2fc462725888,6a18ab29-0e69-49de-aa20-93f3de10bd9a,2023-03-21,delivered,193.93,apple_pay,UK,
2b0d531f-2fe3-4750-a60e-eb3e16ae86f7,1e8eed99-9b0f-463e-abc3-9ab34fb762fc,2024-02-28,canceled,658.24,credit_card,US,94ca2564-df1d-414e-89d7-0813bf579525
f414a2f7-b330-4643-bdef-cd6f23fe38bb,5b73159a-c4fe-46b4-a4e2-cb90b47152f1,2023-09-14,confirmed,840.11,credit_card,US,
25672198-5229-4475-8c5b-23e1ec2edbfd,9e0a00a6-77aa-45d3-977b-b35cff8a4db5,2023-09-06,delivered,1327.79,credit_card,UK,
7ed8a5d0-1603-4e4f-a9e0-16cb3b2c255f,fae42c58-482c-4588-8f7e-095b343898e5,2024-02-24,in_transit,644.47,debit_card,US,
fcd480f5-893b-4e2b-a4a9-9a3c07cc244e,891c51b2-7e5b-4bbf-9084-7a0e23027890,2023-04-11,delivered,283.0,debit_card,Canada,
b2d65e24-2ce5-4156-b505-225176dac094,50eb5a41-ebfc-4461-ae3f-81e69a3a1ddb,2024-04-30,confirmed,1187.4,credit_card,Canada,
e3dbb9f5-6366-436b-aedb-3df51318532b,3c991bd4-46fe-4a0c-bc7a-c117335152fa,2024-02-22,in_transit,4637.69,gift_card,US,e5878ca4-968a-4dc2-8e23-1d229388c761
34ed12fe-4d5d-4a98-8372-453c36320065,36bef2b1-ff0c-486a-a9b7-ca4dbf0cd690,2024-02-11,delivered,233.75,apple_pay,US,
8049b91c-55e3-4784-b940-afa9018ca18d,c1bdb774-56d3-4b5c-9130-f35d4aca2846,2023-11-14,delivered,60.26,credit_card,US,
a39990a7-2284-4fdc-ba32-04898081563a,e69918b2-c163-4db5-9696-d65488e11d6a,2024-01-17,returned,335.36,paypal,US,
da549840-6086-4398-9a8d-81e379a3c22c,593deab8-1108-47bc-8a0b-62dc81bd329a,2024-03-30,returned,1595.31,paypal,US,45bbdd18-7e62-4b49-9cbc-fe5c6592ef16
3f03ce7e-52ca-4f7a-85e1-1e54f4647eee,822dc53e-0760-4041-b43c-bac3d0057bfb,2024-04-06,backordered,346.03,credit_card,US,
dd72d9cd-d076-4fd3-b697-00cb6fce3490,b4af99bc-74c9-4122-94af-4f63add8af5f,2023-02-18,delivered,554.7,apple_pay,Canada,
6c56f7bc-fa8e-4ba5-bf79-e19da6b11457,409e4737-97c5-4657-b34f-12892bc4de60,2023-11-22,canceled,2777.52,credit_card,Canada,
5de1bfa2-f4cd-4731-b5cb-3fbd59392682,e5a0ba19-6693-4036-b995-b3b2a41a678a,2024-03-08,delivered,1580.32,credit_card,UK,
befc089b-61b6-451a-ac76-b250fa1c052d,cc92017a-3a4f-4643-8094-93c9b56d25e0,2023-08-18,delivered,1099.48,debit_card,UK,2f549708-f3ab-4e22-a1fb-cda62268a4fb
d1cb1f3b-5674-457a-bfc3-fd1af58d7d65,3f15cd17-b080-4074-8a7e-c24cf8ae1be1,2023-05-30,delivered,536.53,gift_card,US,
60a7a0a1-7854-476a-b16c-8eb81993a4b2,3f15cd17-b080-4074-8a7e-c24cf8ae1be1,2023-08-23,delivered,1419.92,credit_card,US,
c95491dc-87a0-4471-a3d9-74e91be9d2a7,8a17e603-1fbc-4a3f-8c59-e7e30e4f8a11,2023-02-11,delivered,824.46,credit_card,UK,
36d24577-928c-4e7d-801c-0fa1d0dbbafa,1515a6e2-869c-42a0-88fd-f72eab5da3ac,2024-03-19,delivered,898.32,credit_card,US,
2d251a60-3a1c-42f6-b333-c0388decbffe,6a18ab29-0e69-49de-aa20-93f3de10bd9a,2023-12-22,in_transit,69.08,paypal,UK,
4dd804d5-c531-436d-8182-49a2ab6f1847,1b2e9092-8666-47e5-b883-83f20d3dba6e,2023-09-27,disputed,7219.6,apple_pay,Germany,
02ff984f-4b81-4bed-849b-ff40d3af1cf8,6ccabf87-5a51-4576-827e-32dee774ae4a,2024-01-19,delivered,2681.14,debit_card,Canada,
6db745db-442d-4547-a085-7ea027ac54fe,b2602884-580a-4322-8398-c329c8ffebb8,2023-08-12,delivered,60.07,debit_card,US,7aeba06c-2829-48c1-a3ae-867a5b067623
518aad3c-f255-44d7-92b8-30817f6a32b5,e5a0ba19-6693-4036-b995-b3b2a41a678a,2023-09-08,in_transit,9551.9,credit_card,UK,3dc4dcb5-bcf4-4416-92ce-77a5168fc646
7a181d38-4cc2-4ac8-9a03-0e9d79ec983c,48363c09-6497-4ba0-bcf4-09e8bb453631,2023-07-25,delivered,2084.38,paypal,UK,
4c8646ef-723c-40e2-913d-07c60fa56465,f147eecb-7dcd-4057-b179-18303e3eff97,2024-03-13,pending,431.43,credit_card,Germany,2d7920f3-c224-4090-ac7e-3524467c5dff
2c7006e6-e7d7-4baa-b0e6-7cd727999e19,822dc53e-0760-4041-b43c-bac3d0057bfb,2024-01-22,delivered,48.08,debit_card,US,
ec874a1c-f134-4148-a610-b3c3636c2d27,825beef6-e9ca-4194-bc17-e91c96470e0c,2023-12-21,delivered,642.77,credit_card,Canada,
90ab37b2-2846-4ab0-92d1-e015d8dfad0b,4a9c434c-9c1f-4472-b2fd-dff6594bbc7a,2023-12-24,delivered,1062.73,credit_card,US,
63b04001-1bfb-4208-b341-d3b9faaa54bf,f147eecb-7dcd-4057-b179-18303e3eff97,2023-07-01,confirmed,144.45,credit_card,Germany,
82ff0eb9-769c-4d5e-af1c-00a5f7fd5749,c79a7318-97c7-4719-be1f-275dbd92e2a4,2023-11-23,delivered,246.65,credit_card,UK,2d7920f3-c224-4090-ac7e-3524467c5dff
f2b0c2f4-e539-4d18-b2fb-02bf825ffdd5,dbb50ca7-f392-45a3-95fc-2919014dcee0,2023-09-02,in_transit,1812.33,debit_card,UK,
804392a2-a2c6-4681-8ce8-41e63b3bdddc,68b6af5f-82ce-4006-b828-bd584ddcca8e,2023-08-30,confirmed,476.52,debit_card,US,
cbd7ea22-551f-47e2-bc3e-5f375a4751f5,d06fee96-ed97-4343-bb47-f7dfcf9d403f,2024-01-24,canceled,4365.38,credit_card,Australia,
f0f737c6-19e9-4802-88b3-3b0638b60158,a9199282-7d5d-4d33-8706-f8aff07b2e66,2023-08-29,confirmed,1384.8,credit_card,UK,
b88d57ce-9064-4806-a18c-cdf85618da16,809b6ba7-c910-43e1-9630-919dd08184f7,2023-11-26,returned,37.87,apple_pay,Germany,
7009c720-3eed-4e26-b4c2-f7f9efedaba5,984b0359-06a3-4f31-98bb-cff581882bf6,2023-11-26,in_transit,399.82,credit_card,Canada,
cd8148bf-d6f7-4f90-a4ad-1d4b00e1a673,f147eecb-7dcd-4057-b179-18303e3eff97,2024-04-01,confirmed,469.68,credit_card,Germany,
647dd777-a020-47d5-a6bb-2025cf0a5473,8c90cce2-f90f-4065-862e-095e6f535ef6,2023-11-14,canceled,2784.45,credit_card,US,
7fed1d50-7db5-4886-b73e-73982081268b,d255ae66-cd56-4965-947a-fc7887d075ca,2024-04-17,in_transit,259.08,credit_card,US,
2b314cb0-b67b-4665-a88c-b220fba7f25e,2c7af87c-d569-47a1-884a-6b4d79c95689,2023-06-01,delivered,947.22,debit_card,US,
13d4e0cd-0b12-408b-b76a-48d5f936600e,e5a0ba19-6693-4036-b995-b3b2a41a678a,2023-10-28,returned,204.51,paypal,UK,
d44088d7-51fa-4fb3-b2ff-23fa937e683a,761c858e-765f-411f-8547-47271f16f38c,2024-03-05,confirmed,2825.95,debit_card,US,
5942c5c4-6409-403b-9883-35d82f17979f,678c42ce-ac87-4a6b-b3d5-e7bb16af7b02,2023-08-03,in_transit,158.67,debit_card,Australia,
db669a67-1596-406a-9076-b3a1e6399165,9b954335-f41c-473d-b707-8bbb94f32d13,2023-12-22,delivered,1717.81,credit_card,US,
f0893278-9671-4711-96db-8fcdc3f777e5,161b62da-8b33-462e-b798-fae6e08e72d9,2023-12-27,delivered,311.05,credit_card,US,
1cf4b9d1-42e9-4289-843f-f023dcd625c4,36bef2b1-ff0c-486a-a9b7-ca4dbf0cd690,2024-01-24,delivered,1675.07,credit_card,US,f5414f86-1151-4a4f-ac3d-95d1e798e451
d1b3dcaf-81a6-4102-9dd6-d3d74e853d59,bc3da3e2-e0f6-450a-8ed7-38c82f3499a8,2023-12-10,delivered,882.92,credit_card,Australia,
bda1153c-4523-40d8-9c37-0caf933849b0,f40108b5-0b86-4011-b02c-2cc0a581efa0,2024-02-24,delivered,157.44,paypal,US,
63509f13-aff7-46d5-9454-d8dcf9ed20e7,d6362348-f33c-4b25-9c4e-d965696b6fed,2024-02-07,delivered,1835.69,credit_card,US,
0c2c2dbf-5e23-4ef3-ad27-58668013ac9f,6dfab93d-fca4-4074-9226-58b946ce0d1b,2023-12-16,returned,243.16,credit_card,Germany,
3ae6469f-c6de-482c-9c46-482f7f5e4010,71017aa3-5bff-4f34-b600-4c35aaad3880,2024-04-05,delivered,849.93,apple_pay,US,
b8ef25c9-5ed2-458e-b140-88ec77a71ae0,8be97fa7-fb9e-4b61-9d8c-3e4064da8b1c,2024-04-16,delivered,123.89,debit_card,Canada,
d75f91d9-e043-4b63-ade6-9d2d36bf2071,761c858e-765f-411f-8547-47271f16f38c,2023-12-17,delivered,1615.18,credit_card,US,1f071716-4b66-4fff-ac83-71f4e91f0e7f
c7f9ebf4-aede-49cb-a9ec-fefc2749a37f,1fb25561-26a4-4762-be75-7bc01609052d,2024-03-01,delivered,169.4,paypal,UK,
8a662199-9376-4bc8-80db-313ba7d739fb,b9cfc4e5-f0ea-4f7e-a69a-528912d7b2ba,2024-04-06,fulfilling,228.53,credit_card,Australia,
7d972127-47b0-436e-9aa7-f43ead8712b6,3bcc1ea3-d46d-4754-932e-487abaad8967,2023-11-21,delivered,1579.87,credit_card,US,
1cba9d94-e421-4245-af00-4360a7d60b79,2f57afbb-0ed4-4b76-bce5-ee7979a2345f,2023-11-21,delivered,177.01,credit_card,UK,
3a4ede1b-cfde-4d6c-b41d-4ad0fac845aa,4f2832ed-222b-42a0-a94a-1de8f8e78ff1,2023-10-24,delivered,1306.06,apple_pay,US,
3a1f208d-3e86-4d3c-94a1-c1201a50870d,859c4e8d-c729-4301-9f87-d393a6120d66,2023-06-21,delivered,1301.15,credit_card,US,
d9474564-b17b-4a14-98fc-21d435b92acb,708116b3-ac42-4904-9b90-1ad176935278,2024-01-24,delivered,335.11,credit_card,US,
ca872056-5069-4f7d-b734-3e5db7947abb,678c42ce-ac87-4a6b-b3d5-e7bb16af7b02,2023-03-04,delivered,154.98,paypal,Australia,53929d63-6712-4a31-85c3-807f22f068f4
ef2881ec-f484-48c1-af12-267a81f65e69,65435a2a-f65d-4e00-a301-bc01f243fe91,2023-03-26,delivered,524.7,debit_card,US,
907a5848-24a8-4544-b63f-8eef109ffc70,2bf39097-0bf2-4fc3-b2f3-818bf1a031ad,2024-03-23,confirmed,3226.5,debit_card,UK,
cb94de89-98ae-4afc-847a-9dd4e5aa67cf,5938fb34-b0d5-40bd-b8da-a028cd3ca29b,2024-04-03,delivered,368.97,credit_card,Canada,
b852969d-57ea-4889-82b8-aee9f417f491,80827f1f-7cea-41dc-9905-c25587477934,2023-10-16,delivered,16.13,credit_card,US,
0db22f62-e24a-4b68-a9b5-1fe2df65caf9,502bcef1-e8d7-43c4-89eb-25fa42bc86e4,2024-01-25,delivered,795.86,paypal,Australia,fec89114-80f0-489e-a3bb-cca22dffedc8
55ced44a-9459-4f81-82c3-5cd930214dac,0b14eee5-c3ea-411a-9877-6128875f3cd2,2023-12-06,delivered,178.12,credit_card,US,
a9907cda-c63e-4396-937b-d116fe156364,fc7bc133-f81c-4e2d-8460-5dd8ac802206,2023-06-28,delivered,1012.13,credit_card,UK,
0bbfc441-b8f2-45f3-809f-daae2afb0897,27b818ea-629b-4095-b504-4a15a922db39,2024-01-22,delivered,53.84,credit_card,US,
bc4bd8b0-91c6-4161-a668-23b4cb625351,e5a0ba19-6693-4036-b995-b3b2a41a678a,2024-01-28,delivered,356.56,debit_card,UK,c75daca6-acce-4368-a630-0c4ec8d905ad
10233c28-59d4-4845-9af0-4a76105943f7,4be39f5b-f970-406e-a161-72a345f5c305,2023-08-18,returned,5065.48,credit_card,US,
dd615711-363c-47fc-a486-be255f35ae44,fe45a33b-e2ed-4c80-a918-01691ab02b37,2023-01-08,in_transit,1395.88,credit_card,UK,
6a671a40-c607-4221-bafa-aefacd9b121a,6eb3320b-6e5e-4682-a262-c7071172cd40,2024-03-12,delivered,324.0,debit_card,US,
338a0ba7-92fb-4228-924c-7cdaeda0a71d,02aab034-c604-4e70-81ad-58129f84e70d,2023-09-08,fulfilling,561.61,credit_card,US,
d77a52a7-d96d-4ba9-b14c-48c075596702,4be39f5b-f970-406e-a161-72a345f5c305,2024-04-27,delivered,5119.53,credit_card,US,
ca7e5fde-cd8a-4a55-bcf5-0789fac5ac33,708116b3-ac42-4904-9b90-1ad176935278,2023-09-29,delivered,2699.28,credit_card,US,
28447727-a017-473c-8ed9-b037ad82ff50,694ca800-2a62-442d-81c1-8d9917dfe1a5,2023-11-17,disputed,173.62,paypal,US,
12d21101-5f0a-4e5e-b87e-ef014f970d94,161b62da-8b33-462e-b798-fae6e08e72d9,2024-03-07,returned,6444.84,gift_card,US,
38235ff4-21b0-4351-a9c6-6fb308ddc861,e99aec32-80d9-4b78-bda0-4e18e25cd8a5,2023-11-30,delivered,400.5,credit_card,US,
e1812538-6614-487a-83df-22692ab464d2,593deab8-1108-47bc-8a0b-62dc81bd329a,2023-12-25,returned,1137.85,paypal,US,
079e88f7-4c89-472f-aab2-a6f63a1df600,678c42ce-ac87-4a6b-b3d5-e7bb16af7b02,2023-01-03,delivered,828.07,paypal,Australia,
76229340-55ba-4105-88c4-391bef880bc3,7e78b0e9-6156-4594-a32d-34b1b51c4c0f,2023-04-16,returned,613.2,credit_card,US,
9f790ce8-9f63-4e95-8340-3307cccf2a03,b2c5d6ab-d24d-4f8c-b1df-21249f6fe4c5,2023-08-17,delivered,352.76,debit_card,US,3dc4dcb5-bcf4-4416-92ce-77a5168fc646
40472af4-a331-4402-83f8-4a35469ded1e,1515a6e2-869c-42a0-88fd-f72eab5da3ac,2023-01-02,delivered,647.08,paypal,US,
fedefdd3-096b-46f1-8b44-12df360e1997,dfb4d804-80b3-4d76-b7d8-398eacf372f5,2023-04-12,returned,688.9,credit_card,US,
273035e9-61b0-4daf-8864-ae12e0bf2716,e69918b2-c163-4db5-9696-d65488e11d6a,2023-06-05,in_transit,10326.94,paypal,US,
8d9cb252-5290-4b0d-ab8e-49ac10c421e4,7b0eaf69-39ad-4cbd-9efe-8d0e4a546bb8,2023-12-03,delivered,459.54,paypal,US,53929d63-6712-4a31-85c3-807f22f068f4
0309e315-d9c5-4c85-884a-87e25133a62c,1e8eed99-9b0f-463e-abc3-9ab34fb762fc,2024-02-01,in_transit,1676.22,credit_card,US,
49db199c-556c-4153-bdcc-62d7349e6e3d,b3a5b702-4adb-40e1-9a96-7e9b869cc524,2023-10-12,delivered,357.86,credit_card,UK,
4537de12-e489-455f-ae31-f0f902f15175,0e444be7-c58b-406c-88bc-cc96872a8703,2023-11-05,delivered,2759.89,credit_card,Germany,
4ba36a28-0458-4e1a-a1b6-298cb583b073,30648955-59ca-43a5-9907-db5e9962fd8b,2024-04-23,returned,145.26,debit_card,US,2dfe5992-d7b7-4e36-8b8a-4201e1cc2ca3
8832e3f6-0986-4c86-b876-1e9fa8f4f6c4,d8b3cec9-cf3c-4972-b5a8-44c3c117eb94,2024-01-09,pending,240.87,credit_card,UK,e9e15041-6ac5-430f-b9a2-a8caf63e2ba8
b22891ea-3cc2-4bf4-a9d9-6d96bd0b5848,708116b3-ac42-4904-9b90-1ad176935278,2023-08-31,delivered,3512.24,credit_card,US,
390b6007-8976-4790-962f-cb0db26d20df,161b62da-8b33-462e-b798-fae6e08e72d9,2024-03-15,delivered,66.19,apple_pay,US,f1f33016-96a0-4179-a288-eea506e35be2
fd419a99-6444-407d-ada7-6d9980a67c4b,b3a5b702-4adb-40e1-9a96-7e9b869cc524,2023-12-28,delivered,8695.02,paypal,UK,
29d025c8-4160-4fa7-85f2-a606e49eb90f,9668ef01-8ca7-4718-940f-b56d3cee784b,2024-04-22,canceled,3799.81,gift_card,US,
d905b6be-d36a-4a77-af10-753d927bfc59,5eb68511-bbcd-4dfe-8cd3-202ac370c091,2023-10-30,delivered,1869.06,credit_card,US,
852eebc2-8355-430f-a12a-fbbcaa7ec2cf,8be97fa7-fb9e-4b61-9d8c-3e4064da8b1c,2023-12-11,delivered,420.38,credit_card,Canada,
d9059c37-0629-4a09-99c5-2d6bff85600f,6eb3320b-6e5e-4682-a262-c7071172cd40,2024-03-16,in_transit,264.24,credit_card,US,
5b54a697-209c-4f87-b06b-12f7d1a901d1,8c90cce2-f90f-4065-862e-095e6f535ef6,2023-01-08,delivered,947.24,credit_card,US,
cb864e0e-c13b-4cdf-af44-485717eb8afc,d465c2b7-4fca-4bb9-8632-cbc1235ceefa,2024-03-09,delivered,302.2,debit_card,US,
5e4fa51b-88a3-4020-b6ed-32ff10c0732d,bdb5a2bf-2caf-487a-8811-af5e27d0e38c,2024-04-19,in_transit,2231.99,credit_card,US,
86fc6f8e-dc88-483b-b999-daf42144a79b,ef26974f-7ed1-4e15-a53b-ae4a448d82e8,2024-03-25,delivered,138.2,credit_card,US,
5da752d4-e4b7-4b36-8fca-480e1de525e7,e99aec32-80d9-4b78-bda0-4e18e25cd8a5,2023-03-06,delivered,378.66,paypal,US,
cda42c8d-cde3-42b0-8937-c0b6f75be6ea,2fabf93e-bc3e-47d8-88e7-6e1f8bc05df8,2024-04-18,delivered,1427.84,credit_card,Australia,
2561e5c9-ea03-4062-b736-e560410a8f3f,1d13d60d-8223-4961-b679-208d4fe4f126,2023-06-20,delivered,18.68,credit_card,US,
96fe92cb-51e7-4349-a618-d3e3d27c6d54,4b92eddc-5bf3-4aa1-8e2e-e91c0f44c03b,2023-08-30,returned,2576.16,debit_card,US,
1be9a28c-0635-452d-8d64-bcc719dbe9b8,4abd67b0-664a-4049-9ddd-f9f30f4542c2,2023-08-25,delivered,1884.34,debit_card,US,
bba53102-4689-4800-9f8c-04676e2780fd,69b8c25f-636c-45ea-80aa-3413eb6f7f7d,2023-09-06,delivered,888.28,credit_card,UK,
35fb7add-6032-4cca-aeb3-0377c9d808ba,ce6abd3a-3078-4ba8-9dac-a40c4b6fcba9,2023-09-08,confirmed,528.12,credit_card,UK,
36d4f781-c4ca-424b-86ff-e53fb60e22a2,4ceb54d0-7aa0-46fa-b9e0-5a103fe8d1c5,2024-02-28,fulfilling,95.1,credit_card,UK,
9bc0f6ae-4170-44e8-b495-6a4f25194327,a3297b8f-90e1-454b-954a-78b5ac4b0a16,2023-08-10,returned,2337.03,credit_card,UK,
88c03471-4197-40ad-987b-8337617fc235,68cfd71d-256e-4e25-8b2b-fbd7048f0c99,2023-05-11,delivered,3453.79,debit_card,US,bc598d95-bba1-4398-b161-82a0c01ee708
40261897-a21b-41df-b484-c2d65f7fdcc4,ee3462fb-b756-4e44-a0eb-227af4fa1c3a,2023-12-07,delivered,899.72,credit_card,Canada,
a4d8a735-988d-40fe-b0cf-1da2274b02ac,cd71de6f-8bae-49d2-bfcc-19a8101e3c99,2023-07-16,fulfilling,68.38,paypal,US,
49c712f2-4ea7-4439-a127-3f402f5e43a3,5b73159a-c4fe-46b4-a4e2-cb90b47152f1,2024-01-26,backordered,591.32,apple_pay,US,
97c3e1a7-ebfa-4f55-961d-7de30cf2b0b9,8c90cce2-f90f-4065-862e-095e6f535ef6,2023-04-15,delivered,433.36,credit_card,US,
e194c855-25e6-4a43-8b6b-7bf80fef66c1,85c7bb1a-0faf-4ade-a502-ea4d2050b799,2024-04-04,delivered,190.17,debit_card,US,
724b94b4-a4c2-4a4f-b35f-339c6aaeffe0,bfc00672-9570-4b24-845f-2721ac16580c,2024-04-29,fulfilling,536.58,paypal,US,
923c36cd-5081-4a02-9951-029375963b61,9e0a00a6-77aa-45d3-977b-b35cff8a4db5,2023-04-24,returned,2739.87,credit_card,UK,2cc22a4a-eb53-4ffc-9079-fb349e2d0e28
a1583907-4a0c-43d1-9e0f-2a0885c49800,5c796213-d509-4978-bb03-5a28a2cf0d59,2024-04-19,delivered,193.9,credit_card,US,
d42d0cde-6e2f-44ff-b89b-d25ac2e4e8f4,a0228460-77e8-4edc-b97f-14dab3d9bed1,2024-03-10,delivered,2105.62,credit_card,UK,402ca7b9-0b14-4fce-9105-131ec56dda83
000b02f4-f04c-4aaf-bd93-78234e4ff683,aa7f3132-6181-444a-9839-b501d2f13a1a,2024-04-21,delivered,582.73,debit_card,US,6c289908-ca4b-4caa-8423-04c10203f43d
02bd6664-e8f8-489d-9a9b-d28226a9e211,fae42c58-482c-4588-8f7e-095b343898e5,2023-05-26,delivered,937.7,credit_card,US,
22fdce16-2f2c-4d26-a154-45af09555ab8,4b92eddc-5bf3-4aa1-8e2e-e91c0f44c03b,2023-09-19,in_transit,1471.34,paypal,US,
8da49b8c-3d95-450d-9fba-bcfac592928c,4f2832ed-222b-42a0-a94a-1de8f8e78ff1,2023-07-26,in_transit,70.77,paypal,US,
e64a4aa3-40b4-4d00-80e5-8dd5e41e476a,070a1c87-7d12-48ff-977d-ca032c246d92,2024-01-24,returned,274.89,credit_card,Australia,
bfcbc77c-f60a-4b75-ab15-0bfeec6cc1e1,e1474c78-97e0-48c8-9992-1c90ab92f2e9,2024-04-04,fulfilling,542.38,apple_pay,Germany,
163baaa7-b029-4ed4-9238-9724f300ec1f,382f413a-d565-4dd5-a44f-2b2ecb44e83a,2024-02-03,delivered,442.56,credit_card,US,
00871605-07cc-47a7-ac9a-d01572370a63,30926c6e-1e8a-448a-9b83-a7e03b17779d,2024-04-27,canceled,4090.66,paypal,US,
909ca521-570b-4ccd-9ece-4f6c3bd89101,73ef568a-1ec5-4e89-ada1-5a27afbf7e1b,2023-10-02,delivered,150.93,credit_card,UK,
f3ceba0d-f8bf-481d-a82d-8b61ea73d3fa,90783954-8b05-481a-94ec-1dae64f1e09d,2023-08-18,returned,1593.7,debit_card,Canada,
756e8f49-3864-4f82-86af-fee3cc67779a,046207b2-0840-4d28-a8fc-5ea9166dca2e,2023-02-09,delivered,1764.15,debit_card,US,
bc2456f3-d777-4b6f-be3f-6f199ce4d964,8be97fa7-fb9e-4b61-9d8c-3e4064da8b1c,2023-05-20,delivered,1860.94,debit_card,Canada,
31105140-5c2e-4c4d-bc2b-e03381b0a858,b252ec66-4942-486d-821b-b5d794f4bb9a,2023-12-22,delivered,9312.84,paypal,US,
59af0e9f-de80-4c6b-bd4b-3be23d406cd8,ef7e2551-02f9-4219-98ed-b613ccb394f6,2023-09-03,pending,42.51,credit_card,US,
60a97d4c-caff-4d2f-9cc4-845042c7311d,d1e3cf21-5f03-4141-89a6-282988466f79,2023-12-19,confirmed,931.48,debit_card,US,
257a8901-5271-4cbe-b592-dbf90c4fceb0,dd0cb009-6b28-4f48-a54b-074149d3ac86,2023-05-01,confirmed,385.44,paypal,US,
52e35ef5-96b3-4b7c-9521-31b866a5ec51,4e7a02f5-f62d-401f-b528-5d0af80d68c0,2023-09-04,delivered,241.35,apple_pay,US,
f94ccc53-45ca-4fc0-8021-3ecb4a60abb1,b9cfc4e5-f0ea-4f7e-a69a-528912d7b2ba,2023-12-26,delivered,5148.69,debit_card,Australia,
d655e69e-82b7-4f21-9877-2c8fe11878db,825beef6-e9ca-4194-bc17-e91c96470e0c,2023-01-09,delivered,6017.69,debit_card,Canada,
cf0c59ed-1942-40a9-a732-c35d03ce5b77,9618f2ef-4b97-4f0a-a0c5-442d67239fca,2023-05-27,delivered,921.52,debit_card,US,
a7a91c8d-7967-4092-b108-8d73ada54ba2,71017aa3-5bff-4f34-b600-4c35aaad3880,2023-10-07,delivered,5558.78,paypal,US,59002d28-d21b-46ec-9242-0a9af1421105
89712894-e650-405d-84d5-9f31f35fa6ae,0f9c9278-9be4-4700-8d99-65c41d55f6e4,2023-11-11,in_transit,3057.08,paypal,US,
971a9b7b-0d71-4180-b0d7-c29783f4f160,e2d942f4-5cac-4c86-bb6a-0a0a96a4e40a,2023-09-01,delivered,255.8,credit_card,US,13b7f21f-dad8-4aa1-a43d-9509f3caee63
f2e7e928-4ca0-4223-adb9-26f121a084b4,ff9ac045-0a1d-4e5e-8430-e9bbe4f738d5,2023-07-26,delivered,3262.08,paypal,US,
373e74c3-968e-48d3-93f9-55f9bb4ab9d7,4637135a-c550-4565-87fe-ab92e92603eb,2024-03-07,delivered,580.51,credit_card,US,a2538235-56ab-4853-93d8-87796900c3a4
dec69c8c-0551-4457-88b3-64038ad98fbc,8eea27a6-30cc-4e8b-8bbd-2b90dc52afd6,2023-04-10,in_transit,373.82,gift_card,US,
af833edc-26bf-4591-b018-e919962794bb,409e4737-97c5-4657-b34f-12892bc4de60,2023-02-03,delivered,1787.0,credit_card,Canada,
5b6264e0-fca7-4cab-b674-259bc98e760f,8eea27a6-30cc-4e8b-8bbd-2b90dc52afd6,2024-03-11,delivered,2204.49,credit_card,US,
eb24ab7b-5555-4194-bbde-f0c018d5d399,58a14180-d9ec-4561-b1dd-a24ed3188072,2023-09-09,delivered,891.56,credit_card,US,
a91bba83-2de6-475b-99cd-69675e2c3f93,761c858e-765f-411f-8547-47271f16f38c,2024-02-21,delivered,3075.19,debit_card,US,
5a5952ef-b21f-46ae-b121-7cbaf99e7292,d06fee96-ed97-4343-bb47-f7dfcf9d403f,2024-04-06,pending,1457.92,credit_card,Australia,
0f57206c-8fa9-49b7-bebb-b8ef8274b4da,4f2832ed-222b-42a0-a94a-1de8f8e78ff1,2023-07-02,delivered,452.33,apple_pay,US,
fd809b31-2626-42ce-93c0-043d38653abb,4268fe6d-322b-48c4-9e85-433bc5b80ea3,2024-01-02,delivered,183.23,credit_card,US,
b54d02f6-2eea-4286-80f5-635dafe4d531,fc7bc133-f81c-4e2d-8460-5dd8ac802206,2023-07-02,delivered,580.84,paypal,UK,
70a01794-fe02-4b12-9103-469ee7017f7b,d6362348-f33c-4b25-9c4e-d965696b6fed,2024-04-22,delivered,9989.61,credit_card,US,59bae9eb-1ca9-4063-83ee-a0d4f004e14f
6abb4fe8-20df-42b5-b974-b22920771aee,cc22bba7-3631-420c-8c10-3ae3ff6cfb0c,2023-07-26,delivered,2537.57,debit_card,US,
4369e429-7f49-4759-b8d0-60320e35f075,98626665-c368-4bfe-ae6a-9c68dcf40582,2024-04-20,fulfilling,592.97,credit_card,US,25b89cae-62b8-4a12-bdef-bd88cd3ff86b
1a9a884c-cf14-4bfd-a534-12efd74dbbd6,0f07bd14-814a-49dd-9e9f-0bbe7a2580e6,2024-02-19,delivered,1872.0,credit_card,UK,
4c05e409-d58b-48cf-acde-d9ba9aa0ddaa,80de749e-464b-4ec8-b46f-84094aae4f02,2023-09-18,delivered,164.21,credit_card,UK,2f549708-f3ab-4e22-a1fb-cda62268a4fb
81cff11b-4db2-446c-b3b1-81e74df92a33,9b92f095-ef79-44ad-9f48-b93688dece25,2023-12-25,delivered,417.92,credit_card,US,
3e183a59-4eac-43b3-91c6-07a6bd1de178,3d0a59a6-fa43-4133-ba4a-16017e7a554d,2024-02-25,delivered,793.0,credit_card,Canada,
96a61dd4-9ca6-4aeb-a6fb-ab95cba8a24f,9f2292df-a341-446f-8ee0-451a2b17b0e5,2024-03-04,disputed,1334.27,debit_card,US,
092580b0-da31-4edc-a9a9-178ca01ea379,60ebcabe-5863-47da-8997-8ecc5c649270,2023-04-29,delivered,2810.91,credit_card,UK,
16a1a9e6-5048-413b-b523-7dd3eb516c53,d6362348-f33c-4b25-9c4e-d965696b6fed,2024-04-11,delivered,2067.25,credit_card,US,
be723578-5b9f-45b0-839f-333824a4cb43,8be97fa7-fb9e-4b61-9d8c-3e4064da8b1c,2023-05-11,delivered,2837.58,debit_card,Canada,
d8b5cfc0-e18b-4823-91a7-d1f296201b64,2b24d3f2-1e7b-492c-80e1-11d622359a2b,2023-10-30,delivered,1241.13,debit_card,Canada,
a471b6ed-d061-41b4-ab2c-45e2b2107510,22952b7a-1e1a-4388-bbad-d376e9778071,2024-04-26,fulfilling,1154.42,debit_card,US,
3e535b5b-baea-451f-9a62-05d55c63e698,e21d4513-ab2a-4ac7-9860-381724efa4a7,2023-07-25,delivered,2957.54,debit_card,US,
af26a1fc-84f4-4f9a-9291-1216a974d328,070a1c87-7d12-48ff-977d-ca032c246d92,2024-04-10,delivered,64.28,debit_card,Australia,
dc6670a9-8c14-4b4b-b8e1-84489ec2c0d6,6400274e-ad92-41e5-b349-429ae7ef8eae,2024-03-31,delivered,1644.27,credit_card,US,
fd6ba136-bdda-40af-92c3-e78337291028,f0f65c7a-8231-4921-9e9d-95d7102aeea0,2023-08-09,returned,3273.12,debit_card,US,3dc4dcb5-bcf4-4416-92ce-77a5168fc646
43f56dcf-e094-4259-97f6-7bdc5acff5f4,e2d942f4-5cac-4c86-bb6a-0a0a96a4e40a,2023-08-30,delivered,2266.0,credit_card,US,
7283a52f-020e-42ba-b2e8-af2a940ecdc5,4b92eddc-5bf3-4aa1-8e2e-e91c0f44c03b,2023-07-19,delivered,433.89,credit_card,US,f09814a9-30b5-4e6a-8fd7-3c3892d76d02
fc684a1f-f9e6-407c-afff-ad7590bf42cf,36467c88-e04f-47ad-9c9b-d9af3b2331af,2023-11-27,pending,821.75,credit_card,Germany,2ffc1cf8-dcd0-448c-ae87-f967a9405e13
c9f74549-8dc2-4594-b888-4ec792dae36c,8824d609-21e4-4fd2-bc10-5afb29a3bf4b,2023-01-03,delivered,287.91,credit_card,UK,00a67860-f9f2-4ffd-a589-9fc23937c5f4
26b65dd6-b86f-4955-bd42-0f7b684e0758,58aea400-06e7-405e-9f77-a5753b18fa4a,2024-02-27,confirmed,1196.87,gift_card,UK,
367c008b-40eb-40ff-91fc-38f2ae86b10a,3c991bd4-46fe-4a0c-bc7a-c117335152fa,2023-01-27,delivered,28.24,credit_card,US,
7dd83010-3cc1-4d5e-b538-5c4f13a9ad79,b3a5b702-4adb-40e1-9a96-7e9b869cc524,2023-10-29,delivered,232.64,credit_card,UK,
565eff8e-bfd7-4345-ae42-fce3d4cee690,ca5068fd-34e3-430b-8a08-ddb7d1521540,2024-01-24,delivered,218.48,credit_card,US,
dca6b21b-690d-48b2-bfb5-8f6527694ca6,f1f11a61-9cb6-47c7-8834-8819657b6582,2024-02-11,in_transit,90.93,credit_card,US,
f53befc1-6e62-4742-8212-8628a7b0f65a,9668ef01-8ca7-4718-940f-b56d3cee784b,2023-11-26,delivered,334.98,debit_card,US,
368a3d83-aa4c-4e9e-94f2-969acd9aed66,079ce70c-3cb6-4521-8809-2faff8701e47,2023-01-28,delivered,356.62,credit_card,Australia,e3f48401-11db-40ee-a87e-d97a91d74db3
0cf297af-806f-45ae-a2db-241911876fec,fe45a33b-e2ed-4c80-a918-01691ab02b37,2023-05-22,delivered,2886.97,debit_card,UK,
e3b93ce2-c8b0-4333-873a-b717d7f95b63,161b62da-8b33-462e-b798-fae6e08e72d9,2023-10-23,returned,945.66,credit_card,US,
69d8874e-e28e-4892-8eb3-22bd9dc222e9,d06fee96-ed97-4343-bb47-f7dfcf9d403f,2023-04-22,delivered,1394.53,credit_card,Australia,
6d7a985a-d9e6-4ad7-aab1-9f6d56714ea0,88b98ab0-58b9-448e-b963-193730738ba5,2024-01-29,confirmed,316.44,credit_card,Germany,59002d28-d21b-46ec-9242-0a9af1421105
8804dde2-4059-4708-8c85-be71a4cfe2ee,b6b870c5-93f3-40a8-977e-8e3fb792db51,2024-03-31,backordered,416.2,debit_card,UK,5e305c57-edef-41a7-939e-d8f711514f18
3e133bf6-6996-4e02-b916-64d253b213c5,8be97fa7-fb9e-4b61-9d8c-3e4064da8b1c,2024-03-29,delivered,140.16,debit_card,Canada,5c288c8f-e9a8-41b7-8a2b-ce4ff99b4413
1a247193-3457-4e9c-96a2-5742ae342a27,07a53fcc-0104-49ba-87ee-5a9de9cd10b5,2023-12-17,in_transit,1448.42,apple_pay,US,
29407dc1-8594-48df-9c0c-e0b0d3f6fbcc,593deab8-1108-47bc-8a0b-62dc81bd329a,2023-04-07,fulfilling,2233.9,paypal,US,
8f0b97eb-058d-48ea-a476-fc50d8cc0f9d,edca91f4-a5df-44e1-83f2-4936c087d640,2023-06-25,delivered,2604.19,credit_card,US,
6c27f428-11d0-40a7-8b25-e31c4572ceea,68cd38b1-2976-432b-9782-71e81b37ed97,2023-05-19,delivered,135.83,paypal,US,
5be23643-6ea0-4e57-beec-7709ff48ba5b,891c51b2-7e5b-4bbf-9084-7a0e23027890,2023-02-25,delivered,880.04,apple_pay,Canada,
734e3e11-1321-4aa0-83b1-fda93b4c020a,02aab034-c604-4e70-81ad-58129f84e70d,2023-01-02,delivered,1017.91,paypal,US,a076da24-3aaa-479a-a77f-db5f1d75711b
fd3f8b42-ef48-41cb-8499-0fa222cff437,afc1c824-f5b1-4847-9219-cdf9aba4361a,2023-11-12,in_transit,2738.62,credit_card,US,
fc1f016b-e583-46dd-afe3-da36c35cfb71,bc3da3e2-e0f6-450a-8ed7-38c82f3499a8,2023-10-07,delivered,1382.58,apple_pay,Australia,2d7920f3-c224-4090-ac7e-3524467c5dff
33f6295b-81ff-491d-9b8e-740351beb801,ad3a672a-64a9-4306-8f34-3de84ff2a4ce,2023-08-08,pending,176.18,credit_card,Canada,
b7bc0114-b5c9-4551-87a0-203c9664cacf,5f3bb043-2560-4f6f-9d3c-aadc4a5f7a56,2024-04-23,delivered,1501.71,credit_card,US,
9d8c5fa4-8ffc-451f-a14c-f1c7366de6c7,b6b870c5-93f3-40a8-977e-8e3fb792db51,2024-04-18,delivered,118.26,paypal,UK,
a2d9898e-de30-4256-af9f-219162607c4d,bc3da3e2-e0f6-450a-8ed7-38c82f3499a8,2023-06-05,delivered,746.33,debit_card,Australia,
0d249235-0fca-4c4c-9075-734e1c04fb03,9242a58a-abf2-4882-a2bd-51ca976582ab,2024-02-25,canceled,2190.2,paypal,US,
7cfd03af-64ce-457b-a452-9d8c1cb77847,bb1b7740-d2a6-46db-b26c-657bd0b73f9c,2023-06-16,delivered,125.85,gift_card,US,
96b16622-9aa5-4a9a-b395-4411c1669193,ea7be9f9-3c48-436d-a95b-0ffb76c45125,2023-12-02,in_transit,3913.32,credit_card,US,
b0ba5bf9-a905-48a8-a75d-04efcc0ce70e,b143dfbc-a2c3-43d3-807a-48925bd2715c,2023-10-07,delivered,3181.27,credit_card,US,
73c3da8c-925f-4afd-9395-f8f23dbe4397,6dfab93d-fca4-4074-9226-58b946ce0d1b,2024-02-26,delivered,2893.88,credit_card,Germany,
ddc07588-1943-45fd-9f74-4f02e2813f4b,708116b3-ac42-4904-9b90-1ad176935278,2023-07-06,delivered,736.75,credit_card,US,
6be1eb93-dba8-45b8-88cb-2991d4f3d4d0,d682e65f-62aa-43bd-8de9-67f6127b5c53,2023-07-27,delivered,99.4,credit_card,Germany,
27e715ff-7f7b-48e5-a12a-30a5df42f82e,d750d318-74f3-426c-a5fd-6baacbe32eed,2023-09-12,delivered,814.33,gift_card,US,69bf9c14-599d-40b6-961c-ea782e45942a
69b9971b-1f5f-454c-8592-9310cd89148b,6400274e-ad92-41e5-b349-429ae7ef8eae,2024-04-05,delivered,2873.45,credit_card,US,
d67bd4ae-3373-417c-a6cd-17c41bb59668,e57613d5-5b45-4d1f-b14e-e5711652bf80,2023-07-11,delivered,95.67,apple_pay,US,
7bdc7452-b79a-4be9-b6c3-ef35f84c7ac0,2f57afbb-0ed4-4b76-bce5-ee7979a2345f,2023-07-20,delivered,2929.3,credit_card,UK,
09113432-9568-4a18-8dee-79b37c583077,162cf92f-8972-44a9-949b-da75c8847a9a,2024-02-25,delivered,5864.46,debit_card,US,
668fb6e9-77f5-442e-82bc-d1c7381aead4,e4cf282b-3504-43d6-80cd-6737c7f9fb98,2023-10-17,confirmed,319.38,gift_card,US,
8ddf0ab8-de21-4444-ac3f-0353561e5f46,89163df0-bd29-46e3-8634-8bb5b3ab3ca2,2024-03-12,delivered,29.04,debit_card,Germany,
bb48bbaa-9587-434f-be60-245107abdcfb,ef7e2551-02f9-4219-98ed-b613ccb394f6,2023-02-11,delivered,2021.2,credit_card,US,
ba7abc86-47a4-422e-8924-3e2f7c9072f2,162cf92f-8972-44a9-949b-da75c8847a9a,2024-01-26,delivered,2743.43,credit_card,US,
8cc2d7e4-ee34-4ee8-af7d-4030124ac74b,02aab034-c604-4e70-81ad-58129f84e70d,2023-07-05,confirmed,1079.56,credit_card,US,
34b1a47d-1133-4c9b-a757-81588f65a739,40f7a946-838d-4fef-bbde-71a374fd6f74,2024-01-23,returned,2637.9,credit_card,Canada,
72a3a050-3831-42b4-93b1-84d2ae97de71,1e475fd2-d99b-479e-bffb-44352b2a5211,2023-12-10,delivered,4214.99,debit_card,US,
623b2ba5-c16c-4824-bfa0-d86ccfcf41f5,e5a0ba19-6693-4036-b995-b3b2a41a678a,2024-04-22,delivered,1127.92,credit_card,UK,
ac555f23-2f66-44b4-949b-d406d3d0be94,8b7b601d-b740-499e-864c-b9d1056ed861,2024-03-16,delivered,242.41,gift_card,US,
2c024f0d-8e94-4072-bd08-c429443b3ea3,d750d318-74f3-426c-a5fd-6baacbe32eed,2023-07-03,delivered,323.18,credit_card,US,
cf2fb6fb-ba10-4d9c-9368-6a6c85907ec5,4e7a02f5-f62d-401f-b528-5d0af80d68c0,2023-10-31,delivered,112.51,credit_card,US,
5edb14ed-a8ab-402b-b82d-ab78c7fa2a76,fe45a33b-e2ed-4c80-a918-01691ab02b37,2023-05-13,confirmed,3363.96,apple_pay,UK,69bf9c14-599d-40b6-961c-ea782e45942a
664d9a50-a999-47b1-9b0c-48ba1e961d33,4be39f5b-f970-406e-a161-72a345f5c305,2023-08-05,delivered,712.29,credit_card,US,7bedbebd-9cbd-4006-b4b2-e5f06410beda
d0e309a0-47dd-4e84-bcf6-6cfb2cf6b7dd,825beef6-e9ca-4194-bc17-e91c96470e0c,2023-07-05,delivered,899.64,credit_card,Canada,
14f2ff53-ab56-4943-8380-375bca1141f9,1b2e9092-8666-47e5-b883-83f20d3dba6e,2023-07-17,delivered,326.4,apple_pay,Germany,59002d28-d21b-46ec-9242-0a9af1421105
89b63574-54d7-4f12-8c71-c19d9008744c,4e7a02f5-f62d-401f-b528-5d0af80d68c0,2024-01-13,canceled,283.05,credit_card,US,84c18013-bfe9-41ec-b274-cdd8d45431bb
7e9d8539-a67a-49a9-b8e5-146c68c2abf2,3d0a59a6-fa43-4133-ba4a-16017e7a554d,2024-02-03,returned,432.9,apple_pay,Canada,
0e76d1cc-8cb8-45f9-84ba-60e396c9a9d4,db2449f9-5204-43e2-9e34-1440718ab905,2023-07-15,delivered,51.04,debit_card,Australia,4faae037-a71b-4bb8-a2e7-d57673275f59
dd67af3e-b2fc-47fc-8cae-19cf03e65df6,8a17e603-1fbc-4a3f-8c59-e7e30e4f8a11,2023-06-28,delivered,439.63,paypal,UK,
0acd1d24-b975-4720-9fef-42d66e7c8583,a604552e-dd7b-421e-bec7-23b90fd66f37,2024-03-26,fulfilling,838.84,credit_card,Germany,168ca686-d2f1-46a6-94d7-43390500fb8c
a80d86b2-a718-4822-a811-2cf5d52a1265,2f57afbb-0ed4-4b76-bce5-ee7979a2345f,2023-08-19,delivered,410.99,credit_card,UK,
5a609cca-6d1f-451a-8b35-f2e0f481c046,fc7bc133-f81c-4e2d-8460-5dd8ac802206,2023-03-10,fulfilling,305.35,credit_card,UK,95c6c24d-1cb0-4079-a6aa-ca97403defff
746db5e6-b074-4c39-83e1-8cd0e679b6ac,4268fe6d-322b-48c4-9e85-433bc5b80ea3,2024-02-23,delivered,252.6,credit_card,US,
a860c9c6-b7aa-4f6e-a665-0ad2477350c3,d7f1fbce-34f6-431a-831b-0932ad165ed3,2023-12-15,in_transit,1003.93,debit_card,Canada,38313041-db92-44c2-b0fc-c1ea93b7a302
5f7c3062-a6de-42f0-8a90-29635e4a9c95,9b92f095-ef79-44ad-9f48-b93688dece25,2023-11-17,delivered,1928.67,credit_card,US,
f6723729-9d35-4670-a53b-cde766484768,2f57afbb-0ed4-4b76-bce5-ee7979a2345f,2023-04-21,delivered,1311.83,gift_card,UK,
8382c406-e55f-463b-966e-db0d05179dfa,b3a5b702-4adb-40e1-9a96-7e9b869cc524,2024-01-20,in_transit,1392.59,paypal,UK,
c9d37100-4cd0-48f8-bcdf-83b3712672d0,e69918b2-c163-4db5-9696-d65488e11d6a,2023-10-23,pending,5134.79,credit_card,US,
4325a140-5354-4a7a-964c-74fb3ea44724,8be97fa7-fb9e-4b61-9d8c-3e4064da8b1c,2024-04-15,delivered,2277.0,credit_card,Canada,
36c16820-15c4-4061-a9b6-761a9f3523a3,dd77825f-675d-4b91-add1-e194ae040280,2023-03-23,delivered,894.26,gift_card,US,
b8eff6ab-89c6-4cc4-aa49-09d3d61a3efb,4d693500-67bf-42ec-b08f-0d3484e9b312,2024-01-20,canceled,656.25,credit_card,US,
86ef6808-a3b6-4b8d-b1a0-ecb71b978818,4b92eddc-5bf3-4aa1-8e2e-e91c0f44c03b,2023-05-11,delivered,52.2,debit_card,US,
c66aa92e-0afd-4ef9-a898-8c6d51b1b7c2,ff9ac045-0a1d-4e5e-8430-e9bbe4f738d5,2024-04-17,delivered,2857.85,credit_card,US,
038dcc68-78e5-427a-ba55-759858b5c637,9618f2ef-4b97-4f0a-a0c5-442d67239fca,2023-04-20,delivered,270.84,credit_card,US,
8052bedc-b783-4c52-b5a9-454c9541dc12,73ef568a-1ec5-4e89-ada1-5a27afbf7e1b,2023-11-18,delivered,745.23,credit_card,UK,
0b6fd7e4-3932-4faa-8aca-0ea14c3fd3c8,4be39f5b-f970-406e-a161-72a345f5c305,2023-11-19,delivered,4052.94,paypal,US,
ac39edb1-e31c-4e0d-a937-72ddc4f9a61c,d750d318-74f3-426c-a5fd-6baacbe32eed,2024-01-20,delivered,2022.06,paypal,US,
c0a4d6ff-a3df-42d2-87c0-809e18ffeeb5,adbed855-78db-4802-bd62-5513466609a1,2023-11-21,delivered,302.94,credit_card,US,
5093270a-d83c-42c0-8ffd-c4900f3ea52d,80827f1f-7cea-41dc-9905-c25587477934,2023-03-17,confirmed,268.84,debit_card,US,
4c4bac8b-49d9-4cf2-a88c-6968780ff126,6ce6fd6e-46f1-491d-8cbc-5486ffd76030,2023-01-14,pending,2696.27,paypal,Canada,
d4144a29-3f7e-4e60-ba46-4b0d4c677be0,f7f82900-adca-4971-b76a-bf097d14befc,2023-03-03,fulfilling,529.96,credit_card,US,
d5db051f-d6bd-4b00-841d-16c395d0bfa3,44db375b-40fd-4323-bfe1-6a190c88881f,2024-01-20,returned,6372.05,debit_card,US,
13640d26-8093-4924-8078-fe3988487bda,382f413a-d565-4dd5-a44f-2b2ecb44e83a,2024-01-07,delivered,52.12,paypal,US,
9b362d50-dee7-4390-a751-51731855fdb7,e21d4513-ab2a-4ac7-9860-381724efa4a7,2023-09-08,canceled,2910.51,credit_card,US,
e538e06b-4838-4516-9798-158f062e8b67,9668ef01-8ca7-4718-940f-b56d3cee784b,2023-05-30,delivered,186.92,apple_pay,US,
0362c7ed-ee63-4245-86ae-1bab23a5c58e,ac35dd04-811d-4a99-9ca5-8f1f178d5ef1,2024-02-12,delivered,2204.38,credit_card,UK,
0015dd6c-d153-47a1-b056-a63e5b821889,d750d318-74f3-426c-a5fd-6baacbe32eed,2023-10-20,returned,846.32,apple_pay,US,
1736654a-505e-4bd0-bd40-873b95e51ed8,3f15cd17-b080-4074-8a7e-c24cf8ae1be1,2023-11-02,delivered,131.27,credit_card,US,
462dd97e-07b2-4c00-a662-b90b6081bffa,4b92eddc-5bf3-4aa1-8e2e-e91c0f44c03b,2023-03-13,delivered,987.01,credit_card,US,
a51806a1-3e2c-426a-9be5-0f0e1c069db0,4fc4bca9-8e80-449b-95ab-d3e92fa50df2,2024-03-07,returned,1005.06,debit_card,US,
b1354cfe-d6f8-4a73-82a7-38a574cb16be,8be97fa7-fb9e-4b61-9d8c-3e4064da8b1c,2023-09-21,delivered,4472.31,credit_card,Canada,
6a249c3c-98e1-4ba2-b0e0-51c771ec7447,6a18ab29-0e69-49de-aa20-93f3de10bd9a,2023-09-07,fulfilling,1169.32,credit_card,UK,
1e3bf690-b289-4907-aaa1-5dcc3b236402,1e475fd2-d99b-479e-bffb-44352b2a5211,2023-09-29,delivered,1448.93,credit_card,US,
581917d0-3af6-4edd-b8c0-d4064203fd7f,ad473f54-cfaa-4b35-99f5-532d72592f7a,2024-02-10,pending,3577.99,gift_card,US,
6a9c8577-6ac1-4327-897f-02c413f6cbdb,e5950cfe-1f6a-4589-aa1d-752d4002ab70,2023-06-05,delivered,970.48,credit_card,US,
03018eae-a048-4aa1-bd44-a175b1bd95db,e99aec32-80d9-4b78-bda0-4e18e25cd8a5,2024-03-15,pending,1965.3,credit_card,US,
eeb5087f-cd3b-48a5-816b-d03c06792eaf,bfc00672-9570-4b24-845f-2721ac16580c,2024-01-07,delivered,844.02,apple_pay,US,
ed26631d-f566-42c2-bcde-024ca3e3efc4,a33464d8-dd73-4c9f-acb8-c9edac2d6dc2,2023-09-16,confirmed,2514.16,credit_card,US,
7e8da8c6-d5a4-4990-9364-c60e3d139a16,6dfab93d-fca4-4074-9226-58b946ce0d1b,2024-01-08,delivered,2474.66,apple_pay,Germany,
efa0a491-503b-46f0-a72a-0c37b93bd1de,809b6ba7-c910-43e1-9630-919dd08184f7,2023-04-08,delivered,273.62,credit_card,Germany,
281ac626-23cc-4088-81bd-36ee025595e6,80de749e-464b-4ec8-b46f-84094aae4f02,2023-08-25,delivered,2987.16,debit_card,UK,
ce2f61b5-a25f-4bb2-bcdf-5563ef570144,68cd38b1-2976-432b-9782-71e81b37ed97,2024-02-26,delivered,491.04,credit_card,US,
fd8c1164-ad0d-43ca-ad0b-05f24ddfff90,36bef2b1-ff0c-486a-a9b7-ca4dbf0cd690,2024-01-24,delivered,625.65,credit_card,US,
4fb9ff5c-c977-4e87-9205-06f72e52c2ec,93062488-787e-4a58-8744-432f7d46f175,2023-12-16,pending,1465.28,debit_card,US,
4d063a1e-8ef1-41ed-a530-285d6c039ef5,6248652d-a383-4bc3-bb87-7c4f75c32cf6,2023-09-07,delivered,18.3,credit_card,US,
0c576b11-298d-457c-959a-078bc5d0742e,e2d942f4-5cac-4c86-bb6a-0a0a96a4e40a,2023-07-08,delivered,440.81,credit_card,US,
81f4c550-332e-4fd9-9ad8-6794ae0f52ad,68b6af5f-82ce-4006-b828-bd584ddcca8e,2023-11-06,delivered,175.36,debit_card,US,
5251032b-67af-46a3-ad58-7440e3d86f1a,1d13d60d-8223-4961-b679-208d4fe4f126,2023-10-12,delivered,862.27,credit_card,US,
c9f12ea1-96b1-4f0a-9e2d-efede4380465,93062488-787e-4a58-8744-432f7d46f175,2024-01-17,delivered,151.09,credit_card,US,
81336bce-d396-496c-8224-631aee6bf3e7,e5950cfe-1f6a-4589-aa1d-752d4002ab70,2023-07-24,fulfilling,2793.09,credit_card,US,
e48d76a3-f7f8-4ba1-b986-5a9b00afdc74,885e9155-5f7f-4b8f-8225-48a4ec882510,2024-04-22,delivered,262.6,credit_card,US,
980299e7-15ce-4e1d-a2f5-e1c53c5954d1,68cd38b1-2976-432b-9782-71e81b37ed97,2024-04-03,delivered,5082.42,credit_card,US,
fb0d97e2-0215-4945-ae0e-ec03b2d291a5,f1f11a61-9cb6-47c7-8834-8819657b6582,2024-02-16,in_transit,530.08,apple_pay,US,
1942fce3-161a-4c32-9703-98fa0951142e,e21d4513-ab2a-4ac7-9860-381724efa4a7,2024-04-04,delivered,22.26,credit_card,US,
11969763-6c48-4b6e-b08c-cfd83eebf57a,ee3462fb-b756-4e44-a0eb-227af4fa1c3a,2024-01-11,delivered,881.83,debit_card,Canada,
b85afd45-c776-4c6d-aff8-93d32a510630,ad3a672a-64a9-4306-8f34-3de84ff2a4ce,2023-09-16,confirmed,2095.07,credit_card,Canada,
a6672142-1b83-415f-ad29-daba538232dd,d750d318-74f3-426c-a5fd-6baacbe32eed,2023-06-04,delivered,16.13,credit_card,US,b94246e9-c684-4baf-ab8d-73ef447f1e23
bd5eca31-4373-4020-b141-a0b164a7b62e,3233268f-cf8d-4103-bf4c-15bac01dee40,2023-12-05,delivered,1329.3,paypal,US,00052444-386c-48dd-a034-627dfcd498f8
09a74adc-3628-4a74-b509-772c74143a59,1515a6e2-869c-42a0-88fd-f72eab5da3ac,2023-11-10,in_transit,713.15,debit_card,US,
cec8c4a9-05e5-4966-b26b-3ca31dfe998f,161b62da-8b33-462e-b798-fae6e08e72d9,2023-11-05,delivered,367.17,credit_card,US,
9936b945-549c-42b7-9e83-bc5032ded6f9,27b818ea-629b-4095-b504-4a15a922db39,2024-01-24,canceled,5307.53,credit_card,US,
53153f87-9424-4e60-a803-a38227c6cb45,02aab034-c604-4e70-81ad-58129f84e70d,2023-07-27,delivered,475.74,credit_card,US,
a8a49116-e396-41d8-b884-ca5a9b045ceb,e5a0ba19-6693-4036-b995-b3b2a41a678a,2024-04-20,delivered,6238.04,credit_card,UK,
f475157e-255d-4567-ac12-92ea4f04d8ef,6ccabf87-5a51-4576-827e-32dee774ae4a,2024-04-21,confirmed,947.43,debit_card,Canada,84c18013-bfe9-41ec-b274-cdd8d45431bb
b265c0ee-fe6d-4508-94d3-cb0ac96895b5,0024ef3b-9f46-4b6c-bd23-0ca1ed88d4e5,2023-12-29,in_transit,176.52,paypal,UK,
6ee74fc1-3a4e-4bb6-9b1a-e340a8a1017e,e5a0ba19-6693-4036-b995-b3b2a41a678a,2024-03-30,delivered,937.77,debit_card,UK,
63e54ae0-06a8-4511-b339-70f8e9fb74e0,26c02a9c-d5e3-40d0-a883-3aecca6de4e6,2023-07-15,delivered,739.54,credit_card,US,
ab91a846-3933-4baa-bee9-2bf7b7c728a1,046207b2-0840-4d28-a8fc-5ea9166dca2e,2023-11-14,canceled,1625.17,debit_card,US,fc19159c-df7b-44ac-9ce7-12dcf3937512
4a47a004-25f5-45e0-bc20-c3686dbd39f2,68cfd71d-256e-4e25-8b2b-fbd7048f0c99,2023-10-11,delivered,190.11,credit_card,US,
93070c0c-0cfb-4ad0-9341-c8924f246b86,5c796213-d509-4978-bb03-5a28a2cf0d59,2024-02-05,returned,2260.61,apple_pay,US,
7f8e2e23-c15c-4eb5-8824-0ade5fbab462,761c858e-765f-411f-8547-47271f16f38c,2023-04-01,pending,3048.61,paypal,US,
5dab7d54-9e68-41fa-81c8-806c61773d47,7af7ad82-2d32-4f84-9200-4e0f271961aa,2023-03-17,delivered,2526.28,credit_card,US,
cf3206c2-fdb3-419c-8154-0ef7d48b6919,88b98ab0-58b9-448e-b963-193730738ba5,2023-12-30,in_transit,38.97,paypal,Germany,
a223bf0e-6077-413c-9f15-dc197653eed2,3b7c1395-72e2-40ac-b012-be50cd824a0d,2023-08-29,delivered,553.37,credit_card,US,
96d363b9-6f43-456b-9c4e-d9c86efd7277,e69918b2-c163-4db5-9696-d65488e11d6a,2023-10-10,delivered,3730.24,credit_card,US,
bb9fafb2-f614-4dfd-9303-d1b43c04c66e,47bfbf74-2f6e-421a-a568-ce6f26ec5eb3,2023-12-30,in_transit,2057.78,credit_card,UK,ba8a086b-51f7-4e0a-9bfe-9a373c4b023b
40309524-bf9d-4512-9759-f0c78a0dfcde,b9cfc4e5-f0ea-4f7e-a69a-528912d7b2ba,2024-03-24,pending,849.36,credit_card,Australia,
2014ed95-e897-4aa6-b0a8-09e70bbc0539,4b92eddc-5bf3-4aa1-8e2e-e91c0f44c03b,2023-05-11,delivered,2408.62,credit_card,US,
9cd99e73-45a0-44ca-9f55-d4dbb5727027,fc66091e-4597-4774-98ca-78e33c78e7c6,2023-08-09,in_transit,496.61,credit_card,UK,c505dfce-2332-465c-928b-cd1ff1e8a740
c2b1d445-bc86-456e-a685-144ff3c42a37,502bcef1-e8d7-43c4-89eb-25fa42bc86e4,2024-02-21,returned,2339.31,apple_pay,Australia,
f3135405-70dd-4219-ab67-e00c186d624e,8c90cce2-f90f-4065-862e-095e6f535ef6,2023-04-16,canceled,100.77,credit_card,US,
a4f29a45-eed5-4c61-aaea-b5390dc615a5,24c40745-41c6-4ee7-9fc4-6477c0689a96,2024-01-25,returned,523.62,credit_card,UK,
646aab1c-a9b4-4a6e-b156-94ba9ab9b6b2,825beef6-e9ca-4194-bc17-e91c96470e0c,2023-09-08,delivered,1477.9,credit_card,Canada,
41035928-92c3-4472-94db-3da19ded8160,8c90cce2-f90f-4065-862e-095e6f535ef6,2024-01-20,delivered,15.5,credit_card,US,
866b6020-1032-4c0f-8ded-d788a697f63c,162cf92f-8972-44a9-949b-da75c8847a9a,2023-12-26,delivered,390.0,debit_card,US,45bbdd18-7e62-4b49-9cbc-fe5c6592ef16
8266e1a2-84d7-4888-bb61-350e5d6591df,30926c6e-1e8a-448a-9b83-a7e03b17779d,2024-04-20,delivered,492.89,paypal,US,6559017c-6189-439e-91e8-630e1ce67182
df9e820b-f99e-4be7-916f-0b204eb15448,df93dde2-3047-43c8-857e-3f9f7396a894,2023-09-28,in_transit,2405.28,credit_card,US,
c99f11b0-28bb-44ad-ae67-32089c9cf060,9668ef01-8ca7-4718-940f-b56d3cee784b,2024-02-09,delivered,787.64,credit_card,US,c9bf035c-16bc-4ea5-b6f7-ad99153c1fff
0b7ac826-85f3-4139-a0cc-f7b93e89c85c,4f2832ed-222b-42a0-a94a-1de8f8e78ff1,2023-10-23,delivered,604.5,paypal,US,
b192110b-a270-493d-a359-a4aac81edeb5,502bcef1-e8d7-43c4-89eb-25fa42bc86e4,2024-04-26,delivered,3799.98,credit_card,Australia,
ab430beb-3307-477f-a123-ba2e799e081b,b2824d7e-4906-405a-ab88-664492e26230,2023-07-24,returned,1894.24,credit_card,US,
bf194d58-ab88-450a-b335-77e9716abdd9,ea7be9f9-3c48-436d-a95b-0ffb76c45125,2024-02-11,returned,658.44,credit_card,US,
131f13aa-cac7-4df0-95d7-f177125234c2,4be39f5b-f970-406e-a161-72a345f5c305,2024-03-17,delivered,1065.94,credit_card,US,
691e07a3-5fd2-4aee-a349-933fed98e160,26c02a9c-d5e3-40d0-a883-3aecca6de4e6,2023-01-03,fulfilling,199.67,credit_card,US,
ea6b96e9-7976-4e14-8d15-9cb812952081,fc66091e-4597-4774-98ca-78e33c78e7c6,2024-02-26,delivered,778.36,credit_card,UK,
673a74ac-db9c-426e-9e1f-748e72fee7a7,02aab034-c604-4e70-81ad-58129f84e70d,2023-01-11,delivered,829.47,credit_card,US,
e964539a-8ae9-44d8-983d-aa4ae5940ab0,8be97fa7-fb9e-4b61-9d8c-3e4064da8b1c,2023-05-19,in_transit,464.31,debit_card,Canada,
b2115c75-1a02-47fb-90e2-8815e1344cd3,ac9c807c-df38-418d-a69e-a040000933e5,2023-03-23,delivered,51.04,credit_card,Canada,
f8147599-c26c-4eee-a89d-082ff7cad857,68cfd71d-256e-4e25-8b2b-fbd7048f0c99,2023-06-28,delivered,5534.76,paypal,US,
4a25c103-074f-4453-b4fc-c6948fb35ead,162cf92f-8972-44a9-949b-da75c8847a9a,2023-12-20,delivered,1551.7,credit_card,US,
c6256911-f35b-45c9-99ee-ba310dd9ac29,2f57afbb-0ed4-4b76-bce5-ee7979a2345f,2023-02-08,delivered,4094.43,credit_card,UK,
09858185-5fb0-44c9-9b3a-7a0e5138ba95,0bd10542-c2d9-4b58-939d-834d3088284b,2024-04-07,delivered,2101.88,debit_card,Australia,
50147566-dde7-4390-b516-ea5686bbf98d,6dfab93d-fca4-4074-9226-58b946ce0d1b,2023-10-04,delivered,1148.41,paypal,Germany,
9c08c48a-f959-4172-8847-1f1271f216d0,7bfa903e-07ef-4ed6-be7b-d3b47f871530,2024-03-18,returned,1780.06,debit_card,US,7b96c929-87e4-4795-869e-2578211a7061
b9e8da97-2f4d-4930-8a79-abcc4d4d56df,a0228460-77e8-4edc-b97f-14dab3d9bed1,2023-01-04,confirmed,242.34,debit_card,UK,
56df5b5c-b7db-4e66-aecc-847b6ce4d77e,b2c5d6ab-d24d-4f8c-b1df-21249f6fe4c5,2023-11-18,disputed,181.08,debit_card,US,
8440bbf1-fb47-42e5-8c0b-161256ac95f4,c79a7318-97c7-4719-be1f-275dbd92e2a4,2023-12-18,confirmed,288.56,paypal,UK,
e01ea2e7-4b58-42c1-bcaf-a8bd4354c0b4,b90b6ae4-f6f4-42ad-b219-cab0c872a816,2024-04-30,delivered,1827.54,gift_card,US,115a64f0-a2f7-44a9-aff6-8c529447816f
f6ce36e0-4b57-4f75-b2a8-93ded462ef96,6dfab93d-fca4-4074-9226-58b946ce0d1b,2023-08-26,delivered,1561.23,credit_card,Germany,5f095c2c-b129-4cb8-ba99-8b59ebc2695d
77c7c41e-eb19-4166-bbb7-9ebd6dd45308,3bd168a1-74d6-4c37-b293-0ed057261425,2023-01-23,returned,2831.67,debit_card,US,
4b1108d2-7666-436d-836f-3fa9c22c848a,b3a5b702-4adb-40e1-9a96-7e9b869cc524,2024-04-16,fulfilling,1742.07,credit_card,UK,
8464bb1b-25b2-44e1-91b1-44931c80beab,b90b6ae4-f6f4-42ad-b219-cab0c872a816,2024-01-19,delivered,1115.89,credit_card,US,
6f460e53-85ec-4ccb-96b8-7cfe929dc2fe,73ef568a-1ec5-4e89-ada1-5a27afbf7e1b,2024-01-27,fulfilling,690.2,debit_card,UK,
fb173562-4e36-4b7b-a620-af87abec51a1,90855215-b46d-4df4-923c-2d6d29bd1151,2023-10-11,returned,546.29,credit_card,US,
e1376138-cc06-429b-821a-4ecb5f797c4f,02aab034-c604-4e70-81ad-58129f84e70d,2023-01-13,delivered,5566.01,credit_card,US,
bdf13cdb-ceb1-4b00-afb7-44777da04abe,409e4737-97c5-4657-b34f-12892bc4de60,2024-03-17,delivered,1970.76,credit_card,Canada,
9fbfae0c-6a5d-4c9a-909a-1ab96f9e5b48,1d13d60d-8223-4961-b679-208d4fe4f126,2023-07-11,fulfilling,893.24,credit_card,US,e1b50713-c038-4d36-8e99-aa7a3e1dd82a
c53a9389-df1f-4f68-99d5-8b91f3e7e4e9,e2d942f4-5cac-4c86-bb6a-0a0a96a4e40a,2023-07-22,returned,1584.82,paypal,US,
d0174ecb-24c5-431d-8a56-de8820d0ecd5,3d0a59a6-fa43-4133-ba4a-16017e7a554d,2024-04-14,returned,2398.43,paypal,Canada,
6717e7ab-ea73-4210-9efa-77993bc4e98d,761c858e-765f-411f-8547-47271f16f38c,2023-05-16,delivered,293.39,apple_pay,US,c02e7533-8a51-4d43-ae76-15692046f814
071c3d6f-d9f5-41dd-b32a-d585d5857605,5bb8c050-31dc-4383-a5b0-cbcf01eb4022,2024-03-21,delivered,203.47,debit_card,US,
b355d54a-833f-4295-a6f1-47682a0fbbec,e21d4513-ab2a-4ac7-9860-381724efa4a7,2024-04-16,delivered,170.73,apple_pay,US,
2ba2ca71-26bd-4098-8feb-1e3c06668ab4,822dc53e-0760-4041-b43c-bac3d0057bfb,2024-01-03,delivered,575.36,paypal,US,
215dbcf0-20ec-46ed-959a-a35199014f78,8b7b601d-b740-499e-864c-b9d1056ed861,2024-04-22,delivered,2202.22,credit_card,US,
c8a33f6e-c845-4da5-aa44-4e7609592dc7,5c796213-d509-4978-bb03-5a28a2cf0d59,2024-03-08,disputed,838.66,debit_card,US,
4b82c2b4-8644-489b-b588-7c6c48c57707,a0228460-77e8-4edc-b97f-14dab3d9bed1,2023-04-07,delivered,743.97,credit_card,UK,
a1b976e7-8fa4-4f3b-b59a-5fbb76d41270,b2824d7e-4906-405a-ab88-664492e26230,2024-04-24,delivered,3699.39,credit_card,US,
a3bf7f9e-0938-428b-bc41-9dd0a2fe7abb,162cf92f-8972-44a9-949b-da75c8847a9a,2024-01-27,disputed,1894.81,paypal,US,
d5644f53-feca-4f12-bfd0-e291a980d8f7,ea7be9f9-3c48-436d-a95b-0ffb76c45125,2024-02-12,in_transit,104.92,debit_card,US,c7cbfa3d-06d6-40c3-bfb9-aa3b8f4b4b70
bc94329c-d0e3-45f4-a67f-ec69a1f0173c,708116b3-ac42-4904-9b90-1ad176935278,2024-04-09,delivered,1556.83,gift_card,US,
d45bd17c-c0c9-49bc-a8fd-d33831125800,409e4737-97c5-4657-b34f-12892bc4de60,2023-01-21,delivered,5030.03,credit_card,Canada,
7158807f-f940-4586-b2e4-1505b682802e,ad473f54-cfaa-4b35-99f5-532d72592f7a,2023-05-08,returned,5205.22,credit_card,US,0fa811fe-78ec-4ac3-b451-ef38182fffa4
8e43bcdc-5600-4882-9833-7794919c0014,6dfab93d-fca4-4074-9226-58b946ce0d1b,2023-11-07,delivered,731.2,paypal,Germany,f09814a9-30b5-4e6a-8fd7-3c3892d76d02
a052de01-c25d-4651-9b23-a3ae3f42e405,f461704f-ef38-4400-9a3f-f51539f5598a,2024-01-28,delivered,359.82,credit_card,UK,
3fc187e1-d5c4-487c-8718-f5660f2ce357,6ccabf87-5a51-4576-827e-32dee774ae4a,2023-07-06,delivered,2064.74,paypal,Canada,
b1068c3a-4db7-4cfb-a165-45e13f5c1f28,8a17e603-1fbc-4a3f-8c59-e7e30e4f8a11,2024-03-23,delivered,1465.78,credit_card,UK,
2ef3182c-43f8-4b93-ad18-c996c25b9026,ad473f54-cfaa-4b35-99f5-532d72592f7a,2023-11-23,delivered,1391.92,credit_card,US,
75c46523-f946-458a-b09b-e750bf0e46a1,1b458081-106e-4baf-a7bb-ad8eaf58ae65,2023-06-19,delivered,1824.99,debit_card,US,
4f2b2690-0509-48ca-8e18-224a1d847fb4,4268fe6d-322b-48c4-9e85-433bc5b80ea3,2024-03-14,delivered,177.12,debit_card,US,45bbdd18-7e62-4b49-9cbc-fe5c6592ef16
4aa87d41-8fdc-45ff-9dc3-b5526bc1518e,d6362348-f33c-4b25-9c4e-d965696b6fed,2024-02-10,delivered,2618.05,credit_card,US,c9bf035c-16bc-4ea5-b6f7-ad99153c1fff
a73f7e56-47bd-4e22-8a9b-b91ff467d0c4,761c858e-765f-411f-8547-47271f16f38c,2023-02-27,confirmed,3278.95,debit_card,US,
1a8166bd-25b1-4afe-a5f0-72a6dc704fd4,ab47166d-77b9-4639-9c7f-5e8486a3cfae,2023-03-05,pending,144.03,debit_card,UK,
bd81a03d-4b3c-459b-b515-2d71b86d53db,d7f1fbce-34f6-431a-831b-0932ad165ed3,2023-12-23,delivered,2283.51,apple_pay,Canada,
bf99291c-7d70-4612-ba18-be42a2ca4817,8543ba68-6d01-4bfd-b6bd-98a8e513295a,2023-04-10,delivered,139.0,debit_card,US,
85e58e47-2b1d-44f4-a9da-11dbdbcf6c81,5938fb34-b0d5-40bd-b8da-a028cd3ca29b,2023-12-22,confirmed,767.95,credit_card,Canada,e9e15041-6ac5-430f-b9a2-a8caf63e2ba8
c9cb8b46-1c3f-40ef-a2e6-a6ee5dc32dc6,0dd25507-0286-4353-b6e2-4fe8d3734adb,2024-02-21,delivered,214.06,apple_pay,UK,
fe406f92-d5e6-41c3-b943-3d8690b73e33,a3297b8f-90e1-454b-954a-78b5ac4b0a16,2024-01-30,delivered,278.46,credit_card,UK,
2324b643-6c2b-4621-8738-34cd343ed3b6,7e78b0e9-6156-4594-a32d-34b1b51c4c0f,2024-01-30,delivered,197.08,credit_card,US,fec89114-80f0-489e-a3bb-cca22dffedc8
6baa37dc-bc55-4a0f-859f-7ab3c9d6cde2,02aab034-c604-4e70-81ad-58129f84e70d,2023-08-04,delivered,83.82,credit_card,US,
dd00f5bc-dcbe-4f87-9e63-8019ef0cfa1c,3adde3bc-ab3b-468d-a017-374b4a4c0994,2024-04-01,fulfilling,1107.18,credit_card,US,c1c8f255-0089-4f99-9358-5f0a4036ec4f
80540346-9257-4f10-8ccd-cf997bb2181c,e2d942f4-5cac-4c86-bb6a-0a0a96a4e40a,2023-12-27,delivered,859.17,paypal,US,
049a7fa6-b9c2-43bd-9c7a-e62d638bc9fa,5836f0d6-52b3-43d5-92e0-d162265d9c01,2023-07-02,returned,335.3,credit_card,UK,
51b6676f-e2fc-48f4-9553-00bfca22a0c9,cc22bba7-3631-420c-8c10-3ae3ff6cfb0c,2023-08-01,confirmed,149.87,credit_card,US,
32957efa-39b7-4d3b-b00d-88ef89d6b458,5c796213-d509-4978-bb03-5a28a2cf0d59,2024-03-28,canceled,542.08,paypal,US,
6b0f1577-5e49-4510-8719-5f4f3913ad51,9f2292df-a341-446f-8ee0-451a2b17b0e5,2024-04-23,delivered,4107.89,apple_pay,US,
8decdbb8-bfdc-4de2-b92d-fe96611cc348,3c991bd4-46fe-4a0c-bc7a-c117335152fa,2023-10-29,confirmed,377.37,credit_card,US,2f549708-f3ab-4e22-a1fb-cda62268a4fb
17dffede-e134-4b08-ab9f-3c15f265dd3d,9b954335-f41c-473d-b707-8bbb94f32d13,2023-06-11,delivered,81.18,credit_card,US,
a9e88340-beba-46fc-9607-5de32ae7e100,9f2292df-a341-446f-8ee0-451a2b17b0e5,2024-03-02,backordered,733.63,debit_card,US,da74f772-a77c-4008-84e7-df95d1bc594a
c2673cc3-71f3-4d64-8c81-e762c969a8b9,65435a2a-f65d-4e00-a301-bc01f243fe91,2023-05-30,delivered,1884.9,credit_card,US,
df038a87-c936-4144-83dd-f6a6925bf184,c1bdb774-56d3-4b5c-9130-f35d4aca2846,2023-06-06,delivered,127.92,credit_card,US,
21d0dcef-7cb4-4576-99aa-5f188e1ec84e,9242a58a-abf2-4882-a2bd-51ca976582ab,2024-04-11,in_transit,147.72,credit_card,US,
fa6b2ef0-d86b-49c3-8483-7f6bb855f5d4,4f2832ed-222b-42a0-a94a-1de8f8e78ff1,2023-06-20,delivered,855.11,debit_card,US,
6877474a-d513-48a5-a4de-e5059f153da3,a0228460-77e8-4edc-b97f-14dab3d9bed1,2024-04-03,delivered,3230.12,credit_card,UK,
f186e5ff-1ddb-40b2-86e1-15d97cd4aa69,d6362348-f33c-4b25-9c4e-d965696b6fed,2023-09-23,delivered,1141.82,debit_card,US,
a6fcacf3-ad7c-46b7-93e5-f4a268503825,f147eecb-7dcd-4057-b179-18303e3eff97,2023-10-20,in_transit,3604.8,paypal,Germany,
bee03d52-71ac-4dd8-8a79-f1ba269f11f4,5e85eedc-fef1-4739-a6d6-51f3291d7b4d,2023-10-25,fulfilling,1474.4,paypal,UK,
5c88db09-45b8-4d40-af1e-79ab2b8b9fea,502bcef1-e8d7-43c4-89eb-25fa42bc86e4,2024-01-29,confirmed,2606.23,paypal,Australia,
972b4cbf-e300-40db-9a3d-646c4a3977d0,162cf92f-8972-44a9-949b-da75c8847a9a,2024-04-08,delivered,116.32,debit_card,US,
45be110f-6e83-4686-8e57-c2aaee4d9bca,fe45a33b-e2ed-4c80-a918-01691ab02b37,2023-07-13,fulfilling,993.43,debit_card,UK,
e2f64f1b-838b-4119-8a2e-3e765e972fd8,6b900b4e-3f5f-4686-ba6a-24b61c668f39,2024-04-29,returned,42.72,debit_card,Germany,
9e24383a-081c-45e4-9f7f-5d1861665d4a,825beef6-e9ca-4194-bc17-e91c96470e0c,2023-04-18,delivered,115.01,credit_card,Canada,
def9759e-55af-405e-b4b6-cdc0cfec2f7f,ec64233a-70d5-42c9-a0e8-bc9f567b5bd5,2023-01-14,delivered,208.89,gift_card,US,8fdf6d88-c5e9-47c3-9976-2baf9a814eff
12f72a5d-e66e-4e54-b23e-ebdb190dddab,58a14180-d9ec-4561-b1dd-a24ed3188072,2023-02-07,returned,3157.7,credit_card,US,
a406dd06-44fa-41b8-becd-36f3076d46fd,825beef6-e9ca-4194-bc17-e91c96470e0c,2023-03-13,confirmed,1108.52,credit_card,Canada,
cafc6858-b151-4ff0-8b98-53fe3a168348,489ea9ac-f64a-4f17-84e1-a2efcdefd755,2024-03-25,pending,255.14,credit_card,Canada,
e0c34c1f-fbd1-499f-a337-ab12b0c37d17,97198d0a-6c19-4d9f-905c-29dc36e40570,2024-04-26,delivered,3107.58,credit_card,US,
afa5c116-6c29-4be0-bcf8-ddb95f849751,6ccabf87-5a51-4576-827e-32dee774ae4a,2023-01-03,pending,1781.37,credit_card,Canada,
4f718d5c-f77c-43c4-ac10-8b414b4c81ab,b2c5d6ab-d24d-4f8c-b1df-21249f6fe4c5,2023-12-18,delivered,923.45,paypal,US,
7adadb2a-566a-4b3a-a0b1-5031d261607d,c79a7318-97c7-4719-be1f-275dbd92e2a4,2023-12-28,confirmed,1059.11,debit_card,UK,
66638a87-1108-4695-b4c1-ed1937e46d14,e69918b2-c163-4db5-9696-d65488e11d6a,2023-03-19,delivered,30.69,debit_card,US,
6493b3dd-5db7-4f61-9cfb-e4940a0e428c,58a14180-d9ec-4561-b1dd-a24ed3188072,2023-03-15,delivered,34.13,credit_card,US,0fa811fe-78ec-4ac3-b451-ef38182fffa4
18c0ecc0-99eb-4425-9a7f-03fa1df27991,593deab8-1108-47bc-8a0b-62dc81bd329a,2024-03-29,delivered,3378.94,credit_card,US,
19f02b12-86ba-43ec-88eb-b1a4f730bf93,ad3a672a-64a9-4306-8f34-3de84ff2a4ce,2023-11-16,fulfilling,575.54,debit_card,Canada,9f0f3d7a-5aa8-4e43-b137-bc5687f6ef39
590c10d7-9f43-4657-b925-51e861c6ff57,ef7ffc4f-13aa-4843-8838-38e09805bd8a,2023-06-02,canceled,863.87,credit_card,US,
f961c107-05c3-4139-8913-1f8e6d718d49,409e4737-97c5-4657-b34f-12892bc4de60,2023-03-12,delivered,1513.93,debit_card,Canada,
a698ad0c-ab48-4dcc-8871-5b777be054aa,d6362348-f33c-4b25-9c4e-d965696b6fed,2023-11-13,pending,216.72,paypal,US,00052444-386c-48dd-a034-627dfcd498f8
d078504a-53cc-44f1-9ab5-7f6559c45b85,0811221f-041e-4b6e-b5f8-9df05f0be232,2024-04-13,delivered,55.2,debit_card,US,
4bba904d-31d8-4cff-9f3e-70e93a5d647a,e5a0ba19-6693-4036-b995-b3b2a41a678a,2023-08-21,delivered,780.88,paypal,UK,
d7eba269-fb07-46b7-af0f-8383bedf8bc5,4abd67b0-664a-4049-9ddd-f9f30f4542c2,2023-07-01,in_transit,5189.8,credit_card,US,7bedbebd-9cbd-4006-b4b2-e5f06410beda
81fcffff-4b81-4909-8aa1-f54a4b63a053,f7f82900-adca-4971-b76a-bf097d14befc,2023-10-01,delivered,483.48,paypal,US,
ea6c40ca-098b-43db-b2f0-9535ce7ed5cb,0b14eee5-c3ea-411a-9877-6128875f3cd2,2023-05-13,delivered,1176.76,debit_card,US,
df423847-c74b-4ec1-9256-2ec322712f10,61cdccf9-1c42-4759-92a2-8b7af567043c,2023-03-15,canceled,25.56,credit_card,Australia,
c79ff341-761b-40e9-9eb8-1e6a5bd1d19a,f147eecb-7dcd-4057-b179-18303e3eff97,2023-08-05,delivered,1952.76,paypal,Germany,
731ddd7e-de92-4197-afbe-d69824e10086,a0228460-77e8-4edc-b97f-14dab3d9bed1,2023-12-04,canceled,491.33,credit_card,UK,00052444-386c-48dd-a034-627dfcd498f8
e49a0dc7-aaf1-4844-a5bf-4f84c6f7d346,9f2292df-a341-446f-8ee0-451a2b17b0e5,2024-03-23,delivered,54.06,credit_card,US,
dbe83634-4ac9-4fb9-826a-5b914a6f708a,c89947cd-2112-427b-ad85-84ef07d70067,2024-04-12,returned,183.86,apple_pay,UK,
7bca0ffc-3eb2-43e2-8a7c-b502ae25b7b4,4b92eddc-5bf3-4aa1-8e2e-e91c0f44c03b,2023-06-07,delivered,1091.87,credit_card,US,
c73177fd-da2f-463b-b3fe-8fd18486fc4b,02aab034-c604-4e70-81ad-58129f84e70d,2023-11-13,delivered,2340.9,debit_card,US,
0b7c2d61-347f-46f3-ab10-3c1f90ef0ce8,61cdccf9-1c42-4759-92a2-8b7af567043c,2023-08-23,delivered,122.91,credit_card,Australia,5f095c2c-b129-4cb8-ba99-8b59ebc2695d
c5ac6ff6-f5fb-4403-8411-675bd877361a,b2c5d6ab-d24d-4f8c-b1df-21249f6fe4c5,2023-12-18,delivered,935.94,paypal,US,
ac852088-0791-4fce-9786-674a3f9d344a,e21d4513-ab2a-4ac7-9860-381724efa4a7,2023-06-27,delivered,1068.72,debit_card,US,
f76df4fe-b242-49ba-bcab-a52561cf5456,3c991bd4-46fe-4a0c-bc7a-c117335152fa,2023-02-09,canceled,151.74,credit_card,US,
5922d554-10b5-4ec1-8739-741f3673b365,bc3da3e2-e0f6-450a-8ed7-38c82f3499a8,2023-05-08,delivered,1885.52,paypal,Australia,
738859a5-189b-416e-93de-1be0c326bfbe,6ce6fd6e-46f1-491d-8cbc-5486ffd76030,2023-02-06,delivered,334.98,debit_card,Canada,
35d8f697-557e-4c65-bfcb-291d7633b5ba,fc7bc133-f81c-4e2d-8460-5dd8ac802206,2023-12-31,delivered,405.53,credit_card,UK,ba8a086b-51f7-4e0a-9bfe-9a373c4b023b
b69bc1bc-bf17-4261-8a64-66c0fba355ab,0024ef3b-9f46-4b6c-bd23-0ca1ed88d4e5,2023-05-05,delivered,98.02,credit_card,UK,
89394689-cf58-41e1-bf99-9d02d554b97d,ab47166d-77b9-4639-9c7f-5e8486a3cfae,2023-02-28,delivered,317.17,credit_card,UK,
634c57dd-aa98-4142-bbe4-e046dc39be03,93062488-787e-4a58-8744-432f7d46f175,2023-10-09,delivered,1983.48,debit_card,US,
78013119-8a4c-480c-8108-a2addfbfa894,e21d4513-ab2a-4ac7-9860-381724efa4a7,2023-07-28,delivered,5520.37,apple_pay,US,
8fac1f45-f059-4b18-a6ee-a2a2f308a9cd,bc3da3e2-e0f6-450a-8ed7-38c82f3499a8,2023-01-22,in_transit,1446.75,credit_card,Australia,
e74b87cc-5fb2-442a-8072-374028254974,fc7bc133-f81c-4e2d-8460-5dd8ac802206,2024-01-28,delivered,1855.41,credit_card,UK,
998dc442-e648-406e-be83-b420f2f81c01,f1f11a61-9cb6-47c7-8834-8819657b6582,2024-02-15,delivered,538.43,credit_card,US,
af88331f-a89d-4e4a-9624-0ca7001bcce5,563a4e64-868a-4f8c-b9d6-bf76cef8f4c2,2023-06-15,backordered,1482.78,paypal,US,0fa811fe-78ec-4ac3-b451-ef38182fffa4
bdcb7837-cdfc-4de0-9309-f662b4e02620,f147eecb-7dcd-4057-b179-18303e3eff97,2023-12-25,returned,1569.82,credit_card,Germany,
5bc6f1ac-cd5c-4cb6-8ef8-0c26a047f7bc,6a18ab29-0e69-49de-aa20-93f3de10bd9a,2023-08-16,delivered,1394.39,gift_card,UK,
0d297b87-c857-4c75-adde-159ea8898d89,40f7a946-838d-4fef-bbde-71a374fd6f74,2024-03-22,delivered,430.48,debit_card,Canada,da74f772-a77c-4008-84e7-df95d1bc594a
227edd4d-8475-4f6f-8359-999ffb8afc22,ee11ffc3-e9fb-4c8a-809a-93756d61aa47,2023-01-10,delivered,323.53,credit_card,Germany,
d7a2a5f7-e90f-4925-be32-40ca7dbf847e,1b2e9092-8666-47e5-b883-83f20d3dba6e,2023-08-06,delivered,86.3,paypal,Germany,
3c62048b-fcc1-4df9-92bc-38f251c7ea1a,9e0a00a6-77aa-45d3-977b-b35cff8a4db5,2023-11-25,delivered,302.32,credit_card,UK,
185a5cdd-4654-4e90-88d1-4001367bbfcb,68cd38b1-2976-432b-9782-71e81b37ed97,2024-02-24,delivered,175.36,credit_card,US,6c91bddd-70e5-4708-b661-a584a8825398
f7c7d3a6-f3c0-474a-879b-adc176b9d169,0e444be7-c58b-406c-88bc-cc96872a8703,2024-03-09,delivered,286.78,credit_card,Germany,
894e4e8b-c59a-4a0a-9abf-1e12b1113613,610651e2-f64a-45f4-8244-9f166ba6bb75,2024-02-06,pending,34.12,apple_pay,Canada,fec89114-80f0-489e-a3bb-cca22dffedc8
2caf6fd3-f083-4faf-ba8c-a384e0e9c1e1,68cd38b1-2976-432b-9782-71e81b37ed97,2023-11-02,delivered,3588.13,credit_card,US,
acccf69f-9fb6-47a5-8e7f-fefaafcea3f0,ef7e2551-02f9-4219-98ed-b613ccb394f6,2023-11-24,delivered,23.68,credit_card,US,
9d78167d-a5cf-4131-9299-5a7522bd264f,1e475fd2-d99b-479e-bffb-44352b2a5211,2023-10-01,delivered,741.32,paypal,US,
ffd79ab4-0dbb-4c4d-aaeb-b5db048c1e44,038c10ae-ddb1-4e4a-9a31-cd9e4f81c9bd,2024-01-11,delivered,1120.08,paypal,Canada,
9dd067ae-5ba8-48b8-b1e1-425149575435,96e043d6-3cc2-45ca-b393-ea857d3d7a70,2024-01-16,delivered,455.78,paypal,US,
28afc00d-89db-4902-a706-c93c6fb28d66,68cd38b1-2976-432b-9782-71e81b37ed97,2024-03-21,delivered,386.56,paypal,US,
8645bb8c-c84a-4012-b4b4-6a307d89c0d9,80de749e-464b-4ec8-b46f-84094aae4f02,2024-03-07,canceled,2900.2,credit_card,UK,
fe332bc6-8807-4c89-bdb1-305e64be2df3,f7f82900-adca-4971-b76a-bf097d14befc,2024-03-07,canceled,2860.0,credit_card,US,
69869c53-dfe0-4165-b221-67779ced942a,5b73159a-c4fe-46b4-a4e2-cb90b47152f1,2024-01-18,pending,691.67,credit_card,US,
d8be5f15-fabe-4ae4-91b7-8bf7dbd221db,8c90cce2-f90f-4065-862e-095e6f535ef6,2023-08-25,delivered,362.28,credit_card,US,
81bf85b8-7eff-4691-bf19-208866aa112d,9668ef01-8ca7-4718-940f-b56d3cee784b,2024-04-16,returned,1754.33,paypal,US,fea36e0a-a6bd-4b2d-a7d8-fe8c7cf54f88
1f8e20af-2310-4e52-ae0a-33e9a61f1216,d6362348-f33c-4b25-9c4e-d965696b6fed,2023-10-20,delivered,739.86,credit_card,US,
212a9b11-3838-47b7-8bbb-76d6bf0e3b97,9242a58a-abf2-4882-a2bd-51ca976582ab,2023-09-12,delivered,402.3,paypal,US,
0898f950-d227-4f8c-991d-11be1cbadeeb,3f7c0611-00d2-427d-91bc-1c21fbfb9aa9,2023-06-08,fulfilling,211.71,gift_card,US,
c1213f3c-3f1e-4e55-8aac-d623f72eb407,4e7a02f5-f62d-401f-b528-5d0af80d68c0,2023-12-15,delivered,601.9,paypal,US,
81942968-5947-4258-b101-995f446630d5,fc7bc133-f81c-4e2d-8460-5dd8ac802206,2023-09-03,delivered,3062.14,credit_card,UK,
2eb021b7-512b-411a-b7bc-516a3f3b5a5e,a9199282-7d5d-4d33-8706-f8aff07b2e66,2023-12-03,delivered,1852.39,credit_card,UK,
fee302cd-9321-43be-80f5-4ec7a81039ce,8be97fa7-fb9e-4b61-9d8c-3e4064da8b1c,2023-09-02,fulfilling,1257.11,debit_card,Canada,
741460d0-6161-4f0a-8c5d-34e719b960df,adbf5054-d91f-4def-8000-10a8e88ee72c,2023-01-16,confirmed,20.78,paypal,US,
66da1db6-ad6f-45c1-a795-8a4252b2ba8d,4a9c434c-9c1f-4472-b2fd-dff6594bbc7a,2024-02-24,delivered,349.16,credit_card,US,2d7920f3-c224-4090-ac7e-3524467c5dff
7e98b8e2-d849-4c35-a147-4d7c1783dc1f,562d7c0c-c5aa-459a-af4e-d9cb61eb8b8f,2024-03-15,delivered,713.25,debit_card,UK,
98d92f55-85af-4e2f-ac34-b4d222607c01,6dfab93d-fca4-4074-9226-58b946ce0d1b,2023-11-18,confirmed,7565.56,credit_card,Germany,
fbac43ef-1690-4cba-b512-8d1c9815e7a0,e2d942f4-5cac-4c86-bb6a-0a0a96a4e40a,2023-09-30,delivered,5840.48,credit_card,US,
c9c1e5e7-2b75-4390-baf8-b698b0d7a7c6,7e78b0e9-6156-4594-a32d-34b1b51c4c0f,2023-10-30,returned,157.06,debit_card,US,
99eab0ae-b83d-4a26-be87-c3222473880e,d9490d87-3c67-49b6-90e6-403f793de822,2024-04-24,backordered,4236.34,apple_pay,US,
155fe748-e836-4e6b-853a-cb7220f186c1,6400274e-ad92-41e5-b349-429ae7ef8eae,2024-03-12,canceled,16.32,credit_card,US,
3391b1ab-0c16-4c25-96f4-1a5dda802544,b3a5b702-4adb-40e1-9a96-7e9b869cc524,2023-10-29,delivered,991.5,apple_pay,UK,
e68ea92c-fb84-4e61-b347-8158cc4e5173,9f2292df-a341-446f-8ee0-451a2b17b0e5,2024-01-19,delivered,187.6,credit_card,US,84c18013-bfe9-41ec-b274-cdd8d45431bb
64c5bc8f-5e2e-453a-a969-f62826d30853,508cf050-148b-40f9-a188-3a6127725131,2024-02-17,delivered,260.6,credit_card,US,c4442a15-3f4c-4641-bb42-71bd0da7a0b1
4df9cd24-8d39-4279-adbd-5504ee0705d6,1e475fd2-d99b-479e-bffb-44352b2a5211,2024-02-20,delivered,375.28,credit_card,US,
1dcea748-820a-4336-95ae-1e8f95243465,409e4737-97c5-4657-b34f-12892bc4de60,2023-05-16,delivered,2388.54,debit_card,Canada,
cfeddbc3-1630-40aa-a53c-d188f29433cf,6dfab93d-fca4-4074-9226-58b946ce0d1b,2024-02-13,fulfilling,4514.84,paypal,Germany,
d557fd20-5d12-4ab8-a0f3-961fc1c15d1d,e99aec32-80d9-4b78-bda0-4e18e25cd8a5,2023-05-17,delivered,1202.68,credit_card,US,9eb4cfc6-6b2e-4c27-b124-0d85a539c696
1cf13485-51ec-4670-9ca6-952aa7f91030,80de749e-464b-4ec8-b46f-84094aae4f02,2023-08-17,delivered,535.45,apple_pay,UK,
059ece42-965e-45de-8a18-11ec6b26c7d9,9b92f095-ef79-44ad-9f48-b93688dece25,2024-03-19,returned,93.3,apple_pay,US,
7e6e4b80-2198-4f08-aef9-fc6f7c0fc308,b3a5b702-4adb-40e1-9a96-7e9b869cc524,2024-02-14,delivered,512.18,credit_card,UK,
d0ff3a6f-4ab4-418c-af40-e4f73eafce39,5bb8c050-31dc-4383-a5b0-cbcf01eb4022,2024-03-02,delivered,1907.17,debit_card,US,cf0119bc-0163-4ab5-8a7e-1e446dd07f6c
0784b4c8-a303-4940-b4af-2753ec364a4f,6ccabf87-5a51-4576-827e-32dee774ae4a,2023-11-16,confirmed,442.89,debit_card,Canada,
9ad54b8e-6d0d-41bd-9923-40f16427b5b0,317f2205-59c6-476a-b9bb-f6428b7b85b7,2023-07-20,delivered,8598.25,apple_pay,US,
4faaa377-7433-4845-98b6-25c7b7415b5f,3bd168a1-74d6-4c37-b293-0ed057261425,2023-04-15,delivered,103.7,debit_card,US,
ab7c6a63-9115-49d0-b582-0c32b3e55d31,4be39f5b-f970-406e-a161-72a345f5c305,2024-02-12,delivered,246.17,credit_card,US,
8d9aaf5d-6753-4354-9644-27bcaea1ed66,0eb1ed37-3421-41c5-853e-e4f4bfd2ebfb,2024-03-20,delivered,142.68,credit_card,Germany,e874bbaf-ce31-4186-a8ed-4647eec5e2e9
0ed3e8c7-7679-4491-a49c-3421099e9c1f,d255ae66-cd56-4965-947a-fc7887d075ca,2024-04-21,delivered,58.68,credit_card,US,
095c625a-f365-4de0-a4b9-24281d17a6a0,708116b3-ac42-4904-9b90-1ad176935278,2024-02-16,in_transit,374.31,credit_card,US,26ee2917-3002-4d0d-bcfa-ee0d2496b52f
24d2bf75-b8e3-4e3b-96e8-1f370f82797c,02aab034-c604-4e70-81ad-58129f84e70d,2023-07-05,fulfilling,1211.76,debit_card,US,
560e43f7-a7ac-49c3-b5f7-f33917562cb4,dfc3d355-99b1-47b9-97bb-9ed946979873,2024-02-02,delivered,445.31,credit_card,US,
1f70a05b-4d2b-4f08-8e63-5df5eae3182d,f40b9268-9138-424f-94c9-d08948a0b8b5,2024-04-10,returned,1135.88,credit_card,US,4b623a32-c75d-4371-b8c8-631fbe3b4b42
6393a577-c530-4fe9-8e88-57253b7fcc2c,1899a723-ca24-478f-b85c-b2f3676590b7,2023-09-15,delivered,584.26,credit_card,Canada,
37c37160-44bc-4e72-aa1f-9a8a90c8c0c0,e2eaa58e-11a7-492a-8635-fd6bd1ea6c9e,2024-04-26,backordered,1418.54,credit_card,US,
39c221e9-dd2e-4dfb-8362-25788bec9dd8,5938fb34-b0d5-40bd-b8da-a028cd3ca29b,2023-06-22,delivered,1317.12,apple_pay,Canada,
19645be7-59d5-4826-96f6-189b5ed94508,9f2292df-a341-446f-8ee0-451a2b17b0e5,2024-03-15,returned,4203.64,credit_card,US,
fb1b2e2c-fe12-4d78-a251-baa9591822b8,36bef2b1-ff0c-486a-a9b7-ca4dbf0cd690,2024-04-24,delivered,2095.26,credit_card,US,
6c9c0616-4037-4a11-99af-bb91fed1cde3,f90508f3-2df7-42e1-9d74-a398c92e55fd,2023-10-17,delivered,35.72,credit_card,US,
9045a3f0-027a-49b2-84f6-d311b06db83d,fc7bc133-f81c-4e2d-8460-5dd8ac802206,2023-06-13,fulfilling,2771.05,apple_pay,UK,
16d1ccff-9b5b-4c84-8bb2-311f0b7eac94,966c308e-8dbc-4580-b67e-623fc5c14ce8,2024-04-14,delivered,68.68,debit_card,Germany,
21f4c376-0b7f-4f7b-8012-3cc365a42bd0,bc3da3e2-e0f6-450a-8ed7-38c82f3499a8,2023-10-10,delivered,462.5,credit_card,Australia,
85109421-ece9-4fec-b36a-02a091ee3ad2,593deab8-1108-47bc-8a0b-62dc81bd329a,2023-02-26,delivered,1492.28,credit_card,US,2f549708-f3ab-4e22-a1fb-cda62268a4fb
92e5f29a-57ad-4717-afda-ea9b3f9970af,fc7bc133-f81c-4e2d-8460-5dd8ac802206,2023-10-03,delivered,5088.08,credit_card,UK,
d4a8618c-6fd5-49ae-8581-b83f789ca159,5c796213-d509-4978-bb03-5a28a2cf0d59,2024-01-28,delivered,100.82,debit_card,US,
34371af7-9b85-4ee6-b62a-96990ffec856,ad3a672a-64a9-4306-8f34-3de84ff2a4ce,2024-01-21,delivered,577.81,apple_pay,Canada,7b96c929-87e4-4795-869e-2578211a7061
f72f0b2f-49e2-475e-8fdd-cc079e08c7c7,d6362348-f33c-4b25-9c4e-d965696b6fed,2024-03-07,delivered,728.57,credit_card,US,
85a0393a-7d18-4406-a1a9-13ef9a5bca18,822dc53e-0760-4041-b43c-bac3d0057bfb,2024-02-01,fulfilling,1030.16,debit_card,US,
4b4334c1-57d9-4666-8d80-a9a7470b3768,68cfd71d-256e-4e25-8b2b-fbd7048f0c99,2023-07-18,returned,596.62,credit_card,US,
ce4ec952-65b9-46ee-8ab7-dae90c0c5ff7,d94a6949-d67a-4b7d-87c1-44e8d2b4a463,2023-12-08,delivered,199.9,paypal,US,21c461da-53ea-4fa3-9d86-6540660eabca
8deada7b-4972-4859-80d0-da4edb95f455,3ea9c15e-8d0d-4449-945d-aa1445af5ada,2024-01-31,delivered,2943.45,credit_card,US,
5118cd15-02f3-4087-8f74-87913ed49e50,d7f1fbce-34f6-431a-831b-0932ad165ed3,2024-03-20,canceled,3846.88,credit_card,Canada,
7463b0ce-c0a4-4f23-acbb-7070a3f43992,e2d942f4-5cac-4c86-bb6a-0a0a96a4e40a,2023-10-06,delivered,3674.72,credit_card,US,
d7376612-39b0-4e18-ac3e-10157259df86,ff9ac045-0a1d-4e5e-8430-e9bbe4f738d5,2023-09-04,delivered,155.9,paypal,US,
ff4f5144-cd62-43db-a107-918a3b323eb3,47bfbf74-2f6e-421a-a568-ce6f26ec5eb3,2024-01-06,delivered,363.32,credit_card,UK,
a30bb7d4-4bef-4ea0-bfac-e870f0aa4aec,0852b289-200a-42bf-9cae-36bdcb47b281,2023-06-10,delivered,1587.26,debit_card,UK,
aee8e122-7137-493f-8a15-edff1c7bec2b,046207b2-0840-4d28-a8fc-5ea9166dca2e,2023-03-29,pending,207.44,credit_card,US,
9bc47a46-39e1-4590-84b9-75b845930a40,fe45a33b-e2ed-4c80-a918-01691ab02b37,2024-03-04,delivered,288.0,credit_card,UK,
51d2cde3-1083-40ed-8297-52ddc296c025,4b92eddc-5bf3-4aa1-8e2e-e91c0f44c03b,2023-04-21,delivered,1575.98,credit_card,US,682eb470-589e-4674-94e6-2527d350641d
754e4f1c-710b-4606-9f70-cf03ac00de98,162cf92f-8972-44a9-949b-da75c8847a9a,2024-04-10,backordered,563.21,credit_card,US,
00871eb6-6adb-4478-a6f7-1f03d9cffe09,b3a5b702-4adb-40e1-9a96-7e9b869cc524,2024-01-15,confirmed,319.89,apple_pay,UK,fc19159c-df7b-44ac-9ce7-12dcf3937512
243e6dc4-c796-4541-b644-642dac3edf4c,72a1dbfe-e9dd-47ee-b1da-cd827b5ff40e,2023-12-21,delivered,1028.58,credit_card,US,
ad8877a6-11f1-4ff5-a6d7-af494ae5976a,1e475fd2-d99b-479e-bffb-44352b2a5211,2024-01-18,delivered,1952.12,paypal,US,
379de358-bc4c-4cb8-af70-fd8fd8eaa90f,1b458081-106e-4baf-a7bb-ad8eaf58ae65,2024-04-26,delivered,213.49,credit_card,US,
3ef2bfb0-2423-4efc-aa63-f006237f8eb0,3ca2a2dd-c4ae-4cc1-84b9-d99125674f30,2024-01-26,delivered,611.22,credit_card,US,
2f628be7-a18d-4fa7-a56f-47bd0503093d,d7f1fbce-34f6-431a-831b-0932ad165ed3,2024-02-13,delivered,4850.64,apple_pay,Canada,
4a70427e-d067-4058-b12c-bdc357a34c8a,508cf050-148b-40f9-a188-3a6127725131,2023-11-10,delivered,890.32,credit_card,US,
0bf9ca77-e33e-4790-80db-fd03d5c90e3c,afc1c824-f5b1-4847-9219-cdf9aba4361a,2023-05-11,returned,1465.44,gift_card,US,
ebca5009-2d02-46c4-8d52-ff8ae4047e39,6ccabf87-5a51-4576-827e-32dee774ae4a,2023-08-13,delivered,592.23,debit_card,Canada,
c208b5f6-4f7e-46ef-9ada-31fa87e40f1c,68cd38b1-2976-432b-9782-71e81b37ed97,2023-09-12,in_transit,1308.32,debit_card,US,
2dd24cb6-780b-4a1d-9f9e-c1fbbd0f46cd,5e85eedc-fef1-4739-a6d6-51f3291d7b4d,2023-11-18,delivered,12.85,credit_card,UK,
b0a75b80-384d-4635-a7c1-fb1d025f8ca3,4b92eddc-5bf3-4aa1-8e2e-e91c0f44c03b,2023-12-10,delivered,3342.57,apple_pay,US,
64076b67-a752-45ea-ae40-7feee54bf013,af8125b3-5827-48ec-9828-e43a2917bab2,2024-03-08,backordered,211.76,paypal,US,
07ccb230-417b-4319-a809-6599a271ffd2,6a18ab29-0e69-49de-aa20-93f3de10bd9a,2024-01-14,confirmed,105.42,paypal,UK,
0bac7d7f-8e35-4af2-ac76-de1a438fa1bb,1e8eed99-9b0f-463e-abc3-9ab34fb762fc,2024-02-03,delivered,602.19,credit_card,US,
841d08ff-30d0-417d-a351-f5e979368eee,63bd59ec-e46e-4d8c-b803-450de8c8dba9,2023-11-22,delivered,212.95,credit_card,Australia,
a5e63096-60c5-4cf8-96b4-a075c0f0bfb9,6e402455-fb4a-4b22-9bd1-58357ab112b9,2023-04-06,delivered,322.69,debit_card,US,
89941553-52a6-4eee-b1e7-5e5250af6b1d,623c18b1-ee0f-41e2-a455-911e91f4cd43,2023-10-02,delivered,1776.68,credit_card,US,
30940ed2-4ad8-4e43-92e9-21ba6ceffdc1,cd71de6f-8bae-49d2-bfcc-19a8101e3c99,2024-04-23,delivered,37.63,credit_card,US,
28a72d4f-c7de-4347-bce6-fffd433a3063,f147eecb-7dcd-4057-b179-18303e3eff97,2023-07-23,returned,6484.38,credit_card,Germany,
85e86203-0422-4810-b4e7-f5afa85abcc8,6a18ab29-0e69-49de-aa20-93f3de10bd9a,2023-02-03,delivered,2036.63,credit_card,UK,
8a5c0fdc-b59a-4d0e-a1b1-d9f73aaf4f26,ef7ffc4f-13aa-4843-8838-38e09805bd8a,2023-09-27,fulfilling,227.31,debit_card,US,f09814a9-30b5-4e6a-8fd7-3c3892d76d02
17dc8239-33d2-406f-ab93-701934ade86c,35478536-7740-47b2-84f8-bc501ceb1fb8,2023-09-27,pending,913.4,gift_card,US,
49632978-72e4-4bc6-ac72-9c8c84c63ef3,a7349849-7da9-4848-a6f5-1b84e7e32f58,2024-03-13,delivered,2210.58,debit_card,UK,b0083f87-fc2d-47ed-a7fd-db65af1ed873
35cf0d8a-0e4f-451a-963f-21828cc2640b,070a1c87-7d12-48ff-977d-ca032c246d92,2024-04-11,delivered,648.53,apple_pay,Australia,
23122f65-7afe-4884-83d0-913bafaf0f98,80827f1f-7cea-41dc-9905-c25587477934,2024-02-09,delivered,231.82,credit_card,US,
57d7b7bc-a4d0-4b46-be41-a7119252dcc4,4f2832ed-222b-42a0-a94a-1de8f8e78ff1,2023-08-22,delivered,381.27,credit_card,US,
fd3f32eb-16dd-4b7c-89b1-efc4bb47de11,ad473f54-cfaa-4b35-99f5-532d72592f7a,2023-10-02,delivered,1377.26,credit_card,US,
5706f484-fa74-40f3-8bc8-bf2db4a66345,d06fee96-ed97-4343-bb47-f7dfcf9d403f,2024-02-12,delivered,7038.59,credit_card,Australia,
42cb7fc9-969d-4900-aa7c-0a6634913fa5,e28afd39-b42d-4908-b054-6dcc9f96b8ca,2024-04-24,delivered,49.45,credit_card,US,b7c9faba-5ec4-4b76-9256-a1c7f77a13c0
44043649-4669-41f1-a017-0b1236e8a01a,85646834-136e-4cb3-b7ab-a294b7716f0c,2024-03-11,delivered,291.49,credit_card,US,
2328084c-6d8e-4c53-8e5d-0f65ab1f9610,ecd53388-7ac2-4b64-ba63-bd45dbc475ba,2024-03-11,disputed,6007.76,debit_card,Germany,
38e66e96-8fe1-433b-9328-8830df89e1cc,966c308e-8dbc-4580-b67e-623fc5c14ce8,2024-02-02,delivered,13.33,credit_card,Germany,
9222ad8b-ed08-47d7-96bb-b817a5b34e32,98626665-c368-4bfe-ae6a-9c68dcf40582,2023-03-15,confirmed,2222.51,credit_card,US,
11c21c0c-cf1a-4da9-b964-c907a172b92a,fe45a33b-e2ed-4c80-a918-01691ab02b37,2023-01-25,delivered,1178.89,credit_card,UK,
9f1c8f44-0ecc-44a1-a973-19528ddd61e9,9f2292df-a341-446f-8ee0-451a2b17b0e5,2024-04-13,delivered,4615.9,paypal,US,
b73831de-3774-4c63-818e-45b4d36d7f01,f7f82900-adca-4971-b76a-bf097d14befc,2023-03-02,delivered,12254.28,apple_pay,US,
41b3ad62-1316-4737-afb1-78039fd2c8e3,68cfd71d-256e-4e25-8b2b-fbd7048f0c99,2024-04-22,confirmed,922.98,credit_card,US,
ca1a5b52-4a93-468d-9b9f-456c1fbcb8a2,4830f893-ec70-4b74-9d0f-b9cb1a8df72d,2024-03-09,in_transit,3429.33,debit_card,US,
c0e1a1b2-86e3-42c4-9e07-88594cc29b87,a3297b8f-90e1-454b-954a-78b5ac4b0a16,2024-03-24,canceled,464.91,debit_card,UK,
cecee48e-6866-47b5-b44b-787173e5eecc,761c858e-765f-411f-8547-47271f16f38c,2023-09-01,returned,293.26,paypal,US,
78b6b971-9cec-4479-a51f-4fa67ec82617,8eea27a6-30cc-4e8b-8bbd-2b90dc52afd6,2023-08-11,delivered,43.44,credit_card,US,
db0e2e2c-f69e-46ae-ab40-8ec4ecbfd8f6,edca91f4-a5df-44e1-83f2-4936c087d640,2023-11-16,delivered,2729.57,gift_card,US,
5bdf7b3c-b296-4e02-bf3e-a3096f0c4bda,f147eecb-7dcd-4057-b179-18303e3eff97,2023-10-27,returned,1404.37,paypal,Germany,
1504d46a-5c0b-488f-ac98-bf9e68ab914d,c70efc24-7937-4bed-a914-ae131c252469,2023-08-21,delivered,154.42,credit_card,US,
6493449e-5558-4624-997d-2afd4b5fffa0,161b62da-8b33-462e-b798-fae6e08e72d9,2023-12-26,delivered,2764.47,credit_card,US,
1c7c461a-6924-4348-ab7b-a7b4cfbb911e,0b6c39e0-8c4c-4f66-8806-8c90db05fa5e,2023-10-18,delivered,509.24,credit_card,US,
c7475977-4c87-436d-b29b-393d543bc668,d750d318-74f3-426c-a5fd-6baacbe32eed,2023-07-30,delivered,4186.57,credit_card,US,
518dca80-fdd7-493e-bdd5-2f2389a60e76,2b24d3f2-1e7b-492c-80e1-11d622359a2b,2023-11-23,in_transit,9317.07,credit_card,Canada,
3cafc9d1-4380-4bc8-9ecd-df0fb8c75ce3,f1f11a61-9cb6-47c7-8834-8819657b6582,2024-01-13,delivered,327.5,credit_card,US,
e27b65c4-6de2-4918-b236-534e6c25e5aa,90783954-8b05-481a-94ec-1dae64f1e09d,2024-04-29,delivered,1928.35,paypal,Canada,
20612ade-5a8f-4636-8a7b-82b638f847c0,1515a6e2-869c-42a0-88fd-f72eab5da3ac,2023-07-31,confirmed,710.12,paypal,US,
fff42052-0c21-44d8-a304-d17df802dfe6,3150d6cf-ca4b-4862-8867-918dc75219a9,2024-04-22,pending,1941.33,paypal,US,
96a165fc-0150-4a92-ae97-57e880c1bc5b,d750d318-74f3-426c-a5fd-6baacbe32eed,2023-12-10,canceled,1056.29,debit_card,US,2d00860c-75e8-489b-9641-804788361dfc
9129af4c-55f6-44ad-9754-2a73e51897ef,2b296d34-d086-4b39-89ab-f0b9cf6b06bd,2024-04-18,delivered,104.82,credit_card,US,
730c108e-6afb-4fef-bfa3-67bfede78380,dfc3d355-99b1-47b9-97bb-9ed946979873,2024-01-18,delivered,545.44,gift_card,US,
5dcb1627-645e-4543-8cde-8842bfbc8615,593deab8-1108-47bc-8a0b-62dc81bd329a,2023-01-14,delivered,3775.59,debit_card,US,
ae78d47c-f120-4934-a78b-e37611946bea,d1ac2108-2933-4160-b04a-d93e9e6bf628,2024-04-13,delivered,116.15,debit_card,US,8a3d863e-49f5-4101-a6f0-cf5fb8b1020e
f862d88f-4b4b-46a8-b767-32ce4f4f877a,6400274e-ad92-41e5-b349-429ae7ef8eae,2024-01-21,delivered,1201.11,credit_card,US,
f83a756f-fe2e-47a8-880c-3616a987e64e,65435a2a-f65d-4e00-a301-bc01f243fe91,2023-02-10,returned,3885.5,credit_card,US,
ef794615-8534-4f2d-a3f6-afe14636ca56,1e475fd2-d99b-479e-bffb-44352b2a5211,2023-12-05,delivered,7503.1,credit_card,US,
b9e43d8d-beeb-46c4-bdfe-92dc6a49b3a1,2d6159e3-ea1d-4c5a-853c-4d2b1565c1da,2024-04-17,delivered,404.01,credit_card,US,
4c2230dc-8dea-4719-93c5-f2b4ef5ae459,edca91f4-a5df-44e1-83f2-4936c087d640,2023-01-17,delivered,4088.86,credit_card,US,942d295a-dea3-422e-bcdf-f4a98c41fcd8
ed11a824-fc27-4037-8136-ba4acf51a01d,d750d318-74f3-426c-a5fd-6baacbe32eed,2023-12-12,delivered,324.65,credit_card,US,e089aef9-a775-4922-a59f-bc471100e170
b0a95a3c-d6d4-413d-9d69-e414e1739806,6248652d-a383-4bc3-bb87-7c4f75c32cf6,2023-07-01,delivered,54.08,apple_pay,US,
91161d18-0b1d-456d-bfa7-5a19a6a66164,825beef6-e9ca-4194-bc17-e91c96470e0c,2024-03-17,returned,552.22,credit_card,Canada,
d53ec585-1d8b-4ae6-8ccd-f82c7dd22508,4194a41b-7ebe-4448-9668-b3ab24458c54,2024-04-07,delivered,243.18,credit_card,Australia,94ca2564-df1d-414e-89d7-0813bf579525
5c1f73fa-ac74-4f84-aa56-b19406799328,56fb0e78-fee1-4ccc-a361-8022b5c5bd0d,2024-02-03,delivered,1283.25,paypal,US,
96a0ac22-4921-4384-978e-3fe2e66976a6,1c81bcea-b5e0-4adf-b2af-63a9e5486cff,2023-12-07,delivered,2568.98,credit_card,US,
19db3384-b374-4ad3-8d97-0c05e7f9c496,0b14eee5-c3ea-411a-9877-6128875f3cd2,2023-05-15,delivered,2315.87,debit_card,US,
3bb827d9-c18e-4cb9-9dec-d33321182bdf,b2c5d6ab-d24d-4f8c-b1df-21249f6fe4c5,2024-01-15,delivered,3429.27,credit_card,US,
ee6a70ce-eef1-4bc2-90de-99ee3010fbfd,86935e36-48e6-45ad-a3fc-d46f406d3b3f,2023-10-07,delivered,115.87,credit_card,UK,
1eb24cd2-f7aa-432b-8fb9-0d8e11a7ec95,9f2292df-a341-446f-8ee0-451a2b17b0e5,2024-01-11,delivered,1482.66,credit_card,US,
653b8995-a2cf-4498-a9d0-0549595b3010,f90508f3-2df7-42e1-9d74-a398c92e55fd,2024-02-20,in_transit,4483.92,credit_card,US,552e977a-7d0a-4214-9d45-2425f2243e80
1b7bdc85-8847-4e33-bac2-2675d93faed2,8be97fa7-fb9e-4b61-9d8c-3e4064da8b1c,2023-10-02,delivered,283.76,debit_card,Canada,
f01ee81b-481c-448e-b29e-4de93f304860,2d6159e3-ea1d-4c5a-853c-4d2b1565c1da,2024-01-13,delivered,624.43,credit_card,US,
cb94a165-51b8-46a4-bb3d-d762cc2c8f87,d6362348-f33c-4b25-9c4e-d965696b6fed,2023-08-13,delivered,3752.18,debit_card,US,
32a69765-e580-4aa9-bf61-4de8766cb1e5,d750d318-74f3-426c-a5fd-6baacbe32eed,2023-11-17,canceled,18.05,paypal,US,
4ee2099f-690b-4092-86a6-4f5195003665,4a9c434c-9c1f-4472-b2fd-dff6594bbc7a,2023-11-11,delivered,810.06,credit_card,US,
d2b3b45f-6b6b-456c-bc85-90cbd4fe0240,038c10ae-ddb1-4e4a-9a31-cd9e4f81c9bd,2024-04-21,returned,126.78,credit_card,Canada,
40d430da-5116-483a-875f-fbf9b952b244,8a17e603-1fbc-4a3f-8c59-e7e30e4f8a11,2024-01-21,in_transit,424.37,credit_card,UK,00dcb20d-07e1-4217-9963-fa6ff1da704b
077aa069-8d66-4a99-b6ba-8b3beee2ee69,708116b3-ac42-4904-9b90-1ad176935278,2023-04-03,delivered,2737.6,debit_card,US,
377892e8-3a19-4690-8caa-60fec6a84eca,fe45a33b-e2ed-4c80-a918-01691ab02b37,2023-08-16,confirmed,460.26,apple_pay,UK,54403d62-6ec8-4cf5-a05b-cfe04ad8a9fb
0a4722e2-1cc8-441e-94f3-2ca5173b97df,71017aa3-5bff-4f34-b600-4c35aaad3880,2023-10-12,delivered,1186.63,paypal,US,
75ef4f15-2b1a-4f76-8655-5c4ae009c525,89163df0-bd29-46e3-8634-8bb5b3ab3ca2,2024-04-22,delivered,576.94,credit_card,Germany,152a49dc-aa26-4f0b-9490-cc30385dc14c
f32c1dd2-a6ff-4fd9-a3c6-ec3006eb9560,a33464d8-dd73-4c9f-acb8-c9edac2d6dc2,2024-02-11,returned,217.88,credit_card,US,
c5c32e38-5d52-428e-89ed-41d3d83938cf,5c796213-d509-4978-bb03-5a28a2cf0d59,2024-01-31,delivered,251.38,debit_card,US,
139e8e79-693d-46de-9891-8d068daa4376,9f2292df-a341-446f-8ee0-451a2b17b0e5,2024-01-09,delivered,4292.49,credit_card,US,
73bce911-1d53-4be2-946c-0eeeb25357c1,c3da493c-44ea-47b9-838f-129470db0806,2023-11-07,delivered,36.8,credit_card,US,
4e2a7653-55dd-4960-8a94-38a0296834f5,954d4ad2-815c-4d1f-aef5-c7faf4df0dc6,2024-03-11,delivered,723.11,paypal,Germany,
bed78df7-3230-4c02-9c49-4fa10e1bf99b,a44f057b-1830-4800-9fa1-8e61907c47a7,2024-01-01,fulfilling,2011.1,credit_card,Canada,
2f501c4f-5766-44e5-b9b3-fc5fa9f0c6ac,9f01a136-6844-4c86-bbae-e33307678df1,2023-10-09,canceled,1204.14,credit_card,US,00052444-386c-48dd-a034-627dfcd498f8
c518a566-bcaa-4325-a2a7-93c3d8794cbd,ac9c807c-df38-418d-a69e-a040000933e5,2024-04-22,returned,19.58,gift_card,Canada,
5fd87108-a207-4d55-80f5-0606eb4c946b,6ccabf87-5a51-4576-827e-32dee774ae4a,2023-07-17,delivered,1357.99,gift_card,Canada,bb2c11f3-a6f3-4004-976c-c19b72c9ee18
4d06c679-2015-4ef1-a8ad-2c83b6b3de8c,36bef2b1-ff0c-486a-a9b7-ca4dbf0cd690,2023-10-03,delivered,618.75,credit_card,US,
423caf77-939d-4e70-928d-32e55e5db020,b2c5d6ab-d24d-4f8c-b1df-21249f6fe4c5,2023-09-26,pending,1166.12,credit_card,US,
24cd484c-4474-492b-937b-448e41cbdb46,d8b3cec9-cf3c-4972-b5a8-44c3c117eb94,2023-12-03,delivered,456.32,paypal,UK,
fb0197c5-6200-42a8-a162-fd110e663b65,623c18b1-ee0f-41e2-a455-911e91f4cd43,2023-12-01,delivered,608.17,credit_card,US,
b31017fb-0508-452d-960b-178d08567652,4f2832ed-222b-42a0-a94a-1de8f8e78ff1,2023-08-23,delivered,1679.64,debit_card,US,f779dc02-992e-4bec-8be4-e744e15eb498
4fa0c26b-ff48-4651-9683-5dba7bb3a5e1,68cfd71d-256e-4e25-8b2b-fbd7048f0c99,2023-02-07,delivered,3428.96,debit_card,US,
5782da0d-b3ab-49e0-9832-15745b3263eb,b3a5b702-4adb-40e1-9a96-7e9b869cc524,2024-03-09,returned,1028.43,credit_card,UK,
1f7cbb7d-ff23-4b73-8ecc-1b3f57a87b05,68197f74-f3e4-4f29-8ee1-0efb8500e190,2023-09-26,delivered,97.32,credit_card,US,
a39a6f90-1349-437e-bd78-caf8814bef8a,86935e36-48e6-45ad-a3fc-d46f406d3b3f,2023-09-20,returned,1616.85,credit_card,UK,
5e290df2-7450-4c13-a181-1e14b5a7ee57,563a4e64-868a-4f8c-b9d6-bf76cef8f4c2,2024-03-29,fulfilling,1823.29,credit_card,US,
3cb341f1-6b67-406d-a59f-ecd62d8a75fe,5eb68511-bbcd-4dfe-8cd3-202ac370c091,2023-11-19,delivered,259.82,debit_card,US,
13511496-8933-4412-9e0a-20a86a73a932,ba05d267-f61f-4489-8ff5-ef22c502d1d9,2024-02-11,delivered,462.07,credit_card,US,2dfe5992-d7b7-4e36-8b8a-4201e1cc2ca3
4a98f256-4aba-4c25-a0e9-d3b76cca272a,8be97fa7-fb9e-4b61-9d8c-3e4064da8b1c,2023-10-12,fulfilling,95.68,debit_card,Canada,
2765c404-5ed6-4166-a42d-3f028c681429,af03e8b7-cd17-4f7a-a310-60016aff557a,2024-02-18,delivered,188.58,credit_card,US,fe610348-888b-4770-994c-0713baa89f96
19c9e726-b4a1-4484-a2c0-19ecde18ed06,63bd59ec-e46e-4d8c-b803-450de8c8dba9,2024-04-18,delivered,296.58,credit_card,Australia,
10f54c1b-4d90-4d4c-882e-20fc0d329845,5bb8c050-31dc-4383-a5b0-cbcf01eb4022,2024-02-21,delivered,484.2,credit_card,US,
c6b72ab9-9ecf-44ee-a69a-dccc926b757b,75afd17b-adc5-4338-af31-fd42b9f69a6c,2024-04-30,delivered,1321.43,credit_card,US,
2c89d790-d430-47a1-ada4-efd5456c0978,2f57afbb-0ed4-4b76-bce5-ee7979a2345f,2023-10-17,delivered,162.81,debit_card,UK,
b4937343-17b7-4c92-bc03-5e0395043bae,d06fee96-ed97-4343-bb47-f7dfcf9d403f,2023-01-18,delivered,492.89,credit_card,Australia,
5b21f31e-83c7-421b-a363-54fffbff6c2f,1b2e9092-8666-47e5-b883-83f20d3dba6e,2023-11-12,delivered,1198.43,debit_card,Germany,
ae74db40-5359-4a49-9ea2-6d04b68f66a4,2707bcd3-11cb-40de-9392-18ac5008f35e,2023-06-21,fulfilling,2333.4,credit_card,US,
63547c8d-6ee4-4a17-8544-b0e44c88985f,e4cf282b-3504-43d6-80cd-6737c7f9fb98,2023-09-13,delivered,775.12,debit_card,US,
88a29503-6a99-4cbe-8122-11f35d61e012,69b8c25f-636c-45ea-80aa-3413eb6f7f7d,2023-11-16,delivered,3480.98,debit_card,UK,
c9a242f3-b002-47e7-95f8-0c330f4f60f9,e2d942f4-5cac-4c86-bb6a-0a0a96a4e40a,2023-07-25,returned,3015.77,debit_card,US,
2a625d9c-2fbe-4e22-bdd4-ad5658c1dba2,afc1c824-f5b1-4847-9219-cdf9aba4361a,2023-05-31,in_transit,354.35,debit_card,US,
3f376e66-ab1b-47a0-b57e-67df52efb53d,8be97fa7-fb9e-4b61-9d8c-3e4064da8b1c,2023-06-20,delivered,4990.07,debit_card,Canada,7aeba06c-2829-48c1-a3ae-867a5b067623
7b761e7f-1b30-430f-b200-ccb23fa361cb,d06fee96-ed97-4343-bb47-f7dfcf9d403f,2024-03-14,delivered,153.87,credit_card,Australia,
84155393-f2f8-4e34-aa5d-df3aec4428a1,e5a0ba19-6693-4036-b995-b3b2a41a678a,2024-04-25,returned,165.93,debit_card,UK,5e305c57-edef-41a7-939e-d8f711514f18
7599ba42-3768-44ab-bf42-70e267add219,06288018-c6d4-45db-94ef-6288fc68400b,2023-01-24,delivered,264.16,gift_card,UK,f779dc02-992e-4bec-8be4-e744e15eb498
cdda009f-b6f9-4cfd-9873-13a8b28c93b8,4b92eddc-5bf3-4aa1-8e2e-e91c0f44c03b,2024-01-06,delivered,1589.85,debit_card,US,a076da24-3aaa-479a-a77f-db5f1d75711b
70293f8d-a3c5-45c7-bf16-cbe5387bc082,48848f3c-1b69-463a-9063-a927bc8ff7c0,2023-01-30,returned,233.58,credit_card,US,
08130c6d-1a6a-4c88-b927-4c73b4462570,edca91f4-a5df-44e1-83f2-4936c087d640,2023-12-06,delivered,274.08,credit_card,US,
f4db1a65-dd93-4884-8f08-7a14ec410ffa,c44bc794-4a8a-43fd-abce-9c694e8830fd,2024-03-05,delivered,190.5,credit_card,US,
bb4002a9-74bd-4c1c-990a-8e109dfb7660,c9c25a3e-c7ee-4b59-a203-f6a6ae6c4e65,2023-06-27,returned,1644.37,paypal,Germany,
1b3d1a54-8551-4402-a608-d3e1d8a50a09,5c796213-d509-4978-bb03-5a28a2cf0d59,2024-04-26,confirmed,2314.21,paypal,US,1f071716-4b66-4fff-ac83-71f4e91f0e7f
da93daf9-3a65-4a32-850d-7e86741cd0b7,4cea07b2-694c-43b7-9d94-7dfa2f7c3f8c,2024-04-10,returned,217.37,paypal,US,
046e06fe-0e31-45f8-a8fe-c12c20dc0120,50eb5a41-ebfc-4461-ae3f-81e69a3a1ddb,2023-11-14,delivered,319.52,credit_card,Canada,
96f5a8c1-e5ca-4f3e-901e-f6d343547ac2,84d97571-f54f-4ddf-a4c9-8f29a73324a6,2024-01-17,delivered,34.76,credit_card,Germany,
b9d8c99e-b9db-4570-a6dd-08dc29b204ff,71017aa3-5bff-4f34-b600-4c35aaad3880,2024-03-03,in_transit,13680.42,paypal,US,
6c01f9d6-bec3-4590-886b-8cd7d25e7050,643a78d8-106d-4a92-844d-34aea10dfb4a,2023-12-04,in_transit,114.72,paypal,US,
168a536d-74dd-4ab7-992e-c4286d8837cc,d7714b3f-527e-44f9-9672-5c13db415ab5,2024-04-23,returned,23.72,debit_card,US,
49c88b8e-ad47-4587-941e-95db5f77e6a7,0811221f-041e-4b6e-b5f8-9df05f0be232,2024-03-23,returned,226.2,credit_card,US,
23579dd0-1aae-4540-8a49-52c2b68d50b4,b2c5d6ab-d24d-4f8c-b1df-21249f6fe4c5,2024-03-31,in_transit,2148.27,credit_card,US,
7f89497c-ccc2-464f-8301-16e823cefe8d,3f15cd17-b080-4074-8a7e-c24cf8ae1be1,2023-06-01,delivered,3951.96,credit_card,US,
9ca511e8-53c3-4de7-90d1-de37cd4525fd,58aea400-06e7-405e-9f77-a5753b18fa4a,2023-12-18,delivered,1092.65,debit_card,UK,
2d6a2a6b-1b26-41b4-ac84-42206fe8c1be,fc66091e-4597-4774-98ca-78e33c78e7c6,2024-01-29,confirmed,241.56,paypal,UK,
29c15dcd-f8c2-4cfe-8f4c-0e65af354879,27b818ea-629b-4095-b504-4a15a922db39,2024-02-01,canceled,996.51,credit_card,US,
09e63c5f-7400-4fbb-a120-152d50904697,5eb68511-bbcd-4dfe-8cd3-202ac370c091,2023-08-19,delivered,453.6,debit_card,US,
b299ac1e-fabb-448f-ba40-61a5404ee866,7167c83a-16a1-4b18-b2a2-7cace54172c0,2023-10-11,delivered,925.06,debit_card,Germany,
6e5e980d-e941-4dc4-a028-23875848432e,e5a0ba19-6693-4036-b995-b3b2a41a678a,2023-08-07,canceled,95.69,debit_card,UK,2cc22a4a-eb53-4ffc-9079-fb349e2d0e28
03c7a963-fb91-4121-b638-740eb4c54cac,984b0359-06a3-4f31-98bb-cff581882bf6,2024-04-12,delivered,1109.02,credit_card,Canada,
db99a8b4-4f77-4e62-a7e6-27bfe0b95c20,b6b870c5-93f3-40a8-977e-8e3fb792db51,2024-01-26,delivered,977.86,debit_card,UK,
903196da-e18a-4d12-8cb9-2079a7786589,b2c5d6ab-d24d-4f8c-b1df-21249f6fe4c5,2023-11-28,delivered,1907.11,credit_card,US,
8747d7bb-23c0-4d9e-b511-c11ddf79c3fb,4be39f5b-f970-406e-a161-72a345f5c305,2023-10-29,in_transit,5929.05,debit_card,US,
9461289c-a7d6-4135-9583-74d7f68a66df,708116b3-ac42-4904-9b90-1ad176935278,2024-03-05,delivered,6995.38,credit_card,US,
8698f3fd-7a10-445b-808b-10c5974b701c,502bcef1-e8d7-43c4-89eb-25fa42bc86e4,2024-02-18,pending,4213.9,debit_card,Australia,
7ad8b920-6632-4c71-b307-ef0afdd79e68,e21d4513-ab2a-4ac7-9860-381724efa4a7,2023-09-14,delivered,1366.08,credit_card,US,
006c09ed-acd5-43db-b051-78faf5b00112,edca91f4-a5df-44e1-83f2-4936c087d640,2024-03-01,delivered,627.46,paypal,US,
a183fe1d-bc7b-4a35-8ac3-df4c498582e4,4e7a02f5-f62d-401f-b528-5d0af80d68c0,2023-08-11,returned,111.76,debit_card,US,
c6eb32e1-8062-4570-afb5-aa8824d295bc,d6362348-f33c-4b25-9c4e-d965696b6fed,2023-02-02,delivered,2337.67,credit_card,US,
85fb81aa-a81f-4d99-9133-cff93912bf07,f40108b5-0b86-4011-b02c-2cc0a581efa0,2024-04-28,delivered,996.12,credit_card,US,
e6243a95-6f72-4afa-876f-e1e3ab01bea5,68cd38b1-2976-432b-9782-71e81b37ed97,2023-03-14,delivered,533.21,credit_card,US,2f549708-f3ab-4e22-a1fb-cda62268a4fb
4d8c90fb-7f80-4ab8-99b3-98764f869462,b2c5d6ab-d24d-4f8c-b1df-21249f6fe4c5,2023-11-18,in_transit,1065.27,paypal,US,
4263b9dc-df4a-4fe3-a978-8cfa3c4eb3d9,2c7af87c-d569-47a1-884a-6b4d79c95689,2023-10-04,delivered,2828.27,credit_card,US,
5e0ce965-f032-4a01-b7e6-3ed747bf6fe4,68197f74-f3e4-4f29-8ee1-0efb8500e190,2023-08-02,fulfilling,1129.02,credit_card,US,bb2c11f3-a6f3-4004-976c-c19b72c9ee18
575da41f-9940-453f-946e-55dd0edf5c05,7bfa903e-07ef-4ed6-be7b-d3b47f871530,2023-10-12,delivered,1256.5,credit_card,US,
43968351-050e-4d34-b509-c90e63f710a4,68cd38b1-2976-432b-9782-71e81b37ed97,2023-08-19,delivered,300.61,credit_card,US,
88ccd786-089c-4c1a-8038-c87f74a5215d,9f2292df-a341-446f-8ee0-451a2b17b0e5,2024-04-21,in_transit,1565.48,credit_card,US,
e8117013-a3fb-4f95-a3c2-0c35176ea9e6,2f57afbb-0ed4-4b76-bce5-ee7979a2345f,2024-03-24,in_transit,4066.5,debit_card,UK,
cd7b92a1-f016-48b5-b4b5-24d6002f1740,bc2db1aa-ad75-4c24-88a7-d62f2eb33f47,2024-02-28,delivered,114.26,debit_card,UK,
99bea604-4a0d-4ed7-84d8-b1ce35e33ee7,e69918b2-c163-4db5-9696-d65488e11d6a,2023-02-12,delivered,1451.32,credit_card,US,
f9932e26-bc4d-47cf-833d-669441931013,80de749e-464b-4ec8-b46f-84094aae4f02,2023-02-16,delivered,3159.78,credit_card,UK,
03e67b25-ff0d-49be-b6da-3260d496d90b,3d00f038-feab-4cb3-8aee-67aa70c1836c,2024-02-23,delivered,152.03,debit_card,US,a86782c6-73ab-4a57-bed5-b7150c492503
24f77830-c5c2-48a0-92e9-6ec424d418d1,2fe16a9b-5468-4297-9736-38608e280640,2023-03-11,delivered,275.21,apple_pay,US,
9f83c0fc-4e47-4dfb-909c-94cc87f7e219,67f3f05c-cc51-45f6-8ada-875921215777,2024-03-24,delivered,474.43,paypal,US,
f0905a36-9576-4c54-b1c7-67e5fb3f9155,d465c2b7-4fca-4bb9-8632-cbc1235ceefa,2024-04-09,delivered,840.56,debit_card,US,
c7cd5de9-8afa-4ccb-b20d-f6de2c8a07f4,3f7c0611-00d2-427d-91bc-1c21fbfb9aa9,2023-02-14,delivered,524.84,paypal,US,
edcd6fa1-1a83-401d-b926-5840be12c072,c471c6e7-12f3-4f27-8c9a-2f2575a809c9,2024-02-13,delivered,160.54,apple_pay,UK,c4442a15-3f4c-4641-bb42-71bd0da7a0b1
9f974d88-5baf-401c-b4b7-88b3578f6568,822dc53e-0760-4041-b43c-bac3d0057bfb,2024-04-19,delivered,24.09,credit_card,US,
9c2ec7e6-9896-4025-bd39-0b0dcfcc1031,1515a6e2-869c-42a0-88fd-f72eab5da3ac,2023-11-05,confirmed,259.96,credit_card,US,
fde5e145-f711-4650-a6ea-d87e8ab0277b,b9cfc4e5-f0ea-4f7e-a69a-528912d7b2ba,2023-12-05,delivered,1351.24,apple_pay,Australia,
e4d2eaf3-bb8f-456a-b924-d7b1192c0d58,2f57afbb-0ed4-4b76-bce5-ee7979a2345f,2023-01-28,delivered,4141.24,debit_card,UK,
c08c1e3e-b52a-49ad-9319-d2eb6e2b2b76,e99aec32-80d9-4b78-bda0-4e18e25cd8a5,2023-04-06,delivered,7985.53,credit_card,US,
4a0b4b87-fe83-4d51-9e34-d1f44458da14,e28afd39-b42d-4908-b054-6dcc9f96b8ca,2024-04-24,canceled,5265.53,credit_card,US,
12b5b3eb-4dbd-42fc-a744-8f7b0e20a27d,b3a5b702-4adb-40e1-9a96-7e9b869cc524,2024-03-27,delivered,3046.02,apple_pay,UK,
eb53842d-4c64-48d9-aa74-3e4ecf0540f1,b3a5b702-4adb-40e1-9a96-7e9b869cc524,2023-12-25,delivered,454.74,credit_card,UK,2d7920f3-c224-4090-ac7e-3524467c5dff
c25cb712-a7c0-44d7-9b53-bb412efeea84,9fb06801-51fb-4c99-93a3-aab00f852911,2024-04-17,delivered,3602.46,apple_pay,US,
dfa787e2-0aed-4d22-9999-556d0c34636d,593deab8-1108-47bc-8a0b-62dc81bd329a,2023-12-20,delivered,509.94,paypal,US,
f6dd4f98-f45f-445f-8544-824b56d8ae8f,825beef6-e9ca-4194-bc17-e91c96470e0c,2023-10-04,in_transit,500.52,credit_card,Canada,
a32cf89a-45ec-41d1-b13f-b3d14f977e39,db2449f9-5204-43e2-9e34-1440718ab905,2023-05-22,delivered,1078.73,credit_card,Australia,
e6c2cd01-7f4e-405f-9aa7-62e1be67968a,8a17e603-1fbc-4a3f-8c59-e7e30e4f8a11,2023-02-03,delivered,565.44,credit_card,UK,a076da24-3aaa-479a-a77f-db5f1d75711b
b698e963-d18b-4060-a61f-524ba0110291,0d9a98e9-9084-47f3-ae6f-39c40005dcb9,2024-02-19,delivered,3217.69,credit_card,US,
6a64534d-e4cb-471f-9ab0-449bba86fc41,ad473f54-cfaa-4b35-99f5-532d72592f7a,2024-02-23,returned,387.13,credit_card,US,
1fd05f1f-46a7-4b6c-870f-932a54ffd89f,ef7ffc4f-13aa-4843-8838-38e09805bd8a,2023-04-13,delivered,309.3,credit_card,US,
3256cdb9-71dd-43fe-89a7-197f0721dfbd,bc3da3e2-e0f6-450a-8ed7-38c82f3499a8,2023-08-04,confirmed,1943.56,credit_card,Australia,
32c95cc1-117c-45e9-8ea0-b9a405450985,06288018-c6d4-45db-94ef-6288fc68400b,2023-01-07,delivered,457.85,credit_card,UK,
918cd9f6-2a2b-4178-baf3-31e833838dc9,dbb50ca7-f392-45a3-95fc-2919014dcee0,2023-07-29,canceled,326.38,paypal,UK,
b70d43ed-5d3d-4c00-9b6e-934810045762,02aab034-c604-4e70-81ad-58129f84e70d,2023-09-05,delivered,4291.46,paypal,US,
15d8b1aa-e71b-434f-b993-f15b4870f212,e2eaa58e-11a7-492a-8635-fd6bd1ea6c9e,2024-03-28,delivered,558.44,apple_pay,US,
