order_item_id,order_id,product_id,quantity,unit_price,discount_pct
e45059e7-0aa5-4c40-b893-e11bd0c564f4,a04629aa-fdf3-4899-b581-56dbb9a12572,fb669ba5-3ace-43d7-b1f9-27127810d17d,2,1613.0,0
1c9eed73-d64b-4056-889f-3191c6fcd4f5,a04629aa-fdf3-4899-b581-56dbb9a12572,c2acb1d2-05fc-44a0-aedc-b19c2621f084,2,387.91,0
cdb998e4-c1bc-4e7e-80d8-62b8593f333d,c69d59ec-0978-4670-8a03-f2c81ff09d59,e8a990ab-0566-4cc1-99a4-9b4b3a9881b1,2,139.17,0
598171cd-122f-4b42-a83c-125b262cb472,c69d59ec-0978-4670-8a03-f2c81ff09d59,d775aa95-1fa0-4af2-b4ba-fb861cff6518,1,69.02,0
1cca2e66-bb03-4d72-849e-677b5d2c189f,874f0f0f-e7db-4e55-86e3-8c3dc301252c,274668e3-dd1b-4be5-933d-1c020e987163,1,96.92,0
8e190506-2e84-46a2-ad0b-91e0419653fb,c9f89e3b-eedf-4442-b3e0-eedb8084dc69,024523dc-03b7-4d71-827e-eaa5873c1866,1,19.76,14
11aaf4bd-0a61-4122-80ec-b158e59322a3,c9f89e3b-eedf-4442-b3e0-eedb8084dc69,b42313a5-271f-42dd-ad75-047c63569245,1,336.58,13
b3110e91-4d24-4d85-bf06-6b0e1ddfab21,c9f89e3b-eedf-4442-b3e0-eedb8084dc69,70c2bf08-df66-4ec5-b280-28ab038a08fb,3,109.33,17
5c63ad34-8250-469a-bad4-05d01607342b,d9d0acec-f9fe-477e-a8b4-191468f419ed,06518ba4-d223-4b06-8ff5-669c05f2487a,3,278.14,0
e2995996-88bc-40fe-94a4-784c3a86af87,d9d0acec-f9fe-477e-a8b4-191468f419ed,28e70050-910e-437e-9748-dc3db7688534,1,670.64,0
9c5876af-bc51-4df2-a7ea-c372cd02db26,d9d0acec-f9fe-477e-a8b4-191468f419ed,df8a0610-4ba3-4709-af2a-f3f51fdb8a62,1,272.06,0
8ba03ce8-a8e1-4adf-af51-a05670c3fa8d,6b7e5beb-b58b-4b38-a12b-0d12186e793b,6c72fd65-1f64-44d0-a5ce-4a096e9ca08e,2,161.18,0
fa05a399-3efc-4830-b2cc-ec67de428923,e1b5e3c1-6a1c-4f19-9f9a-94f42868b2a9,34c4e8d4-8339-4607-99ea-63b85ad974a4,1,797.15,6
8953c8f0-7b8b-4103-bab3-88aabdeab120,e1b5e3c1-6a1c-4f19-9f9a-94f42868b2a9,e13a55b9-ebd0-4d98-8531-e4e1db612d7e,1,134.35,8
6bfdc29c-bfa5-4810-bb67-4ab4dfa97c7f,e1b5e3c1-6a1c-4f19-9f9a-94f42868b2a9,2a8db83e-17a0-4f11-9069-383772bed061,1,319.95,0
d41713b3-9517-4a44-b494-a4fd581b0af7,e1b5e3c1-6a1c-4f19-9f9a-94f42868b2a9,0f0fbc4e-e2a4-44b5-bf8c-403c7162e367,2,171.34,0
05599983-42fb-4f99-a213-f32e554c930f,e1b5e3c1-6a1c-4f19-9f9a-94f42868b2a9,86aac22c-86db-4d3f-8218-7f8d4b4bb8a0,1,2110.27,23
3c1c825c-b8b1-4a34-ad66-662b671d3419,4d032329-2331-4e9f-889b-98f9c28dd456,916235cb-fa83-49f6-adf0-9850d2c07a41,2,15.83,0
e5ecf4b2-f956-444b-8576-587318eec1db,99c0a235-81ac-4a24-bdf3-8edfa4e38b8f,b1db7093-eb12-4b67-9a2f-9308d321b5ce,1,163.84,0
57a8ab85-e82a-4775-a4d8-f1c92fa82965,7b749051-705a-4297-b7b0-e6d2b355d6a3,cc6d00b3-3f0c-4853-b0fd-42827e04e590,1,670.32,0
9e17af5f-fbf8-486c-8f75-074673bc262b,7b749051-705a-4297-b7b0-e6d2b355d6a3,d2e7b853-22cc-4de3-be7a-ce8f5027a401,1,180.42,0
60518546-77fa-49c3-93dc-1818b437238f,7b749051-705a-4297-b7b0-e6d2b355d6a3,6ab2c37e-b57c-4e8f-b20a-461dc7fe895b,1,94.5,0
8ebbf258-4c34-4c44-a321-eb606184fbaa,7b749051-705a-4297-b7b0-e6d2b355d6a3,5039c313-d7a7-47c9-9469-28a676f1eba0,2,234.27,0
359db07f-c032-457f-89a0-54f12bcccedc,8b39ea40-ff7d-42c8-9d74-e57f70de2496,ddf75d69-5186-4d25-97a3-dde5293aad89,3,34.41,0
912dfcd7-4ce1-43e8-b72e-3c177d7c29f0,8b39ea40-ff7d-42c8-9d74-e57f70de2496,87cc8b0c-c243-475a-ae67-da881b17fd2c,2,35.32,0
6c7f2b23-ea94-4646-ad14-8f14f8478494,d21453f9-131b-45e8-8b4b-472b2f087002,a8e20d7c-367c-41be-a3d5-6a386d33bac6,2,219.87,0
38781fef-6898-4748-8bd5-edcc6ecb6133,d21453f9-131b-45e8-8b4b-472b2f087002,ee1e9f81-7955-4f20-af3a-3fcbed709f27,1,17.36,0
372c0a18-fdc8-4789-8a79-fe9e34058adb,f0ad7298-4716-452a-8eb9-0138b24c9daa,db677ac4-6453-4599-a5ea-16266c024fd1,3,164.26,0
9220bab5-728e-4bc9-b11b-79e7d297d5f9,f0ad7298-4716-452a-8eb9-0138b24c9daa,7554ac76-5860-4b2d-aa77-c076542b3ba7,1,268.05,0
c3f3e60e-f603-4c8b-bb1f-06e6673d1be3,f0ad7298-4716-452a-8eb9-0138b24c9daa,b72473ef-86dd-4ec2-a3b2-f7f910ad5a9d,1,1133.53,0
f3032c7b-d69b-43e1-bf90-2ae87717316f,f0ad7298-4716-452a-8eb9-0138b24c9daa,eaecea0f-f253-4866-b31b-a26cd585e16d,2,876.02,0
e83d4302-04dd-4596-8f0d-d97ee128d2da,f5a30fc2-edde-496e-92e0-1172f113d7dd,bca250a6-2a43-4dbd-a040-7d677772de5e,2,14.2,0
3092bebe-b1f3-41d8-97ad-24c5ea290f8c,f5a30fc2-edde-496e-92e0-1172f113d7dd,da075910-30a9-4241-98ba-752d16e5bbd6,1,2509.32,0
3931d872-f0a3-413c-9bf3-77cc0b386349,34794af1-d90e-4e3d-a04a-dd0bb5d30b30,eca9402d-2a7a-414a-a615-5326a48523dd,2,59.66,0
dc2f6b35-6140-4d4c-86bc-b602ff7a45c5,34794af1-d90e-4e3d-a04a-dd0bb5d30b30,91ee8468-94c0-4c8c-9078-4f87a42fd562,3,22.97,0
92106ede-85de-4acb-a921-f32bca728432,b8c4edf5-46f8-4328-beaf-38905c95d7e3,f3ba7e0a-ec5f-4623-a4d3-954e93ae38a3,3,87.46,0
689f1a7d-bb29-4aab-8dbd-445ce50a95dc,b8c4edf5-46f8-4328-beaf-38905c95d7e3,caf1f86e-ecc5-494c-a565-b5b9b3d6e08f,5,1468.1,0
7f4fc075-9436-41f0-a761-2e4d808e525b,b8c4edf5-46f8-4328-beaf-38905c95d7e3,b6a34116-981e-4952-bb9b-6b1283db96d8,3,114.84,0
344251b4-f54c-48c3-ba3f-1a7deb6f5d76,34bd031f-75ca-4151-a469-073a3d456ddd,34200c06-9c86-43b4-bf94-cf0eadf2002c,1,253.46,0
0a746173-526b-47d8-a304-ea7ac0d571fa,34bd031f-75ca-4151-a469-073a3d456ddd,8f3465a9-8c7c-4bec-86d3-ee005bc6e82e,1,975.7,0
d32b4908-1d10-4386-b642-3fab075a697d,34bd031f-75ca-4151-a469-073a3d456ddd,5efb081e-38a7-4928-8d23-5d8199819c71,1,27.98,0
151df426-a17a-44dc-b713-f5e7c9aab58b,b0fee479-fb11-415c-9dd2-dee451e194f0,ba5befbb-888e-4a50-8504-cb8d34f1c04f,2,136.6,0
bb8404e0-2cff-4bc4-bb66-b870683d2327,b0fee479-fb11-415c-9dd2-dee451e194f0,ad68635f-81b2-43a9-b4ba-bad2fdba0d05,2,17.48,0
16292003-105e-4160-a6ba-7200ba485f6b,b0fee479-fb11-415c-9dd2-dee451e194f0,a489e2e5-a6cc-44fa-a11a-7241e2c920a4,1,1709.28,0
92d68a12-6a47-488d-8bdf-303e5844bb69,5effbffc-17bf-4111-9bd8-84a4b00863c2,44db64ad-9af3-4ed0-9c73-afbb7268c68d,1,46.23,0
d8b1e9c3-d61b-478d-9450-80506096bff8,5effbffc-17bf-4111-9bd8-84a4b00863c2,8246bfea-7666-442a-8d50-d973341449af,3,222.43,0
af611313-39fe-4aa6-b748-cf32ec3d6e80,5effbffc-17bf-4111-9bd8-84a4b00863c2,7054b3b3-66e8-4594-928a-e106604e5b6d,1,23.26,0
37dd1833-58aa-45a7-8229-0aefe97ed21b,5effbffc-17bf-4111-9bd8-84a4b00863c2,8874c22f-e51b-431a-a842-77f6b0503114,1,165.17,0
ceb0e21d-4025-4008-8861-e9c127c8f75d,5effbffc-17bf-4111-9bd8-84a4b00863c2,66cc3dec-7cb9-4773-96bf-5cbee379af7c,1,5.64,0
7f6f7004-f38f-45ef-94a2-e46698800a37,ffd26190-5bc7-4e4c-8870-881b0b4289e7,33e9d31f-cdb0-46af-822d-8f05dddd55d8,1,59.21,0
f5c015f1-ac86-470e-ab26-5f51023c75d8,ffd26190-5bc7-4e4c-8870-881b0b4289e7,3d752c79-3b4c-4804-ac93-18133ff67f94,1,228.88,0
d8d2137f-51ec-4227-81c5-c7a39ff5bc51,ffd26190-5bc7-4e4c-8870-881b0b4289e7,e469e1ed-25f8-48b4-a5f0-ba58728353c8,1,319.73,0
b4bbaf99-3680-45ad-8458-fc306b11d003,83c499dc-cb8a-43ad-8d3d-5e8712be5fbd,aeb99d69-5f69-4094-8c7b-c1549621ab25,1,5.87,0
aaac056d-450b-495d-b682-0bcc1ac59729,b0f1ce76-b8de-47e4-9b0a-64a3d04acdb7,88289475-e5ac-42af-bd5e-ea75b5b6b910,1,723.7,0
e6f800f5-1b7f-4b01-9e0d-e20448a65b6e,b0f1ce76-b8de-47e4-9b0a-64a3d04acdb7,12c77cc7-f0e3-4800-b3b6-3aecb4b71df8,1,173.34,0
343d96d2-5d58-48c0-acc7-ef8c5f15d825,b0f1ce76-b8de-47e4-9b0a-64a3d04acdb7,f246ac86-7fa5-496a-ac5a-b7116fcc0fb0,1,79.72,0
d2499d15-f481-44ad-a3db-8bff5e3312e8,b0f1ce76-b8de-47e4-9b0a-64a3d04acdb7,74004cc1-54e0-49cd-9098-34197de24721,1,131.43,0
2cc342ce-fef3-4283-9111-c18c3c409604,10cd4e62-c5e1-4b17-adc5-dda2d85f5197,665f08d3-26d0-4b5b-9503-f85ea8c39f45,1,206.9,0
d5bc2b50-1005-4790-b838-97a35e64bf52,10cd4e62-c5e1-4b17-adc5-dda2d85f5197,024840d6-885d-4171-abaa-6bc01290b7a8,2,39.36,0
18704a64-103d-4c2d-88fa-585ea21f561e,10cd4e62-c5e1-4b17-adc5-dda2d85f5197,176edfdf-e346-4960-b701-aacdc7bbaa58,2,39.23,0
4e56b15f-a6c4-4f38-9eb0-221b3736c2e5,10cd4e62-c5e1-4b17-adc5-dda2d85f5197,1fd50206-cb9e-487d-93ce-1031420174ab,1,1648.4,0
d93a4035-756b-4588-ad2c-73e88f271fc5,4cf0226c-d5fd-46ee-9cef-e123e0c5f402,f8a1f413-1ef2-4f84-9817-34eb5daa52b6,2,26.73,0
8099286c-5488-40e9-8a54-26c60dff57e2,4cf0226c-d5fd-46ee-9cef-e123e0c5f402,55ed8659-4db4-46a6-b528-453f1db8d19d,1,321.59,0
2aaf73b1-122a-4cfb-905e-c4d60271b4cc,4cf0226c-d5fd-46ee-9cef-e123e0c5f402,b9f6e8cb-7f8c-408b-803c-348f49bf5fc2,2,63.5,0
534de1ae-3312-4c83-8e42-5e2c9c4f9598,df52ddd8-7e66-4693-9609-bd84a63c8b31,9d98599f-96a7-46a9-b880-18ba347a3936,2,1858.38,0
349c4dfb-e0a6-4c1e-8611-70d9b27ace0c,df52ddd8-7e66-4693-9609-bd84a63c8b31,6a027feb-1df7-4f8a-bbba-267413c0aa23,1,114.86,0
9bb60053-00da-4ae4-af45-c86af3a404fc,df52ddd8-7e66-4693-9609-bd84a63c8b31,1eece5c3-67fc-47e6-9fba-9d8d2b7f828a,1,46.08,0
fc7ea7ca-48ad-4226-b7aa-245566b642e1,1048bf6f-58e8-4f01-9285-dbd685cbc10e,b4b04a65-4dba-4b04-8752-220098c563d6,3,1334.51,0
9e5ec612-576f-4a48-b50c-e14f4ce73729,1048bf6f-58e8-4f01-9285-dbd685cbc10e,ddb07e02-76d9-45f9-baad-d72a54fc9e13,4,128.59,0
df83ff54-bad1-40e3-910f-25bfae75f474,1048bf6f-58e8-4f01-9285-dbd685cbc10e,af858b33-34d0-4603-9f20-794ac72766ed,1,45.22,0
0ab6a9cb-690c-4e35-94d1-8a668c4fe915,651c5d42-6a61-4527-94a5-f4334fd4fb24,bb742645-ee4f-4b79-8e9d-2325886e65ea,4,692.13,0
cfcc6851-83d3-4ea9-ba49-55930b28417b,651c5d42-6a61-4527-94a5-f4334fd4fb24,472efd33-90f7-4d15-9e51-ff9a1e5fb946,1,41.89,0
0aac549a-a358-43a9-abf8-9c34a6e89f72,651c5d42-6a61-4527-94a5-f4334fd4fb24,9ec60b0c-e20b-45e7-a5e3-badad40d210c,1,432.1,0
75ac9fce-e88f-48eb-8b1b-b638f5dbb77b,b721fd66-bc4e-42e3-b194-ca866bd150ea,ac78f81d-fdc4-499b-84a6-3542f1d2a3b8,1,148.04,0
57453ec9-8a20-410d-92a3-b116a46b5554,8936ce30-5604-490e-9194-33026693404d,8ee58e5b-9fd2-4948-b9c3-51ed06996195,3,14.86,0
1722b53d-d40b-468e-b5a4-c3692b8cd961,8936ce30-5604-490e-9194-33026693404d,98e39e55-d3c4-4038-9c7b-8478877181d6,1,361.52,0
914ce3f5-2df1-4e02-b382-48854bb414d3,e5bafa15-55ef-4e38-9c37-6afdf9ae6220,8ef13727-261b-4814-89fb-1f2807daaf2a,1,181.5,0
4cd731d2-ddc6-461a-ae8d-0d30bf3700ea,e5bafa15-55ef-4e38-9c37-6afdf9ae6220,6b71e25f-bf9a-4d89-bf05-bd8ad48aa6bd,2,497.07,0
83763958-1754-44fb-be98-c985ee4d3b56,e5bafa15-55ef-4e38-9c37-6afdf9ae6220,79a52d4e-660f-4038-b693-f35ff6a0a9cc,2,136.53,0
9d3431a1-6002-400f-ad6f-167bd4f4066d,a7ec0cbf-cae8-4d48-aec5-cbe47b58bee3,f2134abc-6eed-4db2-8395-f54d65c9b1de,1,374.82,18
6a0675a2-1150-47cf-892a-59a4f94cca71,a7ec0cbf-cae8-4d48-aec5-cbe47b58bee3,409e04b4-dbad-4008-b19a-20e8f858c89d,1,1853.85,0
2863ce23-7dd2-4f00-a056-4bd61657a073,3d006170-5525-4e6e-9d07-b7fd45c5fb46,689cf147-5f7e-4dea-b9c8-2ee381fbab64,1,306.46,7
3b7d9492-1758-43e5-9c79-8472164bd28e,3d006170-5525-4e6e-9d07-b7fd45c5fb46,aa66587b-c28d-4d07-b561-4c7164c78819,2,39.38,0
6c4a8295-beb9-46a8-8eb6-4b6510fdb97e,3d006170-5525-4e6e-9d07-b7fd45c5fb46,d873a624-4b30-41c4-9acb-2bc62dc9355e,4,173.03,6
6a530304-9158-48ab-9ecd-ab97a32f827c,3d006170-5525-4e6e-9d07-b7fd45c5fb46,d7f214f8-5212-48d8-968c-f1674a984e8f,1,49.21,7
98c6a5ce-1ab2-4b4c-a2db-f2361902d09d,76825e38-07e7-4dd0-bb54-1caed950740c,966bf468-405b-47ad-9ea2-c4c558345ad1,2,65.79,0
025055e0-f6ab-45b6-ae3b-c1a2b178db06,4f47eab0-f345-4d27-b2c0-fcdd60d25a08,fb735cda-d8c7-4bdd-8c90-15a324f25e17,3,168.11,0
69b12814-afe6-46c9-a7d6-d25552f933b0,4f47eab0-f345-4d27-b2c0-fcdd60d25a08,c7997337-38b7-4977-b80e-ddaeeb704a1d,3,534.14,0
3bf7dd9c-a96f-4710-adff-5700a89933ca,4f47eab0-f345-4d27-b2c0-fcdd60d25a08,1088ee03-7e31-44f1-831a-a668fb262704,1,1562.73,0
80206936-53fe-40d9-a57b-c3665e8b33e0,b6ea3bd3-3a6e-4f9d-89d4-23be702b446f,9b077cb7-f15a-452f-a4cd-33be57aedd84,1,438.3,0
844bc8b9-f3bb-45ca-b641-3e87a97df37d,b6ea3bd3-3a6e-4f9d-89d4-23be702b446f,dd37f0aa-52f3-4e89-a618-e1c8813094aa,1,1494.01,0
df3428b7-f198-4a13-b5bc-72e7d5ea9cf9,4b5c728b-7fe7-4268-8341-52b63bce82ca,8521a1ef-46a3-4885-b5c1-67d3111ea82a,1,70.69,0
63a974c7-ffbf-44e0-a399-019c509f54b9,4b5c728b-7fe7-4268-8341-52b63bce82ca,d76fd3e6-3d32-4c64-b491-f687330aaf6b,1,46.19,0
060212c6-b79b-4bf5-b875-f2564116701f,4b5c728b-7fe7-4268-8341-52b63bce82ca,bd8426f3-22cb-4604-bcd9-1503a6b03dd8,2,317.02,0
3720a47e-bfdc-472e-b4ba-646ecf43e317,4b5c728b-7fe7-4268-8341-52b63bce82ca,f07cb358-ceb6-4e31-a520-16e789c5ee9e,1,114.91,0
c6294503-259b-47d8-9ce2-cc3ecd715170,32245a0f-e5e8-40cb-a295-dea81a08b348,f68cc906-a442-48e0-a8f7-809092a0ea6f,2,180.0,16
c912719d-b019-470a-a18d-ff84fbe628ba,32245a0f-e5e8-40cb-a295-dea81a08b348,62becca3-a77c-4763-8b2c-8e30d7a5af30,3,50.3,9
cfecfa31-b282-434c-838e-d7acbe9c1255,84970607-79e3-4b1b-bd5e-3d81f92b9bef,e19b679a-80ce-495a-8899-e33e814aa159,3,417.36,24
48fb8b08-c921-4e81-abd3-608b44fd6c94,84970607-79e3-4b1b-bd5e-3d81f92b9bef,0e97ff7b-57e2-4179-bca3-7aa632001f80,1,106.79,18
47e65339-bc5f-477b-aa27-9b8fa0a55c9a,f9d97fae-2028-4d93-a306-6e403e0cd06a,287796c3-4605-4811-8679-f3ac6ef12c0e,2,575.09,0
d6139688-9e12-4d92-8810-26f1a907a6ad,6b17c8dd-e3fe-42b7-b4f2-a208183cb6b2,9b077cb7-f15a-452f-a4cd-33be57aedd84,1,418.76,27
84ad7af8-2741-488e-8a65-8d484ac92e02,7aaa8f93-8a52-43da-ad2e-6059b1d1d7de,d70014a0-cabe-4c30-8a17-daf1cdfe3a45,2,341.72,0
8de10da2-4f8e-4dfa-a7f4-566b7b8bb67c,7aaa8f93-8a52-43da-ad2e-6059b1d1d7de,88644983-0239-4123-926e-4436142dbf71,1,320.75,0
0d2a313a-852d-44c6-966d-475b3f9dca29,6e156c20-1968-4ae1-989c-a9c695c8e7e7,77fff5b7-7653-4fba-b4b4-18161ab90e86,1,532.18,0
eaa382f2-79d5-46ef-b38d-b9fc4fecdf11,dfaaecdc-d4b7-49b3-bccc-ed60303adc14,f5299b57-d5f8-4212-8586-2643ed32ae2e,1,198.43,0
3edb44e3-362c-4df0-8c3b-2efd45956664,dfaaecdc-d4b7-49b3-bccc-ed60303adc14,70b9c905-aefc-4330-bc48-94974cb58580,1,343.45,0
c13db9c7-feb5-4a1a-94e3-47253666b0ad,dfaaecdc-d4b7-49b3-bccc-ed60303adc14,379c50a5-e527-4182-8939-0aa11c10b9dc,1,68.97,0
b5fcc80b-77e5-4f8f-8fce-9e02f4914536,fe62f7e6-6674-4afa-966f-0adeeaba56e8,6f74b169-92bd-4124-90f0-8f9f767742cf,3,1334.87,0
9009ee2d-682a-4562-83c7-5a0ad8107e54,4ce083df-6947-4551-9225-821a50dcee82,5b6253ed-e2a7-4fc4-bb74-6639eb519953,1,198.38,0
ec40c4af-8fbe-4087-864e-eac23caa72c2,4ce083df-6947-4551-9225-821a50dcee82,c3bca8b4-5593-4b7e-9cbc-ca5845b8a11c,2,2099.46,0
8760cddf-7c62-4867-bce0-f99a57e49610,4ce083df-6947-4551-9225-821a50dcee82,bee0f73c-3781-4764-a4b8-db747c914197,2,2416.85,0
c8b673a5-b425-40f6-8378-192e423666e8,4ce083df-6947-4551-9225-821a50dcee82,b9d03ec2-2391-4fe0-8247-3ea741b8682d,2,71.33,0
81f1db17-423b-48c2-98c5-9c7320e0bbef,12a4c96a-da81-44b0-847c-eb72a42fb99f,cf561edc-e635-4445-89e1-e30c25caed1a,3,484.25,0
a19a37b9-cd46-4927-9e79-043a8c1f071c,12a4c96a-da81-44b0-847c-eb72a42fb99f,0408aba3-48b2-437f-b8ef-d0439f830a56,2,194.29,0
c860005c-78d8-4078-9c91-9ea8e9ab7316,12a4c96a-da81-44b0-847c-eb72a42fb99f,6d1f28b9-c750-4ce3-931f-bfc97c63a3ef,2,164.11,0
f5893933-6f95-4ae3-9808-650edee10c34,535e5017-9471-4c2f-8013-7739950f9f2b,dc12d87b-616c-4762-b824-3ea437e7f18d,3,200.81,0
dee7127a-fb61-4667-a1f5-55e7c58c198a,996f883d-42ef-4bd2-9567-dbb0ed722c1d,cd430abf-45fc-4ac6-9905-14b990e51ac7,2,176.64,0
7c264c3a-abe5-413d-b73f-e7c73e648546,996f883d-42ef-4bd2-9567-dbb0ed722c1d,58b2cb8e-3ca7-40b0-a3e0-31a3671c0d35,1,144.09,0
744cb219-324b-4ca8-8eeb-49dff8b2c4fc,996f883d-42ef-4bd2-9567-dbb0ed722c1d,2f763095-98fa-4b65-9f6e-466c62bf093a,1,267.86,0
c412c8c1-18bf-4b6f-9a88-5acf3eaca3fa,996f883d-42ef-4bd2-9567-dbb0ed722c1d,6922c82e-2328-4b83-9a3b-41005f4bdb28,1,75.28,0
413841c9-a287-456c-b5d5-a9afd220ed76,996f883d-42ef-4bd2-9567-dbb0ed722c1d,6290e9bc-bac5-4fc9-9e02-e8152756d595,4,123.37,0
a7ba0b55-a74f-4a46-bb5d-69a649d12c3f,f85944e3-b635-4b3c-a5b4-cb0effff0435,9b88931d-c9dd-4f2b-8745-3c9ea5553607,3,60.73,0
85896bef-c7fb-4e4b-8af9-9c091c8eb2e0,f2e3532a-1bdf-40aa-adf0-214a831cb52a,5a82c9de-50c7-438f-93f2-dbf99c9250ce,1,2985.33,0
94fd7a50-b932-460b-99a2-ef8ab6da8dc6,f2e3532a-1bdf-40aa-adf0-214a831cb52a,e828c683-0863-49d8-ad0b-2c4d13c555ab,5,87.81,0
e17c86cc-2228-447f-bf44-e826bb6e540e,f2e3532a-1bdf-40aa-adf0-214a831cb52a,06c37af8-daec-421c-9631-4d974363ad17,2,170.05,0
99a8391c-7351-40ee-b80c-642afee71d9c,f2e3532a-1bdf-40aa-adf0-214a831cb52a,7557dc91-8544-4fe5-9ce5-4b61f06f719c,4,25.24,0
f7348bb4-5d81-4445-96ce-42a0579955bc,45140e93-5007-4f9f-b082-3508dccacad7,ee407490-be43-48be-8f71-a4c8601961b7,2,193.53,0
cf5b7919-95f2-4843-a1bb-1740f5fa4bc0,45140e93-5007-4f9f-b082-3508dccacad7,20d94f91-aabe-4939-ba93-4aec2cc27dc7,1,657.86,0
c9c65c5f-cfd1-4347-8aba-77772f0632db,45140e93-5007-4f9f-b082-3508dccacad7,3fcb418b-753f-4cb2-99cd-19198f54b22c,1,139.97,0
405f178c-81c0-478b-947f-0d7a63cc243e,1457e401-6f6c-4de4-b0ed-cd8dcfb8ecd1,23f8498b-b5f5-4331-b857-8710b7ac9b64,3,81.74,0
41164fb0-91e8-431e-bf6c-4e32d28bf3a2,608ae49a-b7d5-4740-99a5-29a843e4799a,b2667b94-3913-4ad2-ad34-ac5fadaa4186,1,844.64,5
d6079fc8-b8aa-4e44-aa46-6d72c1c02eca,608ae49a-b7d5-4740-99a5-29a843e4799a,8be94467-4d7f-4bba-a57a-c6ba0ea75fef,1,9.39,5
5483ae76-b340-45cd-b9bb-3340872148fa,26ff7dee-b303-489f-89a9-1ca3ef8dccbe,16f792f0-3d01-45c1-ac2a-e110477322ee,1,119.64,0
4bfa3fd6-bd42-4c14-b135-f15504b6855b,26ff7dee-b303-489f-89a9-1ca3ef8dccbe,88644983-0239-4123-926e-4436142dbf71,1,296.38,0
44dcdbe4-650c-40dd-bcbb-51f0656ff0aa,30aa38de-1cae-4c66-b396-67d7ce2638fc,a1a437e4-e0f2-4a05-adac-754d3dfd3e5d,1,75.66,10
2c3a9e2f-bb57-4e3f-96c4-9690d98a7030,30aa38de-1cae-4c66-b396-67d7ce2638fc,b9cfbce3-a7cc-4775-a34a-8615b218d9cf,1,58.31,0
f63b6442-b989-4aba-87f6-cdaef4baefb4,3f721f85-bf83-4bdf-90e4-71222d605809,9255902d-5bc7-4c9f-ae73-9d0cc3827fa5,2,123.13,0
d21d5538-3c69-4d4e-9620-fbcc1e9144ad,3f721f85-bf83-4bdf-90e4-71222d605809,03ccafd6-0340-4d76-b0ed-b1056be6c649,2,399.09,0
29d95b3f-4952-40d3-b72b-c7ce78343040,69ca67bd-9b6b-4f1f-9267-690b443a3237,c7a226e5-10c7-4a64-8aca-5e9788cc431d,1,1837.35,0
6e9833e1-373d-4aa9-ab5e-f032be35b664,69ca67bd-9b6b-4f1f-9267-690b443a3237,4a5f736b-7630-47ec-b3b0-6f284f28476b,2,112.04,0
5befce72-59ab-4b48-9575-0c104d3364a9,9afe75d0-13cb-4709-8a65-b191ebd2c087,81da0bc9-017f-49f4-b310-116ddc8b6e2c,1,19.75,0
9eef860f-b2c6-4c70-8f22-e079a8cefe17,790a387c-f7d2-419b-9a04-08f132aac223,1a63c036-c7b5-4b14-a40a-db1dd7036d33,1,1606.93,0
f609a72b-e0e9-4355-b81b-e5b55f5d4ef7,790a387c-f7d2-419b-9a04-08f132aac223,17de7759-d540-428c-9d18-13590090c266,2,1099.91,0
201e1b85-1f7c-46b2-b3e7-c076861be20b,b5d379da-74f4-4ada-8997-52e8304372b7,7308bb85-c3a8-4fc5-a9cc-f358ffbc0cc0,1,14.28,0
00d7be30-5c87-473f-9c67-bfa3e8092102,b5d379da-74f4-4ada-8997-52e8304372b7,cac220a9-f678-4f58-8ec5-571119d9f677,1,140.1,0
75175b86-8a67-46d1-94a5-f204c4cde3f1,5f98ed83-d635-4368-8627-4ba5c31afdeb,8ce2b1da-5286-4742-9ec6-ba42fcb8512b,2,1650.21,0
d5977fb9-1b88-4694-966a-fca014a80313,5f98ed83-d635-4368-8627-4ba5c31afdeb,aef64f17-eed6-48bb-919f-a110f4324110,4,537.13,0
e1f08976-3145-4a53-926b-ff19a8ebc956,5f98ed83-d635-4368-8627-4ba5c31afdeb,58b2cb8e-3ca7-40b0-a3e0-31a3671c0d35,1,152.95,0
ee3c1832-ab91-430e-a107-6ebd894b4ea8,5f98ed83-d635-4368-8627-4ba5c31afdeb,e4d65458-a2cc-4be8-99a2-e0d851770909,1,532.47,0
0c04bd76-fe5a-4358-9cb2-2a3a30adf8f2,5f98ed83-d635-4368-8627-4ba5c31afdeb,4f5a68f6-cb78-42ee-862b-eff738a6f949,1,1270.63,0
695d6ade-235e-43d7-9130-6f37eab4d9fd,a6bc70f8-d1a9-4b4b-8860-4e0a589da0a5,fa7ae759-9405-4907-bb95-49327fc1ffde,1,174.21,0
6faddeb7-e6b3-4244-acb3-8e593247327f,0137b1ec-8069-43dd-8ed7-2cd8a7662472,c209be73-b2aa-4bd7-8a94-501bce1e1270,1,356.72,0
3e02caa6-4c77-4c2c-80d1-63053f52750f,0137b1ec-8069-43dd-8ed7-2cd8a7662472,b9eb8c7a-b861-48fa-8a09-11bbdb8671ce,1,530.45,0
a680d0ea-3220-423a-be03-0da4e9293c3d,383cede7-dde2-4f96-873c-e41cb1cb34d8,91f09b79-0a4e-4f86-8f99-966c2883830c,1,1538.85,0
9c237186-7988-4bac-928f-996d1508ba03,383cede7-dde2-4f96-873c-e41cb1cb34d8,befd392a-1298-4242-b080-9d8ba66fbd6c,2,518.35,0
555bae80-4560-4136-b494-c9334d267e42,383cede7-dde2-4f96-873c-e41cb1cb34d8,10e18aa1-34f1-4db3-8bdc-a84ada79170b,1,1168.15,0
940d76b0-96fa-43a6-bb4e-42879dcef1e6,7589a5cd-322d-448f-af08-6355902db256,05e6e1ae-89fa-4d89-ad6c-68ea03c6aa74,2,39.91,0
14e6e322-4888-41f2-a87d-63f734d42fb7,7589a5cd-322d-448f-af08-6355902db256,d56c0abe-be73-402b-8613-eddfa39410bc,2,1520.5,0
a9545403-30a9-40cf-9387-d29359655f81,7589a5cd-322d-448f-af08-6355902db256,fa0001e6-682d-4683-b3b3-1ab550cef125,1,385.22,0
abc68479-d542-4c27-b081-9c0feb9d7a2e,7589a5cd-322d-448f-af08-6355902db256,bba5f1e0-4fd0-4f2e-a85c-83e6faf8c676,1,62.43,0
bb4cbe6a-6afc-4a28-82f6-c3b5b4e29539,7589a5cd-322d-448f-af08-6355902db256,e9025824-4488-4a98-8e90-09015645e629,1,119.98,0
1473ab21-5d15-4d36-8288-95423122123a,be82abfc-3486-4734-8972-bf3bea3e6137,67b92f56-9912-465b-8d8a-472cb034f8f5,1,510.87,0
fe52cac2-401b-4461-99a2-9ef3075cd0c2,be82abfc-3486-4734-8972-bf3bea3e6137,bca250a6-2a43-4dbd-a040-7d677772de5e,1,16.26,0
8ba9fa1a-bfba-4257-b482-0d5099fb2b88,be82abfc-3486-4734-8972-bf3bea3e6137,97ba88ad-8ec3-4195-9d1c-afd34f29d277,2,20.7,0
3810883a-2177-4675-88c6-f6243d270104,be82abfc-3486-4734-8972-bf3bea3e6137,54ab8b47-771f-4494-8050-675d8fc9a53b,1,75.71,0
b96aa886-6c88-44aa-813b-4d21aca6f705,be82abfc-3486-4734-8972-bf3bea3e6137,0adb6d73-0ae6-48c6-8449-3664b6be3210,2,3258.59,0
490f88a9-f512-40e2-a7da-603aaac50af5,e590b77e-0083-4d4d-b3cd-195b56e960e2,5c471be9-4ebe-4927-a3cd-ded2698f91f6,1,554.08,17
60f2661c-151a-4b43-a604-ef1ca291f7ce,e9d0ff0a-5ffb-49ce-b8d6-a45a7d21321d,651e4e6b-686f-454f-a0d1-38e8ff95538c,1,62.83,0
ba05846b-26a1-40eb-9fb5-a0a4326e351d,410358bb-11a2-4dfd-93f8-790464c744ba,47b58fe5-d7a1-4f3f-8022-e01019035509,2,124.77,0
3778f631-42f9-4e7d-934a-b16640a5b257,410358bb-11a2-4dfd-93f8-790464c744ba,4cd84239-b701-40d8-a672-b7383207336b,1,35.48,0
e3a1059c-f757-4410-8c07-b6b0721a59b7,410358bb-11a2-4dfd-93f8-790464c744ba,7570d49c-9b97-4a6d-a37a-33ec69bcf4af,1,22.04,0
f87ff42c-4706-46c9-8e06-092afe61e2f5,cccbdd04-8297-4e7b-bfc4-30f090b17c1e,fd5bb7fd-7b25-4b7e-ab8f-ce2157efd554,1,1104.42,0
34059842-0e11-47ea-bdd1-8fd757068739,223a5692-c109-4b8c-912b-fc9f96a376d5,b30b45d3-42d5-44e0-ba1f-44305d717f5a,2,146.13,0
d88c91a2-7b1b-4861-8fec-0105fec35f8d,223a5692-c109-4b8c-912b-fc9f96a376d5,2bc594ff-e489-4668-bb41-8101306081d0,1,8.88,0
3670b0b0-bcac-4c84-bb05-e69b18d3fad5,d431e62c-9def-4163-9a43-02b6407f9e2a,52c907c8-e066-422a-9697-9938445414cc,2,116.77,0
48e61d95-69c3-411a-bf3d-c773898d5df3,d431e62c-9def-4163-9a43-02b6407f9e2a,d510329f-4469-46dd-9233-dd45df975640,1,17.13,0
f9146890-f6ef-4b43-8530-bdf5b0817a12,d431e62c-9def-4163-9a43-02b6407f9e2a,dd37f0aa-52f3-4e89-a618-e1c8813094aa,1,1650.85,0
957f6abf-3870-4499-a386-f21d97808fd2,d431e62c-9def-4163-9a43-02b6407f9e2a,e52b7d80-68da-4ccf-aa4b-c3184a0db7c3,2,14.72,0
1b5d4fc6-3edc-47c0-8eb0-fdb3a67146a0,d431e62c-9def-4163-9a43-02b6407f9e2a,4326be5f-4934-405a-a1a4-3f67ece2cef0,1,841.23,0
fb59446b-7481-4d41-b47e-32a7911a91cd,3036236b-a6d6-45ed-95ec-cec6edf81a25,46522642-1a33-4971-aeca-6dedc079da96,2,862.08,0
4ea12986-a8b6-4bf7-af5f-1b28ee2c0f87,3036236b-a6d6-45ed-95ec-cec6edf81a25,2186b505-3a03-4d76-bcd4-4c8b3046e07c,1,5.87,0
a126e211-c6c9-40c7-9335-bb40223fdae2,253a2406-d607-4119-919e-128a51a3815c,43491408-6ec7-4975-91db-f829c64d723e,1,532.69,0
320c375e-f356-40d3-b8b5-8f0abd940ad8,253a2406-d607-4119-919e-128a51a3815c,4a23e2be-3855-4da7-a457-88ccf1722324,1,1026.42,0
47e7ec5f-2223-4b7f-a175-6469b7f7c613,6c872965-8734-4ad9-97cc-cf4cdd681b67,7ebded3c-ebb2-4a6d-af6a-c7657a9b78cf,1,56.17,9
5a8c8af6-88f9-4463-b164-454b73fcf064,c17edcef-3963-4d30-b2d4-2ae5337c9080,e9d05212-7da1-4f16-b784-4beda5ffa6c6,2,46.95,0
1a33ca1d-61c9-4686-b909-e824c32aa774,c17edcef-3963-4d30-b2d4-2ae5337c9080,a4bffca8-7a76-4e81-aa98-8b10b90fac98,4,283.45,0
4f89067e-3ef3-4fc8-8562-c4be96d72774,c17edcef-3963-4d30-b2d4-2ae5337c9080,3f8652c8-5c7e-4845-bcc3-e63e3738540b,2,202.01,0
eb278a8b-a2bf-4ef9-b30b-9f0a26f9b06e,50b93c08-4cf5-4b67-8ec1-2eafa9794674,fbb94504-2248-441d-a3ac-9eaa876f0ed5,1,39.8,0
283bcace-f289-4b6c-bc95-6fe095c53203,9da03325-019a-465d-9b71-f2b1a2b7cb9a,8d66aea5-64a1-4a2b-aca8-a9fb2ae66b18,2,6.51,0
005dc460-e47e-4d2e-9140-2f50c9b57a8b,2ab7ab63-6694-4034-a2d6-5ceb4679cb54,aa2f8b8f-257b-4f51-8e61-c8900fa11acc,2,35.75,5
0aebbff1-f46e-49c5-8536-49d524aae3e8,2ab7ab63-6694-4034-a2d6-5ceb4679cb54,adbecdb2-1fc1-464e-94ba-652678c45715,3,105.62,6
00100d05-8910-4bd7-820c-579ee56c0ad4,87c98e92-4001-4df3-aaf6-cb69385ad2d0,8f4faaa3-d1fd-49ef-aaef-cfea4ef0db01,2,229.96,0
9e4be7fb-87c3-426c-9ed2-edcfb5f949cf,87c98e92-4001-4df3-aaf6-cb69385ad2d0,8da8bf83-5f73-4931-bd44-3821de79f904,1,35.86,0
15b3a59e-256f-4a0f-a413-38372c32d020,87c98e92-4001-4df3-aaf6-cb69385ad2d0,d4ed7e58-17e1-404a-9160-cd049d0a65cb,2,180.18,0
5aea67c3-e78d-493e-b927-9b7ec03ca707,87c98e92-4001-4df3-aaf6-cb69385ad2d0,95c406d1-b1d2-4b3d-a3f5-7c43ad14a0b5,1,1771.93,0
cd168af9-b504-49ee-9475-75ade0835da5,fd12aa27-440b-47b9-8048-86db532e7667,f3cb3136-e701-44f3-8345-8c46983d8086,1,1528.22,0
fbfc3277-a329-4869-8478-27b131a3864d,fd12aa27-440b-47b9-8048-86db532e7667,1556c955-0399-4e88-b57a-e9291bd3e72d,5,929.17,0
1bdbdf76-80c3-442a-a8a7-d81bfccc8599,fd12aa27-440b-47b9-8048-86db532e7667,fcd84ac8-7ed4-4c86-a54d-629621a9ea44,1,32.46,0
442f19d6-be05-432f-b0c2-1dcd4c45865c,fd12aa27-440b-47b9-8048-86db532e7667,0b1751f0-936b-4d94-b77c-a3805c35aa16,2,440.14,0
32ab7ddc-7d9d-46cf-95d6-7196bc7c77e5,67662ac7-7549-4c0b-b162-80b95a2ff351,676c089c-e3d5-47b5-ad72-a7ea2322dc83,2,32.46,30
41b2b6f1-b784-4c08-88c7-5f0c9e9b71fd,67662ac7-7549-4c0b-b162-80b95a2ff351,b36f005f-4237-4ed4-b72a-a9b324a58413,1,183.43,0
54a716a8-f075-4a81-b2f4-5a330c7da4f0,753958ee-d046-419b-83e7-3b23208dc0eb,865eeea5-cf67-4083-878f-373c66608e56,1,29.37,0
039b64b2-3ee7-4581-bc82-9ec347802ff4,78ac5b5b-f2c3-4941-b91f-714e961471bd,9dfc9914-3bf3-4c60-beb0-70fb3381207e,1,126.33,0
701e028e-3b68-4a4e-9fe1-c740c7617196,78ac5b5b-f2c3-4941-b91f-714e961471bd,7ecc17d5-790a-45fb-9e20-132ae5b2b4b1,2,115.4,0
08827e04-afad-43e8-a2ac-af6567a15a61,78ac5b5b-f2c3-4941-b91f-714e961471bd,e18c45e1-425e-4d12-be19-2991ab3fe349,1,42.26,0
0ae3d287-3606-45db-914a-d6930a86d9de,78ac5b5b-f2c3-4941-b91f-714e961471bd,eb212c36-4c26-4783-9d5f-eaf21dc5a413,2,525.48,0
bc10d477-fc27-444b-ace9-fb40f41921d3,91f429b8-d880-4234-9a52-c6d9e6aa644b,a670103a-c5f9-47d1-be00-0c4122d49dd4,2,14.4,0
64aa0015-3fcb-4ece-993e-3c9c223078d7,91f429b8-d880-4234-9a52-c6d9e6aa644b,bd6469f4-4211-4a1d-b65f-36da659b1402,1,1968.84,0
2e8bb7c4-e749-4a03-adc0-0cae31a1cc9c,b1ac4f39-dcfe-4400-8a2c-eeccd3309518,2b19d4e0-2eb9-4a2c-aa8e-d84726303f18,1,179.89,0
bdba3118-3f09-4841-8d92-882ce9bfae77,bd699905-0a1b-4d9f-94d3-c3a73d543720,a06810eb-744c-4963-874e-6b33f942160d,1,1332.3,0
601f86b7-f4f6-4153-a9f0-5941a9320ffd,bd699905-0a1b-4d9f-94d3-c3a73d543720,df8bd821-4ef7-4e85-b6d0-6a15f6206b26,1,235.3,0
d2cc5c32-b4cc-4b23-8881-adcdf7025abb,bd699905-0a1b-4d9f-94d3-c3a73d543720,e82ef108-df5d-4402-bde9-9af9ad470a8e,4,216.86,0
7af4d12c-4ac0-4b97-bf6d-1b0bc643d78e,4f01a29c-affc-489d-a469-0c0c01d00f95,aceb4fd6-7bd4-421a-9d90-22e29c3ae741,3,406.98,0
6c6a73b7-f6b6-4165-b616-5cdd383a3cb4,4f01a29c-affc-489d-a469-0c0c01d00f95,4453cd8c-a5a8-4a07-8de9-709b4cf911b9,1,73.46,0
f3ec503a-e8c7-4f64-9a61-08d016799cb7,4f01a29c-affc-489d-a469-0c0c01d00f95,c00cb5ee-406e-4ae1-a303-c8632dcd44c2,1,24.19,0
0f8c272a-52f2-4dfe-b1a7-54c61462f843,4f01a29c-affc-489d-a469-0c0c01d00f95,75ad1c40-2f75-4988-b235-22ddcc7aabde,1,1130.56,0
b3068452-eba6-4f60-9593-7128245e439d,4f01a29c-affc-489d-a469-0c0c01d00f95,327ffe1d-f84d-4f80-99ce-06e1b912c213,1,100.69,0
42bfe32d-73b4-43c4-a4ba-763bb4d01ae5,02016c80-a53b-4c18-96ca-acdbd59a7f46,401fb7af-4d3b-4ea5-bc1f-ecf0e560aa09,2,445.42,0
27077f33-c796-4cf9-bdef-9b9a7e1d7e9b,02016c80-a53b-4c18-96ca-acdbd59a7f46,6743a695-18d9-4ee1-8d84-774155fdd2c8,1,694.33,0
d2ea8687-3a73-4ea6-a29f-de6045fe3fff,02016c80-a53b-4c18-96ca-acdbd59a7f46,1286c949-d265-4b40-934e-8f36094add2c,2,1884.19,0
4a68b67f-9157-45b3-a488-343e6a0499ea,02016c80-a53b-4c18-96ca-acdbd59a7f46,e21c787e-8ff2-432f-912a-d2967bd96cbf,4,204.15,0
7aab0386-b3c6-434f-8e94-d39ce375fcbc,8ff3332e-8f41-4ecc-8058-7fb1ec7ad392,bedb4fdc-8c71-4d9d-b60f-27682fe349da,1,15.8,0
3ee3ae65-0b6f-4667-9d7e-89954ca0b912,8ff3332e-8f41-4ecc-8058-7fb1ec7ad392,937400a6-fb99-44db-8f44-50e3663bdd66,2,127.69,0
94d7f85c-1cbd-47ef-8633-a5ef54631be4,8ff3332e-8f41-4ecc-8058-7fb1ec7ad392,ec4e4937-2b13-4b9b-988d-933858025b85,1,111.89,0
e4e867d6-c1b6-4538-83dc-eb77cb9dd8b8,bddaa407-b21b-4c68-b3f1-4203726e4765,c0206a78-f3f0-418e-aaa7-c8d9a4e42b89,1,43.82,11
ac6b4f87-9b9a-444d-997c-e0cd79bbb4b0,bddaa407-b21b-4c68-b3f1-4203726e4765,78b11d82-0e63-48b6-9f09-ceda94598e6b,3,1881.07,27
5182c6da-11e9-4791-8d57-ca31aa215471,61c3086c-60f4-49bc-ad55-547c5255f6ac,057951fe-ef28-41c2-b44a-00387c707044,1,161.3,0
aa990d64-a9d8-40db-a04a-266163af8273,61c3086c-60f4-49bc-ad55-547c5255f6ac,332d1398-8276-4697-8af7-f64c3d6eecc9,2,696.99,0
4b4d342b-798e-478f-86ad-c8b771f1030d,61c3086c-60f4-49bc-ad55-547c5255f6ac,2128d077-6c23-4e42-a99f-af8d33664fcc,2,90.76,0
8eceaba0-f876-483f-b905-af39a54f95ba,96c900a5-e6a2-4893-a6d6-8a38683df16d,a4bf2404-2078-4372-81ec-cab7e39ee64a,1,16.4,0
cedc2f0c-5668-4d89-9988-fd021db92d24,96c900a5-e6a2-4893-a6d6-8a38683df16d,66b90913-3ec3-4fcc-b101-fa6fefa97036,1,392.04,0
d6eaee37-ccb8-49ed-9dad-91e023e71260,2332b608-c8a9-4705-b593-57b1bd6b27e8,335b3cfe-0a15-4761-b38b-eab4b33e658a,1,229.18,0
8cb1803d-fc3b-41df-b4e0-9caaeecc5c6c,4eedf511-d5fc-4f14-90b7-e7a59a38ff52,9c037ceb-4dca-4868-9531-071d7ea7dd81,2,80.99,0
ebcd4280-05f6-48d7-855c-fd026c4498f1,4eedf511-d5fc-4f14-90b7-e7a59a38ff52,b58bb6aa-f9bb-4462-9052-42002adadedc,1,167.11,0
8af5a0eb-4c66-4db3-86d6-c120cb6014b3,3c5f63e1-0411-4e9b-9711-68feb26c82f6,b3a840cc-03ac-495a-9971-dad74ba5ae82,3,733.51,0
c6b5fe9c-b730-47de-984d-4dc8ff967b35,3c5f63e1-0411-4e9b-9711-68feb26c82f6,fe38a7eb-661c-4177-ba58-492abe8cba08,1,120.55,0
d2fe9186-8483-4092-bdaf-077d34bd4b08,3c5f63e1-0411-4e9b-9711-68feb26c82f6,081f6651-ce1f-45d8-895c-dcf3c3268dfa,1,30.62,0
a40132f7-88ec-4146-9525-a7b16819ca60,9feb398d-fb6f-4041-88f9-4a1ba90f3f52,a3e255e5-af49-4e23-a757-697d65c4ee28,3,178.52,27
b2f70f9b-36e4-46b0-ba5d-0579314b351b,9feb398d-fb6f-4041-88f9-4a1ba90f3f52,6e1e08b5-63d2-4260-8ae2-5fd61b5dd209,1,700.39,10
91d8c6eb-8b76-4aeb-8c24-0d2db3b736a2,49276336-a2f7-48fd-a99b-a5a4858bf407,13c9ca2a-2700-466e-b184-bf0f32fd54e7,1,72.26,0
2b09d701-5c93-45af-ade1-7260bb8052cd,5e2fecdf-9b75-43fa-83f7-21e1c663871f,fcad7226-8762-4fe3-be58-b25d20ff0253,3,337.45,0
4b46e199-131a-4010-b692-be3c0328eb9f,4a21e4fc-3aa4-474a-944f-122493df39bb,6928ea77-743a-4d6a-9d14-b2ff51d9fdd2,1,131.07,0
8f1b9225-5db4-44ca-8841-ccc1c377b465,73bdaf7b-778d-48de-a55b-bb244382a712,f50320b9-a2ed-4cbb-9267-354ba6387cf8,1,334.0,0
8c3602dd-561c-40ff-89ad-6454ec0dfc76,d3cdbf99-6927-45a8-94f1-c294b9dc9f9d,4e858544-78d4-4d15-9359-3b3379d4a204,1,321.18,0
cd62e14b-a010-4f31-b7dc-d4462180caae,37047061-0912-4129-b54c-ce94d5226242,a82ca965-b4a5-4a24-8aba-f0614bb51da4,3,119.62,0
a9e44c6f-9396-4972-9c96-937f80037ff6,da3e0c8d-c7d8-4495-ad31-8a2af3da6397,38580567-d014-4d85-84c7-ece1e4f23296,1,150.85,23
b757c588-d1fd-47a3-97f1-d93b54c415a2,da3e0c8d-c7d8-4495-ad31-8a2af3da6397,d9aa346c-d28e-475f-bc81-d5802479c5de,2,41.34,20
fc31bdfb-3464-4b21-9581-b2ac0d681da0,fbd998c8-4e5c-4fc1-966b-8cf3bc8c4d86,ab6050aa-e7a5-449b-9537-4b51552e4799,1,2349.27,0
42d401ed-e09f-40b2-b74b-135e81e9cad0,fbd998c8-4e5c-4fc1-966b-8cf3bc8c4d86,d612902f-1af7-41e9-bae2-b5f3b6afac3f,1,639.75,0
b82a1aa5-5fd2-4c34-8bc4-4b06f57e819d,fbd998c8-4e5c-4fc1-966b-8cf3bc8c4d86,21463a77-29f9-4b0c-a9b2-39f19b357e4f,3,17.73,0
35038caf-d33d-45f1-82a2-25662e9e5d3e,fbd998c8-4e5c-4fc1-966b-8cf3bc8c4d86,00e7bfdb-04ab-4165-8e2e-cd9b3828facc,3,156.18,0
9043caba-218f-43c2-b492-5f2fcd1bd06b,7e5ad963-cd6a-40d4-9e5f-88b89461ac83,01297b1e-2d8f-4691-ad61-e63722ffaeb2,2,86.57,18
782cd513-5b6a-4c06-a66e-1e4d541a7670,7e5ad963-cd6a-40d4-9e5f-88b89461ac83,10a49394-8d98-47ca-90f8-e70f9869d217,1,226.25,13
6c6bfafb-2018-4de4-b7af-ad23b6bbb9b4,7e5ad963-cd6a-40d4-9e5f-88b89461ac83,114ebfe6-49aa-4dda-8d3f-b595fbe8e938,4,593.99,15
16aec8d2-01c8-4409-b77a-2d6a913e1f5e,69124045-6bcc-40dd-a280-ea96708f5763,754b2d43-c5de-4531-8574-fb43e9a7c9e7,1,42.84,0
2d18218a-f687-4638-aa59-5c10e93ea238,69124045-6bcc-40dd-a280-ea96708f5763,ca1c0bca-a7ef-4e78-9832-ccd3c26eeced,2,12.88,0
505dac16-e2a7-4502-8409-6d4d629279ee,69124045-6bcc-40dd-a280-ea96708f5763,909d07dd-5e52-41b7-b628-522f321eb71f,1,116.07,0
0a93a82f-c017-45b0-9c9f-a1677a42eb25,69124045-6bcc-40dd-a280-ea96708f5763,d5690818-df7b-4fee-9de2-d2cda5c92509,2,1575.73,0
4375378e-e95d-464d-a844-33dfec707006,fd3f8654-442b-4831-bdc6-45caad16e7c0,a3970a2e-3ea9-4e95-b35a-5aaa4a860f49,2,15.76,0
c91cdc5f-3be5-4f03-9f86-63195fabdb8e,fd3f8654-442b-4831-bdc6-45caad16e7c0,358b1f7b-0bb9-48f1-b403-c1359d89476b,1,54.97,9
d087fa10-1e41-48d5-9117-189002ccf6d2,2d62c49d-733b-47d9-9c0b-80bd3d11e338,186b4efc-5cc2-4c80-8e2e-83bfbc0288e0,1,291.63,0
033cf62b-8e9d-48b3-bfcb-cf701ae72337,2d62c49d-733b-47d9-9c0b-80bd3d11e338,7a4fa442-c6aa-4491-83dc-f15a172ed041,1,149.14,0
1508e9e6-8173-4c80-b167-8cde72bfbf31,2d62c49d-733b-47d9-9c0b-80bd3d11e338,316bec48-b689-467a-99e0-589abf9f7ac1,1,130.0,0
a44c3775-be60-4688-83be-0fe5646d73ba,2d62c49d-733b-47d9-9c0b-80bd3d11e338,209292ac-1e13-4d02-8036-3a6d1d6f5d25,1,224.93,0
c90120a4-a23e-4b34-963a-c38efa7b4db9,91cadd61-b65c-423d-ad0c-12bb94c70b30,da74f475-2536-4924-800b-7a8d7ff594f3,1,318.09,0
9429bba3-aa87-43b0-a03f-9e96e9ba06bf,91cadd61-b65c-423d-ad0c-12bb94c70b30,d2f4d528-d84d-4fea-b3c3-bcc41c2b3b83,3,272.34,0
d6acf01a-58a4-4827-a229-f39fb0e9082f,91cadd61-b65c-423d-ad0c-12bb94c70b30,2f20fddc-1dfb-455f-abdf-faa20e900834,1,1108.33,0
a6ae06c1-8e1f-440b-98d8-aabf4f6da6de,91cadd61-b65c-423d-ad0c-12bb94c70b30,baafc0b2-9b26-42af-9832-f4d97713e353,1,198.41,0
047a2e88-b660-4ae4-bb42-e12cb24fb773,acf18476-cf48-4a84-9c8e-7e36529596d1,d82f12ea-95fc-4e23-bf64-bf3a4effe8a9,1,1341.38,0
bb48ebde-2a11-453b-add3-41194f80d69d,acf18476-cf48-4a84-9c8e-7e36529596d1,d283fde6-7a41-402a-9d89-4ef7d3ccf683,2,67.38,0
d2eeca6b-e098-43d5-a8ed-8352d9fb0643,acf18476-cf48-4a84-9c8e-7e36529596d1,938fb9d3-e74c-4917-ad00-4549a344c712,1,214.03,0
d34f19fb-62a5-407e-adec-42ec65c02ced,acf18476-cf48-4a84-9c8e-7e36529596d1,4244d88d-4c24-4b20-8be6-007f76ffebf7,3,170.08,0
ecb3dbe2-5b17-44b8-8b46-4f9261e4864b,6b95daa5-858e-4178-a992-27b8dbc31294,63ec5934-023a-41d0-9701-43ac11c8cff9,2,1705.07,0
646927aa-2876-40c8-8d54-37a531d72fb6,6b95daa5-858e-4178-a992-27b8dbc31294,1aa5ac26-7bef-4bfe-8891-f28b0b04af92,1,412.61,0
820a95da-617e-4387-b6b6-515a479372ff,6b95daa5-858e-4178-a992-27b8dbc31294,4031e278-d284-4647-aee4-132658d4a18b,3,67.61,0
8f88ac64-5cfd-429e-a1b5-07ae16f1dbab,6b95daa5-858e-4178-a992-27b8dbc31294,28965061-171b-4c65-bd9e-d425f17783a4,1,1270.38,0
553808a1-8b4d-4955-a451-ae15dd8a2abc,1698ea98-d04f-4617-901d-20f55d195d84,c8e53bc1-9c65-4dd7-8491-11725947adc9,1,1631.28,0
530e53d6-1569-4bcf-aa77-df284ad8a020,1698ea98-d04f-4617-901d-20f55d195d84,bfdf3c9c-b724-4366-a60f-593fd3022626,2,317.47,0
ae80e3f3-4e30-4565-998e-a1ebbc1c82b2,eab3427e-7b24-4e10-979a-5f835880f101,1e565f11-d699-4f14-bf8e-55d9f812b9c3,1,224.68,0
8cae1a9e-eb88-48a9-bbb4-f0b35003a0b9,eab3427e-7b24-4e10-979a-5f835880f101,cb612c9b-d478-46b3-b3f5-66c16cb5e989,1,414.6,0
e6a9ba09-1178-40ac-960f-e9af0c6fe92a,eab3427e-7b24-4e10-979a-5f835880f101,a5223477-4597-4a57-9157-e5723b52c6db,1,511.68,0
89982951-8607-44ad-8642-62293d5834f6,b96c492d-0a86-4c38-ad24-d77568662915,acb61e08-6d28-43c9-90e7-08ad802535f1,1,17.61,0
973f56d0-4552-4986-8a97-03ced0fde6f3,b96c492d-0a86-4c38-ad24-d77568662915,b4679371-d5ee-401d-89b8-a06e29f91dc8,1,974.27,0
26631bf9-1eb9-4949-91b3-fe1411f1a05c,22ecec35-c83d-44c6-b8e8-adfb7655192a,dd204a15-81d8-41e1-9a5c-1a1c1bde07a9,1,11.35,0
0102bb6d-8562-4883-9243-4db0fe1abc63,480f19a4-7cfe-4934-ac86-192144893cde,98f438d6-f7a1-4005-90a6-295c0a2e1c44,1,224.57,0
5a73d832-ed26-49a5-a827-002dd932c89b,a096f08c-2b9f-4fa4-82bb-bab837c389b8,a9d00492-6c65-42a1-8412-38486879c07b,1,1092.25,0
d54d8c7f-3e7a-4b4d-8381-a2eb5c6afc4f,a096f08c-2b9f-4fa4-82bb-bab837c389b8,1155b0eb-20a9-488d-8def-4566aedf263c,1,53.47,0
ab92deed-b200-49d3-bdbc-e1e5dec42fc3,a096f08c-2b9f-4fa4-82bb-bab837c389b8,8b448a79-b456-4775-ac5c-e66d1f05f5e9,1,110.94,0
9b9158d3-5c54-43d2-88ba-433b22030f4e,91065b86-d9ec-4efe-b098-e9fb20e3b5ec,20f55e23-9cbc-42f5-af87-ddc3a3207adc,3,34.99,0
eb919281-cf2f-4d76-a309-dd918fd61c01,91065b86-d9ec-4efe-b098-e9fb20e3b5ec,6f60b252-4fae-482f-befa-d0f1e8f982eb,2,34.19,0
5e35d2e7-f1a6-4bd4-9ff9-b8d93c35f2da,7e407817-fb10-4b74-a860-4453454e02c3,4a2b20a2-afc0-421b-b75d-a03e17b10577,4,102.34,0
0f5a892f-408c-4235-a980-2c4246ae8704,7e407817-fb10-4b74-a860-4453454e02c3,c70d75d7-e630-490e-bad5-752f7176374b,2,1350.26,0
491fa6ee-4820-4780-9c0f-95cf599538ce,9c4c45c8-6c98-404f-b8f1-d9f8a0956e69,d7876eb0-7bfd-4c11-98a0-24d4df4ea04c,2,446.72,0
c6573f7f-78a7-4bc4-a571-5b97caf99e9a,9c4c45c8-6c98-404f-b8f1-d9f8a0956e69,5a090f46-8bed-4a6d-9462-be78c434306a,1,462.11,0
74ac7d6a-5dcc-435f-9f6c-683dce92ae87,9c4c45c8-6c98-404f-b8f1-d9f8a0956e69,a6e654b8-f580-41a9-b296-836d81ffc96c,1,82.68,0
cda6418d-2d88-47d5-bfbc-0912cc00cfe9,0138ce3f-5eab-4a7e-b0e8-619f3a538a9f,67785bab-5485-474f-9e62-8505e40d4796,1,1594.76,0
212594b0-ca1b-4768-acf1-9aa64534f78d,72309904-7c77-4f8b-82ee-33b24fb02c9d,adcb1385-d164-408c-af1d-1039c2226ef6,2,160.97,0
6d231ec5-425b-4fa3-94dd-eb6eabc3182a,72309904-7c77-4f8b-82ee-33b24fb02c9d,0dfd90cc-f24c-4702-b366-b0a9b886d6ea,1,608.99,0
352746e8-70fa-4c52-af37-80412813204b,ee112802-bf29-482b-9f06-8bd90c5f0525,0f24216f-04e3-4cb5-b661-3c885ba0d6fc,1,520.51,0
9f1415f6-221d-450c-83ed-72b8489fcb9a,ee112802-bf29-482b-9f06-8bd90c5f0525,ab020d9f-006c-45d8-a3c2-37c912b2c9ee,4,189.52,0
086890c2-0122-4339-af7f-53e6cdb55ad3,fc86a3a9-bcb8-4004-9741-12a122a5afc1,40a52275-89bd-4955-b99f-f5b288d98a67,2,64.62,0
512ddaba-cd81-43f1-aeea-44d393ab60a7,0594c2e0-4ed3-41d4-beea-7066b545920d,472efd33-90f7-4d15-9e51-ff9a1e5fb946,2,40.04,0
075565a3-22a3-4d8a-94bf-558245adb44e,3b9b673f-cd35-4bd0-a88e-ce643b2f8636,f2464553-cfb9-4226-92b7-b55303c89ae6,1,105.87,0
73e7ce50-aa68-4017-83d8-6281ffbb50a1,01d9e1ac-72d3-464c-a899-41e12100e10a,e59f86fb-4af1-4995-9836-7e22090e20b3,2,140.86,0
02db2971-5a68-462f-9608-21d44430b4e3,01d9e1ac-72d3-464c-a899-41e12100e10a,b6e63e3b-128c-484d-9195-392d6cb084eb,1,159.37,0
c88d2c4e-1b6a-406f-b5d6-ba928aa3fdec,01d9e1ac-72d3-464c-a899-41e12100e10a,6e995ad2-f6cd-4545-9347-0c0a121edf88,2,332.26,0
194bec25-e371-42b7-b224-d92c861ce19e,8a3f4a00-8673-4105-a3b6-281442e28158,41aa47d1-f287-4c59-bf9e-7c6634e0112d,1,155.97,0
c91fce3c-9abb-4925-9824-026870d840b0,a75f1487-cae9-4f00-9890-72b0dcb9648a,9fff4819-9294-49c0-b289-50aa689fb4ca,1,83.91,0
2cb0c98f-2158-4d73-973d-598b07b8e85c,a75f1487-cae9-4f00-9890-72b0dcb9648a,87143aa1-d27b-4b73-9c88-cd2e4e3f1b1a,2,76.15,0
52aa1ec1-be17-45b3-a8fd-0392929a6720,679d5456-fac8-485e-a733-dd94e524492f,4788a9b2-dbf5-4380-a3f5-01e686c4b74a,2,21.58,0
175c1490-5928-4cf3-95b5-caa550deb3e0,679d5456-fac8-485e-a733-dd94e524492f,3d74ef84-9ed5-483d-acd2-9b3837b1c0dd,4,141.75,0
3cc0227a-072e-4dcc-b595-51f080fb3a9d,794f721a-7464-402e-8da9-e429683c254d,a8de530a-4f03-4aae-8802-5b794f2e6fba,1,536.69,0
18bccaa3-829c-4ec6-9b0e-595bc1eb64d9,794f721a-7464-402e-8da9-e429683c254d,bddb27f2-9aca-41af-92e5-4e4b5193f7da,2,145.98,0
48dc0652-e484-41a6-b3b3-2510c4b9aa36,796351e6-acf7-47ac-8da6-da9210000544,fbe08d14-7e79-462e-843d-04c67fe81d9d,2,40.49,0
d69e7c0c-70ab-4916-8e1f-682883e69a7c,796351e6-acf7-47ac-8da6-da9210000544,97f13c48-ab00-4375-bf28-c34090c60df9,1,370.5,0
d528a4af-2013-43b5-8ab0-af8b0854e496,796351e6-acf7-47ac-8da6-da9210000544,4beceb00-faac-4ef2-9a3a-ae315f618d72,1,767.13,0
fc3ba991-01b9-4bb8-8659-c5b70cc84a5f,38b46cf9-40ea-41f0-a7db-87d321bcf8d7,ad80aac3-b677-4595-90e2-c5a776b5b30f,1,118.72,0
eaccc2ac-bf99-416c-980d-704d1645cecd,44bcefb1-ddc9-4402-b54f-a91654c57504,c466536d-2240-4489-825c-0d91454ba18b,2,69.32,17
a8f7860c-f04e-41f5-b780-2d87c9a089c4,e3000188-603c-409d-aa45-6b9785f0c1de,7059a05a-44c5-4857-9b96-7f7ece4d0bc1,2,69.06,0
3455d68a-c015-4d37-83f8-a864e0522f87,e3000188-603c-409d-aa45-6b9785f0c1de,fa8df488-49dc-486c-a170-4ae6e22d1bb5,1,255.86,0
85970293-5e00-4e3b-b14e-bcc825776543,4206f6b8-da01-41e4-88a9-beda1ed01b05,cfeaf2f1-9a95-456a-80b8-64fc70ca15f9,1,34.57,0
3663cafb-daa8-4b24-ae17-922acf212b25,4206f6b8-da01-41e4-88a9-beda1ed01b05,a078999b-2afb-4af9-bcf9-4d67953de709,1,461.96,0
97bd985b-f5e7-4d1b-86bb-e95a71257abb,bcf94391-97c6-44d1-be98-d2ff9c66106b,ed2be0b6-618a-45d6-abd6-ea45b8a71e67,3,469.58,0
e10d846e-5d97-4d62-b832-79c310d16a1f,7618533d-14e7-42f3-8cf8-1be9ff87fdfa,9984ad16-a2bc-4fae-a1c3-b72b61c08754,1,70.45,7
3dc2aae1-a436-405f-befc-1d5561f09157,7618533d-14e7-42f3-8cf8-1be9ff87fdfa,ad1cd9b4-a894-474f-914b-fc37983fe183,3,29.02,8
6ddb3b54-20b0-40ab-873c-8838de44a3f9,7618533d-14e7-42f3-8cf8-1be9ff87fdfa,420769d2-ac0b-4088-b50e-226d97744874,3,171.02,5
35a33179-7bdb-4517-b912-c60cd92986fa,df715744-3afe-444f-84eb-a02bb54a6115,73327131-9b80-4f45-a52d-83aa19247e1a,4,144.8,0
e81f999f-55ab-409f-90d9-eca3e57ccf96,3c85136a-b8a3-4003-8252-746bf7ea9e87,e755d6d9-e7b3-43ec-a738-82fbd1257146,3,756.41,0
a2cb0ab6-29cb-45da-ab7f-356a2921ba05,3c85136a-b8a3-4003-8252-746bf7ea9e87,058120bd-0b96-4d26-a40f-91a2f023fbbc,2,49.25,0
3952481e-7863-489b-a2bf-ed3982e5773a,0a855248-7e39-4c7c-be61-037f8d2a6692,c57745ce-16c7-4da0-a215-1a4aa9599e89,1,142.86,0
1d7e73e6-6b00-4be2-9483-ac12712cf62d,0a855248-7e39-4c7c-be61-037f8d2a6692,e65af988-3d60-4e4b-9686-538c13fa9916,4,335.74,0
013e8ccb-cef8-42f9-84d0-472c41cf9de6,0a855248-7e39-4c7c-be61-037f8d2a6692,e743de32-a07a-4d38-83b6-7dad475c3a9a,4,811.2,0
03ffef08-cf64-4583-89de-900f882883ea,9a1835f8-22c1-4f93-a323-5e5cfbcb384c,c794fa16-d5a0-462e-b9c0-c98d23534059,1,201.29,0
14337f64-e22a-4eb8-b206-0704ef68750e,9a1835f8-22c1-4f93-a323-5e5cfbcb384c,cf821459-d4d2-414d-b58c-b565ac7444b0,2,29.05,0
cd6c823f-a9a9-4a1d-8767-52b332b132ee,9a1835f8-22c1-4f93-a323-5e5cfbcb384c,c0ea20cc-5b60-47be-88bd-a4bafe78a6ef,1,1998.64,23
9af3b5d2-2067-47a7-b5b2-519bffdbf922,74a00e6f-1446-4206-b2fe-471c3d68d312,fca3315c-278d-49b5-a65f-d796432dec0f,1,73.36,0
7187ddb5-9d8e-4140-bba2-e39deeb9f08a,74a00e6f-1446-4206-b2fe-471c3d68d312,df8bd821-4ef7-4e85-b6d0-6a15f6206b26,1,255.45,0
b7cf7d6d-e644-4c18-bf5a-557ccfbd7262,74a00e6f-1446-4206-b2fe-471c3d68d312,88119969-c929-457c-a79b-4ab8930989c8,1,576.12,0
6813e2d5-965c-49bc-b7fa-cb4b914c793f,f7eb4114-8a0a-4b48-b26f-3cac50be2b7e,8d0d5725-7b47-4ebb-a36a-804f71f110b0,1,189.79,0
3624ef99-a3d3-4df7-b3ba-d72facc43cc9,f7eb4114-8a0a-4b48-b26f-3cac50be2b7e,028a58e9-61c9-464d-b9fd-2d84ea04ce72,2,565.65,0
f6381c8a-012f-494a-ba8e-74cb00d5f775,935eb4b0-926b-4ed9-8930-952dffac5cd0,ab0576a3-3c89-47a8-a950-045578637bbc,1,145.83,0
04acd2c8-21f3-41fd-bbe0-3ee0a57b2cd0,935eb4b0-926b-4ed9-8930-952dffac5cd0,88393bca-8fd0-47d0-8c22-b927148ead43,1,786.83,0
8478053f-b3a8-402d-997a-53e77f50aa79,e87954ef-457e-469e-baa1-fca5fea8ff0e,58786376-0148-4a23-85b5-756f94be2e04,2,41.43,0
f34ba486-7a2d-4ab5-b961-cc7c099ffc82,c6cd9752-ee20-4ab5-831c-a50e3b4691a1,c519af8b-b8be-4dd9-ab80-aec9b124f55a,2,101.21,0
fd202a58-6a16-4e93-914c-14d2930ac81a,c6cd9752-ee20-4ab5-831c-a50e3b4691a1,aa3a2ea2-ce39-42e6-aa0f-5f4c66dc2640,1,119.1,0
c4915b44-6ae0-41b4-a19a-a1fd0876c8ee,c6cd9752-ee20-4ab5-831c-a50e3b4691a1,2dabcfb8-e5a0-4a8a-bf4c-f20b8863b345,1,1655.5,0
ce20ad21-0e0d-421e-8901-b3233682ccb6,57a0050d-3d16-467f-947f-034265bfa7f8,91db0829-5421-475b-b8a2-d8775f099bc7,1,103.13,16
ab589bf8-b61c-43a2-b9c7-91331c3fa7ba,fa17e9b9-99ef-404e-ba3a-5398ae9246f4,1aa34356-363c-483d-b69a-3b4dc141a105,3,1400.28,0
1556d2a7-0c36-465f-ae35-47dea92d275c,fa17e9b9-99ef-404e-ba3a-5398ae9246f4,a489e2e5-a6cc-44fa-a11a-7241e2c920a4,1,1704.13,0
a9b4ba37-88dd-439c-ad36-bc4fd835e3f7,fa17e9b9-99ef-404e-ba3a-5398ae9246f4,63b5fc34-c28b-425f-8887-723f116281b4,1,512.02,0
ee75fa16-b1b5-41e7-a1fc-a51b9fc3e8af,1f48e3b2-9bdc-4753-a964-13be62af177d,13b98140-931f-4c0c-99ec-aedbc91d967e,1,45.11,0
5518164c-dcf2-45ff-9543-72823734d294,1f48e3b2-9bdc-4753-a964-13be62af177d,938fb9d3-e74c-4917-ad00-4549a344c712,3,223.58,0
c0da912e-4590-4fc8-8893-d86aea89415d,7fb8ce22-f768-43d0-b9b5-adfeb46da263,5c533c5d-2f7d-45e9-b6fc-eb63836a7bb1,1,1849.98,0
8ee7b1bd-7592-411c-bba1-6c273984135c,54f02f58-efb8-4637-a459-0f29e502d5a2,a57e4806-34fa-4c19-b467-3c1279a4d161,2,169.13,0
b34ea3e4-5d45-4eca-ad83-0603d82bbc07,e06da89f-5ee9-4dd1-b3fe-fc99d6878930,e34784c3-dfbf-4bdf-90f7-ab896537cf89,1,78.79,0
2e092722-a754-413f-9d8e-341cb94fdb65,f4040b9c-486a-442b-9cfe-a2f89fe553d7,6c752cae-f008-485a-b56c-b992780b6bd3,3,118.23,0
dbcf8dff-6494-4d46-b72a-0b2eacbddea2,f4040b9c-486a-442b-9cfe-a2f89fe553d7,87cc8b0c-c243-475a-ae67-da881b17fd2c,3,36.6,0
c8eb6e5a-789d-4051-8058-54492ece70ce,dbfd37e7-1bf3-41ad-a194-de1aac7eb486,32a165e3-a34a-4ff2-aa1c-005b4b4eac29,1,558.44,0
c6fb1fb5-90d8-4dd1-83d1-e922189b79cc,dbfd37e7-1bf3-41ad-a194-de1aac7eb486,c794fa16-d5a0-462e-b9c0-c98d23534059,2,188.33,0
53abda71-a596-426b-a47d-bab6f0303229,dbfd37e7-1bf3-41ad-a194-de1aac7eb486,dbf77806-9f07-4768-82d9-b5ec3e5852e8,1,195.39,0
f1e2d2dd-7d80-4387-83eb-68f712345fa2,b9159c25-f2d0-43e2-87df-0ac7884d5f81,5dcda44a-435f-4a7c-9511-521caed38baf,1,1805.59,16
f5fe5321-dce6-4e1d-b234-c632c7cc6b4f,b9159c25-f2d0-43e2-87df-0ac7884d5f81,267277b0-ef4f-408c-b3d9-71c3b970456f,2,1510.92,6
2e271fe0-f213-4610-a20f-c5a6324040ab,b9159c25-f2d0-43e2-87df-0ac7884d5f81,dc18a4be-05fa-4f33-9b9d-7cce2e7d1a84,1,11.8,30
d9612ff2-1792-425f-98cd-f3d8a57cd9e6,4ff414e7-4152-4e59-9020-ebb17824c7fe,4d347727-59ef-48d1-a0fd-0029f6facc54,2,194.21,5
d07d5a24-294d-4e75-a944-6713b227d540,4ff414e7-4152-4e59-9020-ebb17824c7fe,cf07fb26-ee60-468f-b154-23376b103492,1,131.16,0
80a882ac-0d78-4097-84a1-eef444513c45,279a551a-ba62-4df6-98a7-c7abcf93795f,e728dbb1-387f-442b-bacf-e5aa5adc53bb,1,108.76,0
50c06a10-f040-48de-8a10-9b40242c03c9,046ee8a9-a974-45a3-a4e4-13c6230e636b,1f8d24f3-4152-4f19-ae29-5fdc7c2f8e88,1,314.09,0
31025e12-7c3e-4745-9533-5dd775579a3e,046ee8a9-a974-45a3-a4e4-13c6230e636b,71d7a021-9684-4cc5-9dc2-85b266bc70e3,2,866.99,0
130c3f80-32e9-4710-b015-c6513a0037ee,046ee8a9-a974-45a3-a4e4-13c6230e636b,e8a990ab-0566-4cc1-99a4-9b4b3a9881b1,1,128.09,0
0909572e-ccfe-4477-926b-665dbfe0e4c3,a231cfef-ab60-4d0f-8c73-a4fa3234b6e2,8a1cbe56-8ae6-46bf-b9b2-293ec154cf1a,2,245.53,0
1b4625c6-3536-4193-ad8e-341d8f0b753b,a231cfef-ab60-4d0f-8c73-a4fa3234b6e2,a0aa9ade-094f-4e9b-8f5f-fa8015307852,2,1243.37,0
035c67c9-c6a8-4b4f-9b74-03bcb3bb9a0f,cbb2cdae-0b9e-43d0-a6af-c14b59382f1e,1aa34356-363c-483d-b69a-3b4dc141a105,1,1626.64,0
ce10183c-b9a5-4c23-b6f6-1cc90b0436e5,1a7df1bd-61f4-437f-8384-ed2dc20a5482,80c09138-d381-46df-b56b-25542bd4300b,1,29.52,0
e84a6805-17e4-4d0d-bde0-b73e109bc2c1,1a7df1bd-61f4-437f-8384-ed2dc20a5482,2e4a4279-1f58-45ce-b38b-a0ec0d0fcd94,2,2605.51,0
c1bf54a0-4c04-43b2-a64b-818984f1463e,1a7df1bd-61f4-437f-8384-ed2dc20a5482,9c60a833-94d6-4a3b-ad3f-bc26baf99c72,1,30.56,9
50a12696-b2b8-4f8e-bf39-e05a9460d001,1a7df1bd-61f4-437f-8384-ed2dc20a5482,bb357c56-1a62-4e90-ba13-2ad77754392f,2,119.05,13
de9fb6b0-424f-43c1-9b53-1c4cb70ea88f,263970ee-041c-4f6f-bd9f-f82acd7305a3,73783de4-b88b-4cc3-afeb-15ec342d001d,1,18.75,0
4ca2d544-564e-414a-81b1-f809db94aed9,92e2a8af-f149-4f03-9354-56acd252ec7d,15c64128-bab7-4bee-9b6e-01bdc2de925b,1,226.22,0
6d99b6d0-3da5-49f0-8d27-cfcae771b1c4,92e2a8af-f149-4f03-9354-56acd252ec7d,4b3012cd-a6d8-46e2-a0fa-daba6f96a47a,1,24.69,0
39c4f0a8-2442-47cf-9008-fb3d4ef63007,92e2a8af-f149-4f03-9354-56acd252ec7d,515ae3aa-0622-4da8-9984-919fdccc1fcc,4,492.01,0
02ff7f51-6b4e-46eb-8717-5fa29641f799,ed9e828d-ac01-44a8-b773-14c38f243e8e,8eea56d7-e812-4462-9bea-cb9600429c37,4,333.65,0
8365e78c-7d20-401f-953c-22fef7ee9df4,ed9e828d-ac01-44a8-b773-14c38f243e8e,c52cafc0-fc50-4fe2-b540-16389e8f627e,4,26.43,0
d6619363-9f26-4dce-b8c8-d67bf4a7a234,ed9e828d-ac01-44a8-b773-14c38f243e8e,8be94467-4d7f-4bba-a57a-c6ba0ea75fef,1,9.16,0
d92f0151-8852-47eb-b0c0-78643f9677e1,ed9e828d-ac01-44a8-b773-14c38f243e8e,af0ca55b-73b4-407c-a25e-4726cc19ccb8,1,50.38,0
1a8e0aef-1642-42dd-b4eb-730a80f24d48,ed9e828d-ac01-44a8-b773-14c38f243e8e,20b5af38-5ef7-4eaa-9820-ad650638c4bd,2,289.53,0
bed5279a-714d-4cb0-a051-fd6510bc6576,d8abb9a3-6919-4a16-8c04-7353f4de5cdf,bc40570e-d9f4-4a63-9870-69f371ce605e,2,312.21,0
673df8b4-28cf-4d9a-810b-557ae14c5caa,46a5b38d-6ac3-40cf-a8a5-e16ae49c539c,b0e2621c-5dcd-4833-a062-947c94e1bdee,5,9.77,0
91590b29-5fae-4a47-8f49-265ad5f9a12e,46a5b38d-6ac3-40cf-a8a5-e16ae49c539c,de844a5b-4024-4dbd-844a-afcd265b8f72,4,122.76,0
be4b9861-a299-4e6c-8e76-7ebe7012a96c,eabf05f9-f3a7-4fe4-9c88-b637a7fa7183,cca95766-e581-4197-bd46-be28cfba8bc5,1,88.14,0
e290ce73-09ca-4f73-8db9-d73e59f7e5bf,a27801ee-e598-40ea-87a6-64f2824b76cd,b73936b3-3e46-4d14-a536-7383fbaef475,1,141.53,0
a4338748-dd04-4f8c-9e0a-65920e9d100c,786b4703-265f-4ce6-8183-fce984d5bd2c,f6307c9e-ca6a-4a22-b2bb-ad65133f91f1,1,92.73,0
0672b869-9f9b-4b68-b242-1d66debf0fe7,786b4703-265f-4ce6-8183-fce984d5bd2c,42923151-78ab-4d75-9235-8f84bebe1eff,1,306.32,0
39408764-9e89-4931-9ad2-2a56196b8f3d,786b4703-265f-4ce6-8183-fce984d5bd2c,acd450d6-cdb1-436c-bb75-0eba09fc0d57,1,2121.25,0
c6f5fc78-380a-4231-900a-0b4d0b54f35f,41a08c34-8893-4d1e-aeb8-6a8f9d2122e4,811b7955-2488-4bd6-a017-49039d04d105,1,656.27,0
52fa04f4-54b2-4e5c-9691-1c0ac9da25a9,41a08c34-8893-4d1e-aeb8-6a8f9d2122e4,2c141e7c-663d-491b-b3a8-b032fe51a8ab,2,13.83,0
bd9d749a-503e-4189-8230-84b0de62f207,91550ae5-3032-46b7-9950-58af0779ef5a,dcdb5771-c0e1-41ec-8660-5567a82fd732,1,108.85,0
987d2f51-663e-425a-939a-f2ce1b67942b,91550ae5-3032-46b7-9950-58af0779ef5a,15b45364-765d-4f02-afd2-a1cf76c9a13a,2,495.26,6
891ccd3e-21ac-440a-b652-d5de9c24c1e5,91550ae5-3032-46b7-9950-58af0779ef5a,1f346ef5-5cdd-4483-9c38-35d0570898f1,1,14.47,0
fc0ad799-6ae8-4e82-ad4e-9476bdb9c6c8,488a62fc-ed82-422e-8e35-33605bceb226,bd8eaa7e-29ec-4987-9048-562942dafce6,1,24.43,0
90133aa5-3db1-46f8-8bb3-af2c628dfe6a,488a62fc-ed82-422e-8e35-33605bceb226,a5ae7928-bb64-40e0-ab91-4f54ece11dce,1,343.62,0
ad2a6631-2245-4e4d-9061-18b676323dbb,488a62fc-ed82-422e-8e35-33605bceb226,23ca7fcf-27a9-430c-83df-59b8fecdd3ce,1,400.73,0
6b6a8014-ff26-45c8-aa05-9e0f5d6793f4,94dd5857-f0b8-47eb-9691-fbe5e044f0d8,470a7198-23cc-41a8-939d-39905e14b702,1,192.9,0
14a0a1e2-db7d-4767-a0e5-6f37ab03bd38,94dd5857-f0b8-47eb-9691-fbe5e044f0d8,9a0448e8-d4c5-423b-bde1-d2319c2c483b,1,1469.22,0
ec0ff5ad-3d9e-41cb-b8d1-2e01704c10c4,94dd5857-f0b8-47eb-9691-fbe5e044f0d8,e18d753d-fcf2-4876-8131-3fa299c15749,2,1171.63,0
fafc4e20-c24e-46b3-b071-b1baea2c814b,2b605cf1-a967-420a-b121-a3240b6ede8a,516d523d-1448-4d45-a204-cf7996c3d6c6,1,43.5,0
2f5b432b-1298-43c1-9f5d-d28e4466afe2,2b605cf1-a967-420a-b121-a3240b6ede8a,fc6759b6-3e64-420a-ba93-5b8f414c559a,1,792.12,0
733d919f-6937-40ea-a795-6286a8103cf8,c5192345-4af1-4b73-81b8-0c1da4ec0aa3,e8bb4e9f-d31b-4f49-8e46-cc586fe6d2f8,4,94.7,0
a2b3cae0-7787-4899-84f0-5b845fe673ec,69a7a700-811c-438f-a48d-0a65975faacf,79957e67-195b-4a68-90be-e01a57ab61d1,1,89.03,0
e8248ef7-b981-456e-b489-b00c8ba90ce3,9ac6bafd-b5ae-4cd0-8beb-9af12d22b057,e95dda91-8ef8-4abe-8aaa-1a98e432ac81,1,251.79,0
36cab8b4-47a4-4aa4-80a5-4fbf3b1487b4,9ac6bafd-b5ae-4cd0-8beb-9af12d22b057,47c1987c-cb81-4090-849c-77a0805ac470,2,19.42,8
a52734f1-42dc-4442-9da2-69564353a1c2,9ac6bafd-b5ae-4cd0-8beb-9af12d22b057,94de0575-f029-45b2-b98d-38041a03d07b,1,15.17,10
c7b1b00b-e4d6-4cd6-8eda-124308206a99,bc53422b-d213-46f8-837a-53b861b6d774,5b8ff62c-a221-4a6f-830f-28d25b94b95b,1,817.32,0
e4870e14-41c5-4bca-b50c-e26fd99635db,cd56d304-372c-470e-89fc-db7c8e678978,1f7354aa-2115-4a64-827b-627259192c9f,4,880.94,0
34f59ce9-2f3e-4f86-bbce-8c53b31c796f,cd56d304-372c-470e-89fc-db7c8e678978,d15c1e2a-c853-4c34-afcc-057a5b8414b6,2,82.47,0
294fbe5a-6a79-49cb-bbec-8b2e93345764,a1fa1221-e352-4697-be5d-6db1192a385b,16951935-2244-4ae1-b6c3-dd9c6d5f17f8,2,410.16,0
01469b4f-a87c-4ff5-b5c8-6bd785edf928,a1fa1221-e352-4697-be5d-6db1192a385b,abb4aee0-1dd7-47f6-bf42-68da9a899ef2,1,672.46,0
be705d51-d9e9-45b1-8c02-93df89fce80e,0f3adebc-dc93-45c7-a49f-dcea4a94b573,18a0ac47-2cc8-4334-9685-f92faef87c8b,3,460.4,0
0f0c8c1c-58d6-4a2f-aba3-d0002f17b92d,0f3adebc-dc93-45c7-a49f-dcea4a94b573,bca250a6-2a43-4dbd-a040-7d677772de5e,2,14.76,0
52ebf855-8d39-4394-b848-8e5d02aaca26,307b33af-fe75-42d1-9eff-3380445052ce,b53432f1-d9a8-4dfc-a154-453633a026d0,3,413.19,0
4cc965ee-6dc4-4284-b205-01b0496d20a1,307b33af-fe75-42d1-9eff-3380445052ce,01e7c679-9404-4d1a-8b97-1b36c4470152,1,177.86,0
6e78d630-79e6-4e31-a030-e651ac3e72fb,307b33af-fe75-42d1-9eff-3380445052ce,a90e37fe-00ac-45ca-b34a-ddb804b1a128,1,84.6,0
4541787d-87db-4a9b-b345-388fb29d0b35,6019357c-6084-4d18-bd4a-c48dfdfe5985,af03b8c0-8e0a-456c-b79e-b496b5afe4f1,1,194.29,0
34708778-c828-4775-9e3e-0522b93ad1b8,b54c2913-757d-42be-948b-d90463ce5f32,03d7881b-69d2-4592-9741-1764541cf7cd,1,88.75,0
46b2602d-89f8-44d1-aa55-61bfc37becd3,b54c2913-757d-42be-948b-d90463ce5f32,c3bae898-a2f6-4f19-ba1a-53ed4195e9ac,1,1197.62,0
42ab4faa-f790-4639-8822-834a1acaba1b,992c3a4d-8dfd-4890-9660-a7a553c987c3,60a98360-f6a9-41b6-84f8-94c97d52fdcc,3,49.9,0
0ca520a2-e274-4b1b-ae3e-d57f75f476d2,992c3a4d-8dfd-4890-9660-a7a553c987c3,28791908-0de6-4676-a1e1-316d2e1383d8,1,24.67,0
911c4596-e9ee-49d4-9ba0-c300f3a41c85,992c3a4d-8dfd-4890-9660-a7a553c987c3,b8731256-915d-40fc-a066-7a37e631fb4e,1,45.36,0
d65c4bf3-4e04-4085-9968-6566b9f8678d,d37743f7-2c91-4cc8-befd-50b161a4670c,1eb1830e-6ac0-4791-b541-0bd8a2ca8064,1,426.23,10
e118b15d-99dd-42b4-9da0-27214d020c5c,d37743f7-2c91-4cc8-befd-50b161a4670c,fea169d8-8995-47a6-bcdb-adf7c1751dab,1,376.42,0
cc7f97d9-8f5a-48b5-9caf-ba086e95fe1c,13828f24-da2a-4891-b53e-6842861330b3,114ebfe6-49aa-4dda-8d3f-b595fbe8e938,1,624.69,0
285c9d00-0020-4d84-8c41-0443192d049d,c947652c-7492-4ed5-a3fe-771d963ee78d,1c32646e-aeb5-4f83-a2bf-2f7ba34edcb3,3,191.02,0
93d87b13-bb60-4193-a75a-cd6f8682f213,c947652c-7492-4ed5-a3fe-771d963ee78d,2bae321c-f38f-40f8-a71f-60531b5c7f88,2,453.68,0
3ff5a0ca-db2a-460a-97ec-9ec975bf8e58,f1d43eaa-a775-4a69-a735-d4a90bc0a408,24e38391-f041-403c-bf06-7f7b6f0a36b2,2,160.36,18
f6ac22cb-db8a-4d91-a3b5-e406253ae847,a97c22e1-8632-46bf-8113-4b56b520ec81,89be6a16-5468-4919-8845-917e94a61137,2,11.41,0
c184ed23-514c-4f8b-9232-3356b80731a2,a97c22e1-8632-46bf-8113-4b56b520ec81,bb6afe93-902c-47fc-ae59-9017a6507086,2,178.06,16
57e4e5cd-e9ce-4e8e-ae7e-81b22023cafa,71f24d6f-2d92-4a34-b8c4-3e1a664c326b,4b5170fd-b7cd-44ab-ad79-9f6ca2a51995,2,1201.46,0
cd5b3641-14a6-4aa8-8d32-2096e265847f,71f24d6f-2d92-4a34-b8c4-3e1a664c326b,09eb3be4-636d-44c4-b0a9-6fbff6492828,3,10.87,0
cdd1674e-b08d-43cd-b6ac-526facbe80ce,71f24d6f-2d92-4a34-b8c4-3e1a664c326b,550e7e46-1825-404d-9001-67dec3623af0,1,624.74,0
2cf5918a-c4d9-4dcc-87dc-e1a9b3c5ecad,71f24d6f-2d92-4a34-b8c4-3e1a664c326b,8835e7a8-3bfe-43f2-98eb-24add9c6ba7f,2,36.79,0
5be493db-78e5-4a0f-9f9f-a0e412b5633e,ef8d06eb-5a90-407a-82c0-f15a68fbd2c4,6e9be562-ff25-40b6-9a5d-e884a456eb15,1,266.83,28
47e2b896-2688-4adc-a5bf-cb66be08e660,7741f65e-71cc-406f-902c-2d0c113d7227,aceb4fd6-7bd4-421a-9d90-22e29c3ae741,2,357.11,0
eab915f6-de97-434a-bbc5-731b55184075,7741f65e-71cc-406f-902c-2d0c113d7227,2c3a0640-3d0a-462e-ad46-f3ee50d4f96c,1,102.31,0
71c49858-102b-432f-b9cc-bbc83fd1edaf,7741f65e-71cc-406f-902c-2d0c113d7227,cf281597-8a8f-47f3-ac0e-ba7e2ad56aa2,1,145.88,0
8f5e61af-682d-427e-8ff1-0a512c51c573,7741f65e-71cc-406f-902c-2d0c113d7227,6a939a02-1b7e-4dc3-83c6-3c1f0c15d108,2,208.24,0
3176135b-8fef-46bb-b208-b861b48a4bb9,aa9bfc2a-56ab-436c-8bc7-fad6291b6efe,bee59f64-c670-4b93-a31a-4f019abf20fe,2,815.25,0
9a209e70-0fea-4084-9084-7045ecdf6d8c,aa9bfc2a-56ab-436c-8bc7-fad6291b6efe,c16ccefa-4653-47e2-a52f-94bae25ec27d,4,75.2,0
a4616cd5-58e7-4a61-9dc1-431331c5eaa9,aa9bfc2a-56ab-436c-8bc7-fad6291b6efe,897b2c7d-98e0-48aa-92bf-3ab6e159d570,1,269.22,0
47169de0-93e9-46f4-b632-d5dc812efc4b,6eee5ad1-f073-40e6-b891-e30896facdf3,74fd4506-fffd-4e01-ac8b-d3991bda2bc0,1,293.08,0
60db5ec8-d835-44fc-8c51-d11d9778ad18,6eee5ad1-f073-40e6-b891-e30896facdf3,c9124366-f658-46cb-a3e6-4e7f756f4386,2,42.09,0
7626392a-71b0-4b10-8be1-09cdf5222bb6,1aac767e-9214-4ce4-a967-b5707a9275f2,6d771ea2-220f-4c9b-8798-c8f6d0d4bcfe,1,23.93,0
a63a80b9-250d-4553-9b8c-4c11e943b456,1aac767e-9214-4ce4-a967-b5707a9275f2,06a913fc-82d3-4175-ad5e-3290dfaef74a,2,274.11,0
2c5649e0-bee4-41a4-8ae1-2edbd76951c8,77d26504-889f-494a-9683-62662fcd8567,63ebb181-56a9-4726-a74f-7d981f468e0c,1,194.22,0
b7f94c5f-7ed0-412f-b199-e341aa417f36,77d26504-889f-494a-9683-62662fcd8567,e653572f-8172-4f25-9546-63fb956c0787,1,85.3,0
27d8f7b8-8354-459a-a6a0-c5d47e13a648,77d26504-889f-494a-9683-62662fcd8567,16f0e1aa-021f-4400-8b9d-c062d5f0a899,1,1683.23,0
c8cc26a9-246a-46e3-a152-cce72b1d10df,21c3ce59-4cbc-46f7-8ad5-840fe9b179af,551cbae0-bde2-4b19-8ae2-34290c9db1c6,1,31.39,0
dbc7f303-15ad-4c14-a9dc-209221fcdc29,21c3ce59-4cbc-46f7-8ad5-840fe9b179af,cad92875-65ee-45aa-827b-942de7b6311d,1,46.88,0
4603ed1b-1f9f-4f19-a0d8-7b607bf1ee3d,b316d2d2-fef6-459b-bcd3-8d067b5dd13c,25eeb4e2-473d-464b-acf5-e520f8f40fc6,1,54.22,0
ac7255c8-1f9b-419c-9475-8f7eb771cba8,b316d2d2-fef6-459b-bcd3-8d067b5dd13c,880fe063-0b8c-46a6-9b91-7f1a778e1f68,1,80.63,0
c88794ce-a34b-4ea8-a5df-60db3a2b161d,2f1b884c-673f-4846-965d-cb5c7c1b5bc1,8a3a971f-99d4-4333-98a1-4e385bc79a92,3,112.25,0
49758787-9d5f-4488-95e3-2319d1ecc91c,2f1b884c-673f-4846-965d-cb5c7c1b5bc1,4d347727-59ef-48d1-a0fd-0029f6facc54,2,167.36,0
8a5b6af7-1a7f-4be4-84a5-103f899b6ef5,2f1b884c-673f-4846-965d-cb5c7c1b5bc1,8d30c3ac-62f4-4802-95c3-eda0dfa10c6a,2,886.16,0
ee6c60b2-422c-4ab4-a806-5f1826ea0c43,2f1b884c-673f-4846-965d-cb5c7c1b5bc1,24d05188-3704-41cd-9275-e8360e58ac56,1,211.72,0
40710bdc-6fab-4969-b024-a33df671899f,6b7b7e65-9d31-4f5a-b0b2-a7fed0123c1e,35375c3b-7d3f-4d47-b808-f7ed68113f66,1,65.83,0
499ee02a-fd2b-449d-9c41-35ccc36e77fa,d56aa2a6-29ce-425f-a132-949881c84aa6,feb56069-bd81-424d-a413-9fe54de2cb11,2,1138.06,0
6fa014e1-a141-4b6d-8c0d-e28200c9d07e,d56aa2a6-29ce-425f-a132-949881c84aa6,15c57f76-4e1f-4bd3-83be-2740e605f006,1,72.87,0
9a7cfb45-9c68-4551-9f87-ed753d07f7eb,d56aa2a6-29ce-425f-a132-949881c84aa6,f38062d2-343d-4d66-a938-1353aa1883ed,1,438.73,0
169f7ea9-ae13-4fd3-b423-b04e9d94a55c,d56aa2a6-29ce-425f-a132-949881c84aa6,050d1779-a2ad-4e94-8a82-ee7f9b4fc50a,1,439.9,0
bc6238a3-db87-4a5a-aa6f-c4156a5ac542,d56aa2a6-29ce-425f-a132-949881c84aa6,a673eb9b-5a34-4fd1-89b5-37606f1993ec,1,807.83,0
aa3068e6-4a70-4ae7-b075-d8e6a80a8d62,993c4972-cf70-43cd-ad70-6f3156a7171a,ffbc130e-a9b1-46cc-8920-c78df5f5cf3a,1,1574.81,0
5b738d67-e98f-470e-ac7d-b7e364ab47ea,993c4972-cf70-43cd-ad70-6f3156a7171a,6dc00cf5-f9cb-433d-8b9a-ab3b1ee0f063,1,9.74,0
18381e7f-1bbd-4453-ab42-e1e0540dabf6,a538ebee-e102-41b8-966d-99c8cb60fdac,cd4ea42f-138d-44e4-86ae-7b7b1af9cfd4,1,11.33,26
311c99d4-968d-4fa1-97c1-f332d6d824a6,5bf2c451-e9b2-424c-abe0-458e25f1cc46,65b867dd-7a47-4c95-8127-7da5496ac126,3,108.31,0
6465047c-6d8f-4bc2-8522-d3eaeeb28b70,2f4af09e-17bd-463b-9f37-169386cf64e0,40a52275-89bd-4955-b99f-f5b288d98a67,5,69.73,0
17b916e8-5418-41b3-a9e6-00ba9baed0cb,2f4af09e-17bd-463b-9f37-169386cf64e0,71ac4eb9-272d-40cf-a1d2-612d40fbd73b,1,144.28,0
b4179271-3fe4-4aaa-9706-1fa1cd662e66,2f4af09e-17bd-463b-9f37-169386cf64e0,665ce25f-6939-4664-a82c-82a410a4580e,5,145.0,0
b4b7f733-e4f9-44de-a25d-24a7bc9432e9,2f4af09e-17bd-463b-9f37-169386cf64e0,5a26567a-0b35-4059-a7ac-253c0f06d8ea,2,122.44,0
4d5f0c47-685a-4496-b0e5-d15b20a1309d,2f4af09e-17bd-463b-9f37-169386cf64e0,478025a4-f04b-4eb1-97e5-5380114d1723,1,861.16,0
8cb3d088-290c-41bc-8ff4-2e7b8ad25188,35842c2a-2d4d-4f17-a654-1d20eba5754f,d4f4e90f-9ab7-4c14-9226-4a3ce8501d31,1,503.41,0
eadb6bff-46d0-4f26-8f14-8c2ee2716b56,35842c2a-2d4d-4f17-a654-1d20eba5754f,358b1f7b-0bb9-48f1-b403-c1359d89476b,1,64.14,0
3a1c10f3-ccf1-4fa8-bb08-e254d3893c4f,35842c2a-2d4d-4f17-a654-1d20eba5754f,ee1d5828-4c18-4b4d-8a55-818555dccda8,2,181.16,0
e68d56fa-c99f-4140-93c3-7985787ab780,b94fb235-93b5-4ff3-9d90-b3dc45288595,76977827-cc13-463c-884c-7ce64fe3c847,1,1027.5,0
41b1aaab-8100-48ca-9b36-a984db228061,7277857c-5da5-4af1-b8f2-d8ba5baff904,4e9dd5ec-d7f5-44c0-81ae-2c6fd518c7fb,1,296.51,25
2b2b7574-b90a-4bbc-941f-9165f17a9919,0848d17a-ac46-49ff-b44e-1d3088108bec,2e7da496-c7cc-406c-a80e-c2e423a14bde,1,247.87,0
9b4bb7e7-c84c-4855-a01d-bcc9a0d415c0,0848d17a-ac46-49ff-b44e-1d3088108bec,deea2c32-03d8-4ed8-a397-5b956d633aa2,3,188.25,0
b7ec8406-8da6-46f0-a28c-2437e10eb915,0848d17a-ac46-49ff-b44e-1d3088108bec,24d05188-3704-41cd-9275-e8360e58ac56,1,210.64,0
3b7673a0-d3c2-44d7-95f8-5de9fc039c3c,d7e2ccf6-e34f-4aec-89e4-4d4f23978540,83e2216e-864b-4bac-8582-a2a178aab2ae,2,6.82,0
29c3d668-5661-41b3-9db1-fd802cfa65c3,d7e2ccf6-e34f-4aec-89e4-4d4f23978540,623b7bb2-0fb3-46fa-a0cf-38d1e5dd6b53,4,480.7,0
b8f4e884-905c-4842-a4f7-505efd75d4c5,d7e2ccf6-e34f-4aec-89e4-4d4f23978540,ea5dd571-b7e4-4a84-a33f-55e4cc0f2bb1,1,1209.83,0
971f14ac-5892-4d93-b84b-b90f9426319a,0465458b-d768-4b6d-9fe8-20a7e10b8f60,fdcfd8bd-f475-4dcc-9cc2-cb05ccfa4109,2,17.61,0
3e7c68cf-56a8-4342-b386-4bf4159e130f,e7fdb7a5-3808-47ca-9a8c-6e020b4a0514,ffe70257-51f7-4a8c-b7ca-3f396dcb0a13,1,77.32,0
f51f0856-2c73-4d1e-8405-49e76d2ec4a0,c9bd7b93-044c-4c97-8f52-d555a47f9f20,1b3be6b9-90c5-4f7c-a420-a51f50aad940,1,53.04,0
357349b2-70e4-4adc-99da-5f2e2c851b38,c9bd7b93-044c-4c97-8f52-d555a47f9f20,c73ad742-e805-411f-9db1-962b860c1fa2,1,52.94,0
52ec50af-5742-4035-8797-317385dd80dc,c9bd7b93-044c-4c97-8f52-d555a47f9f20,e8566bb5-e6e7-465c-9404-1231102d0a76,4,267.26,0
ec14ef6e-7f4c-4aa8-a3b5-d9e1a1599010,935993cd-4411-4d9d-99aa-778059175a27,5f830cad-6438-4067-bf40-6a9cdd74cd1a,1,1064.99,0
c2af2cae-d8f8-416b-8093-a0476cc58f70,935993cd-4411-4d9d-99aa-778059175a27,f877f9f2-1006-4f3e-b90d-51e289eba9bd,1,334.98,11
22288aed-b7f5-4210-825a-201cd69b5e34,ad99c11b-2dcb-43fb-b621-54c40c7ee864,6a02a409-c34c-4285-802e-f578a3e80579,1,260.01,0
b39578fa-f745-4991-8d82-6ab4cc3425bd,0672de0b-a66a-4d6c-9e1d-195a35c85ca9,73aafa35-7430-4b6b-88e6-01f9f4a74904,1,153.03,0
a298c31b-f653-4cbd-8402-1fdc9cfcd00a,0672de0b-a66a-4d6c-9e1d-195a35c85ca9,479e7c51-3e48-4092-af60-05457478a89b,2,186.02,0
27032cea-1513-4929-8c31-f3b2e5c8997d,1f351470-2008-4234-bdff-5421ba9e0ba3,2f763095-98fa-4b65-9f6e-466c62bf093a,4,302.53,0
3e998d6b-4100-4ecd-813d-5aed633636c9,1f351470-2008-4234-bdff-5421ba9e0ba3,316bec48-b689-467a-99e0-589abf9f7ac1,2,143.74,0
73b8ef68-45db-4f49-9874-f231370155d5,1f351470-2008-4234-bdff-5421ba9e0ba3,77bc43f6-38c3-4128-b24d-e6b962fc3ab0,1,54.08,0
90882ea2-64c1-4fc5-957b-3908216af706,1f351470-2008-4234-bdff-5421ba9e0ba3,30bc431c-f2e5-4bfa-b853-2b2ff505e6dc,1,17.39,0
31929888-1b45-44da-988e-57741f25974d,fedbc44d-3d66-463d-87d9-f4effde1cd07,63bfac5e-16ea-4d6c-b962-66a09747781b,4,748.57,0
686e32a9-f7cd-413d-96e6-22eb68b2dc9b,c1e8b998-5107-47df-91b0-6429db1b2d98,959777c9-2ec4-409b-9df8-21c065730ddd,2,1037.5,0
361a6e67-5b7d-4827-8e30-d953155c5310,c1e8b998-5107-47df-91b0-6429db1b2d98,981c2fb6-7aba-4942-be61-84674e4e147c,1,31.59,0
f5c7e2e7-9f5c-409a-8b24-04cc9369be95,c1e8b998-5107-47df-91b0-6429db1b2d98,af4e6485-d0bc-4cb6-946e-c21741ed5ede,1,543.22,0
ae44a92b-e8f1-4f66-8ec6-02e0052cd8e0,c1e8b998-5107-47df-91b0-6429db1b2d98,7e6bf78e-4dbb-4ed4-8300-6f616beca6f9,1,26.68,0
29ac9ad4-66e1-4fee-bc6b-71abaa1b1b4e,c1e8b998-5107-47df-91b0-6429db1b2d98,571ada32-c0e9-47eb-9a61-07ea5df94c70,1,141.63,0
f9248b92-6248-411d-b70a-4f4a66986331,7e22bcbe-5d52-4706-8dbf-1546d0beff13,2a85a860-abf8-4c1a-b2ca-a2f8c8ea4315,1,168.22,0
1a29f2ce-c26b-432a-a0d2-d1bc0329e874,7e22bcbe-5d52-4706-8dbf-1546d0beff13,94bc1d09-76c2-437c-8d10-efd549b0ab0c,2,47.21,0
3f9aa064-6d0b-4e01-951e-cebb82d7bd56,9a7ca2c3-5a01-43ce-8cdf-68529712a582,a2036daa-3ac6-4435-8c0a-d73e2e35e54c,5,264.43,0
2d4548b8-1e52-432c-8cff-66670fa5a57e,9a7ca2c3-5a01-43ce-8cdf-68529712a582,71859ce1-be96-40d4-945f-c4c5ddcfce49,2,197.08,0
d24d82ec-46ff-4a81-b174-676feff90be9,3069b559-eeff-407e-a45f-a7346c1ed8e9,1df6b7da-cd78-4af7-8981-a1a569759432,2,141.27,7
ff07e73e-da74-4d49-bdce-f3d2593239fe,0a7bffc9-71d6-49ee-948d-253100dc6cfb,4a0a4799-1a72-49c1-bc52-839e2f3889eb,2,267.04,0
069af0f5-5b13-4aaf-b201-b522b4984394,0a7bffc9-71d6-49ee-948d-253100dc6cfb,610bf6b9-8cbb-46e8-ab72-396be10ff82b,1,130.01,0
b7b7beff-76e3-4cba-a1d4-7000370b1ab2,0a7bffc9-71d6-49ee-948d-253100dc6cfb,f5d09303-317f-4a34-9cd6-05373779ae8c,1,31.33,0
9e7937c4-7cc0-4687-ab8b-47ad85964dba,9009ad7a-7c34-4708-9fcb-fcac8e4b7c82,6bbfcb57-cd96-4cec-9ccb-60b4c5c5de74,2,547.87,0
b6d06e7f-9f0a-4c7f-8f06-d8814af58cfc,9009ad7a-7c34-4708-9fcb-fcac8e4b7c82,f65fa531-ea41-4ca6-9558-3ac00c4320ff,1,666.28,0
5e39bdb5-6380-4f0d-a174-74dbe65156e0,b47b634c-a8b9-4ac5-a39b-407d94e67a58,54be5b5a-9e9b-4020-bb4b-1a5b905676e4,1,1632.57,0
7248d60a-c89e-404b-9f03-4919288272d3,b47b634c-a8b9-4ac5-a39b-407d94e67a58,bf9c65b5-124b-40a7-b200-abd24b134300,1,252.39,0
772e55f5-6954-43ae-9709-5c56ec7fea6c,0f6c276d-8605-416d-afbd-a95565f7d4f1,ec839ca5-f1f0-4ce8-9035-23e507b18498,2,43.83,0
b079ee1a-8be1-49db-b412-d502cd0d9b8f,0f6c276d-8605-416d-afbd-a95565f7d4f1,f42706f1-db2e-4b3c-9dca-0fe9e95d62b2,1,127.0,0
319b8e28-8b79-4d83-bcd1-d1cc2e56a584,0f6c276d-8605-416d-afbd-a95565f7d4f1,0c3e30f6-7fc4-47f4-bfb0-0fa4e10b3b1a,1,65.05,0
b7d74c4b-573e-494b-8a46-177b25a1144f,e8a1bf1f-c600-4d94-aed8-0e974ffd1a36,cdf224e5-e190-4e43-8b00-4a1c150bc716,1,1679.02,0
f996c4ff-835b-4cc5-8dcb-b6bb610f82c6,e8a1bf1f-c600-4d94-aed8-0e974ffd1a36,8448f6c5-8270-4e86-8d34-9eabf2b527fc,2,46.21,0
de39f8dc-a72a-4ff9-9665-9904b9cae989,b93f1963-0f6a-4fc3-a587-bdf0415faa4b,545822b0-a28e-4cb4-bc18-0a17a64e7ee2,1,539.61,0
a3664e7e-e0a9-407f-b786-5920575f6fc3,3dba0a07-2b46-41bf-933c-e19c6445ecad,2fc04706-4b4d-430c-81af-1425e99d3f1c,2,133.83,0
0780694b-9a52-4aef-8e21-e4a590d47843,3dba0a07-2b46-41bf-933c-e19c6445ecad,2dc7d9a1-09fc-430f-955b-de697ca4c770,1,1363.15,0
c6063829-c206-4e79-8009-b0eeb5d66bdf,d18604e1-6e61-430b-bab7-d55d1773dbb8,dafa08ee-6951-44ce-816d-7d37a605bf34,3,2035.57,0
f119bd7b-d363-42d5-a609-5b77a5c7dd8a,d18604e1-6e61-430b-bab7-d55d1773dbb8,1f7342ce-bd76-4533-9590-7f637b082907,1,232.93,0
d4ae3aa2-cc37-4e5e-8e2f-e00402b2f8a4,de3aad18-3675-486c-a743-936690d465dc,17096954-a039-44a6-8232-c47674c86be1,3,366.0,0
f8a2784a-fa97-4c75-aab3-f449f33dd2a1,de3aad18-3675-486c-a743-936690d465dc,6d30390d-7462-456c-9590-7bd8dcabcd53,1,46.54,0
cad9be9b-3b49-428d-88aa-ad27778825a6,de3aad18-3675-486c-a743-936690d465dc,c79fa45e-0084-4894-8b1a-cce64d5be0bf,1,196.56,0
0a2a87ee-8780-404d-998c-6457caa68010,de3aad18-3675-486c-a743-936690d465dc,31bae11e-baa3-4bed-b6a5-07ba82c60eab,1,29.08,0
0fdaf476-69ce-40d1-a997-498dacbbcbf1,de3aad18-3675-486c-a743-936690d465dc,d28b7f07-7674-4c79-bfdc-7803453b6ae2,1,425.9,0
8748e6cd-2615-4fb5-9bfd-976522f2e4d8,a4bcd05b-50c9-4984-9922-6f4ff382f3c1,768bda32-c2e6-4828-ac3c-fba9c78e5af2,5,28.47,0
03764c13-deef-48df-887b-73aa38dcf839,a4bcd05b-50c9-4984-9922-6f4ff382f3c1,74fd4506-fffd-4e01-ac8b-d3991bda2bc0,1,316.51,0
e5104480-8f47-4b52-8338-5f131b2429b4,01f383a4-a46e-4144-957e-203ab9db2c34,5b0f78ac-ff20-4366-a601-fcdc5041f2d8,2,141.55,0
0f6b4967-fc23-4b80-b0be-d0945d1754d5,8e110030-1ee1-4c9c-97a8-d28431bbbdfe,a13b5314-7798-41ba-acdc-6d21cecc333a,2,33.83,20
afb07018-c954-4767-9748-0a55110e139d,8e110030-1ee1-4c9c-97a8-d28431bbbdfe,c60260e4-04e2-4b68-be77-c03f489fa5d9,3,187.19,0
cf2da581-5ecf-4d04-867f-bd89a6f57f6b,fd23edde-9648-43d6-8a06-f95b76e4fa42,b68e5978-8404-49a9-89ce-a507a9a50996,1,18.89,0
d70bfb54-e52c-4793-8711-5d7db69945c1,fd23edde-9648-43d6-8a06-f95b76e4fa42,4b5170fd-b7cd-44ab-ad79-9f6ca2a51995,1,1100.03,0
d3b59387-d291-43b5-a195-cb1dc839d51b,5fdacde3-82e8-43ce-adae-e15306705270,b4679dba-7b7a-4485-912f-264e6eb9b1da,1,63.97,0
09841cd3-8e67-49c1-9de6-26573146ac35,123320a9-6825-4eda-898a-b4f433c14643,dd569c4c-1543-4a25-8932-b838c30952db,1,143.56,0
4f3a49ea-4e3b-4a5c-9485-19ced68698af,123320a9-6825-4eda-898a-b4f433c14643,790ece81-5df2-4848-994e-912957c6117c,1,170.67,0
c2b3e756-5ff4-4590-bf91-acfa94f7e6f8,b56ea4cf-3cbb-48b4-982e-55b0fc3ef89c,8505591f-2d5e-458e-8f3c-33eff8f86cf1,1,77.05,0
467ecb07-3dab-4671-95a4-133742df30fc,b56ea4cf-3cbb-48b4-982e-55b0fc3ef89c,2b1de36a-77ab-48ec-95dc-8d1ee6e39518,3,1547.85,0
b405cb15-7b12-4aea-bf27-b0e16f42fa6e,b56ea4cf-3cbb-48b4-982e-55b0fc3ef89c,2f5cdf30-e8d2-47fb-ac3b-f34a20151a79,3,516.8,0
73f9b566-87b4-454d-9566-b2f25d0201c8,b56ea4cf-3cbb-48b4-982e-55b0fc3ef89c,b023f5ae-fb68-43bb-98da-1adfe2b92321,1,1647.49,0
fc34cfeb-e2a3-4055-8d7a-acfd86323550,451ce0d2-d314-46b5-b62a-eb7f919c87c0,163edf14-da39-4a49-a03f-4cc5866d3358,1,53.83,0
fa8a69e9-1f21-4393-a102-0edf395653e3,451ce0d2-d314-46b5-b62a-eb7f919c87c0,889a2892-1814-4929-b05c-184dfeee0473,2,98.59,0
aae13f99-b3ae-46cf-9179-dc74f8edcb9b,17d60190-f909-4e56-a102-aad9e483bf0c,af6eea75-58ed-49b2-b658-2d936918909a,2,126.33,0
f54cce1c-820c-4cf0-8700-a877bf824290,17d60190-f909-4e56-a102-aad9e483bf0c,47cac046-ab71-41be-ae19-ed5f7748ab4c,1,17.93,0
e9589b50-e0c8-4964-93f1-5448b8e49540,c336f6b6-0fd6-4ac1-a6fa-2981850adbce,ba86ca11-acca-4dc0-aae7-ca29ed56a4bd,1,224.16,0
4530107b-2718-4328-9906-54aedcf99a94,c336f6b6-0fd6-4ac1-a6fa-2981850adbce,06b8445b-54b7-41cb-bb02-d6bcd9fbd2bd,1,43.31,0
090237d9-0564-4452-a98a-c7acf5b744b8,c336f6b6-0fd6-4ac1-a6fa-2981850adbce,7d2080b5-a2aa-4640-a0cd-7161ba885516,2,1270.57,0
2e140dbc-b4ce-482c-941e-0e9ba4790b14,c336f6b6-0fd6-4ac1-a6fa-2981850adbce,11bf4d01-27ca-4b6c-b2a3-90da3287a291,1,699.46,0
3676f966-465e-407c-99b2-dee1c2efde83,c336f6b6-0fd6-4ac1-a6fa-2981850adbce,2ea9b509-f45d-4a24-84fb-5799833c896d,5,169.2,0
8dd441e2-1c05-413a-926c-e5fcc2689274,71bb7c4d-1c2a-468a-a995-36b4cd4c398b,2daad838-6491-4152-8e12-8ae1be2c3dee,4,1607.83,0
91c6c240-9f2f-46f7-a96d-e52ad98db96f,71bb7c4d-1c2a-468a-a995-36b4cd4c398b,5b84a57b-1e8f-4ea4-bb00-84fea8071bf0,4,106.77,0
49f84703-8e84-4358-a5c0-9b0245474861,71bb7c4d-1c2a-468a-a995-36b4cd4c398b,8c3c12d9-ce3b-4035-93dc-664a617f5ce8,1,283.07,0
dc3e45a5-b863-414d-a84a-0d7929f58676,2eb5a071-0006-4d2c-9ad4-17ff2fd763ce,3db8e256-18b4-41f4-81de-25b318e28094,1,456.6,0
59e250e3-971a-4f9a-acf5-c615ded2dcd3,2eb5a071-0006-4d2c-9ad4-17ff2fd763ce,66b0c587-b8f4-48b8-862d-4ef483c3c7c4,2,35.76,0
a4b11f3c-eb48-45d1-b4da-28cc849a4ad9,2eb5a071-0006-4d2c-9ad4-17ff2fd763ce,dbb4f8f7-9b97-4658-bfa5-ab7566c404c7,3,205.24,0
5d0ec9a7-98b0-4c69-960f-4db87de0a9d8,5a63f8e8-796b-4be1-8c7e-2ca5ed8c8353,4519730c-db58-406f-85e2-c74c4315c11e,1,285.11,0
42e3d407-68fe-453f-9961-333a17cd7654,5a63f8e8-796b-4be1-8c7e-2ca5ed8c8353,d2a826c2-c50b-4738-94a9-b66ff6fbda69,1,164.31,0
11f7b39c-abc5-4171-ae0d-9838e58a9920,5a63f8e8-796b-4be1-8c7e-2ca5ed8c8353,4bdb1342-e816-461f-979e-b3d1aaf1977e,1,370.99,0
26131e4c-da32-4bb9-bf09-2ed1a52d603b,a9064eee-8a2f-40da-9975-56cc9329d975,8e3f9b20-fb75-4ba8-9690-aa7acb09171e,1,39.86,0
b2f852aa-e7ed-4d4b-8498-d6493eeb85ba,a9064eee-8a2f-40da-9975-56cc9329d975,aff5bae2-2099-4ace-bf85-8ccd81317aab,1,41.73,0
6bd35540-f821-4d76-aa38-132350a92424,f0bbec15-462e-4102-83fa-e72bc2038ebf,16b128b3-6e26-4771-9ddf-c270f38e9a43,1,157.05,0
37b379ad-d955-4f8e-b3a1-4ac385f65f53,f0bbec15-462e-4102-83fa-e72bc2038ebf,fe0f7249-07f7-4b51-87b7-7954d315a107,1,507.96,0
3b61e52e-22f4-4c50-a547-0e7a52161c1f,f0bbec15-462e-4102-83fa-e72bc2038ebf,3fc95392-cbe2-43db-a153-500164ff5169,1,441.4,0
52f485da-dbdd-42b1-926d-b3dec7c8beaf,b28225ea-2bc3-48f3-b9ad-8f60ac01c1d4,6d13bfc3-17d3-43df-bc4e-f9f8b2ccb903,1,504.47,0
7a4afb07-031e-49f5-be07-ffbb45f29962,b28225ea-2bc3-48f3-b9ad-8f60ac01c1d4,92fadf9c-7762-4716-b945-6365d16e6138,3,683.24,0
d55b17cb-670f-4c41-8fb3-7e2ad774deae,b28225ea-2bc3-48f3-b9ad-8f60ac01c1d4,41f35585-2ff9-4df6-b01a-f5a33a049118,2,113.86,0
e9493e38-70e5-48a4-804c-03ed35b8a522,b28225ea-2bc3-48f3-b9ad-8f60ac01c1d4,652911e3-196b-4a6c-b93c-4bb5e850c738,1,60.64,0
b835ca59-fbc8-4d71-af4b-4eb4aa01b7fb,b28225ea-2bc3-48f3-b9ad-8f60ac01c1d4,65b867dd-7a47-4c95-8127-7da5496ac126,2,98.93,0
93c4ad9f-c607-45ca-aeb9-b9ec63028165,5c8f35f5-46c2-4fdd-b704-c41602c4cc10,b68c0308-8a1f-4585-b4cf-19f9e0abfa1d,2,125.0,11
695634b0-ed75-49ee-8d71-093580e74f04,5c8f35f5-46c2-4fdd-b704-c41602c4cc10,c716602a-af43-49c1-9efe-8c0171df1df5,2,848.19,24
99ea34e0-706f-4f05-9581-ed02bd339621,608a4627-dd26-4f43-a951-2c151181973b,90b251cd-4c5f-4eaf-8d25-78b5da890afb,2,44.83,0
28b301c2-ab0e-4392-8642-494482e61f9a,b1d313e8-755c-4054-a91e-f14d4610b0b7,08e549b2-bae6-442c-b4d4-d91076479896,4,702.59,0
8e8bc45e-006b-4649-8f6e-ae5ccdaae187,b1d313e8-755c-4054-a91e-f14d4610b0b7,c2018b49-88fe-4e91-b869-800179a8dbf1,2,150.43,0
0c3c9936-480c-4aae-abff-81ecb7f8dd7c,b1d313e8-755c-4054-a91e-f14d4610b0b7,467aca91-6628-46bc-975a-46fabede5696,4,437.84,0
c5207da6-1046-4856-999e-c3c92f0f9038,b1d313e8-755c-4054-a91e-f14d4610b0b7,ae88933a-3592-488f-96c3-a8ade8a67eb3,3,79.05,0
dc318721-ff15-47f8-83e0-e8a85f2ce2ab,b1d313e8-755c-4054-a91e-f14d4610b0b7,a00be4c3-aa29-4f37-8474-199b2b4949d2,1,542.65,0
802161f3-dbe5-4a4c-bc8e-4facfd5571ba,e62f14e4-4e59-4155-a00d-f8febeed3601,0aaac99d-3032-42de-9d21-87bb42f0f488,1,1382.95,0
e480355d-12af-48a1-8475-27c00e152d38,e62f14e4-4e59-4155-a00d-f8febeed3601,b9831222-dfe6-4db8-a31d-107fd2b0e47a,2,33.27,0
fd975281-76f0-4a5c-b62a-74e464c0be0c,e62f14e4-4e59-4155-a00d-f8febeed3601,03a2fbf6-2c8b-4938-a881-e45ea5bd563b,3,73.4,0
ff821322-772f-43f2-a9df-98624b0ec41c,e62f14e4-4e59-4155-a00d-f8febeed3601,f7cd21f8-f1cc-4b06-985f-f26ac6b81dc1,1,1095.0,0
0183f02e-5f29-4b92-b6ce-cbeef049618c,e62f14e4-4e59-4155-a00d-f8febeed3601,dd37f0aa-52f3-4e89-a618-e1c8813094aa,4,1647.39,0
a00fffd9-2b5d-463f-8354-1014bae926d6,2580df66-2745-4c87-a556-59ca70a29805,1b25ec21-4075-4961-84b1-1853a9f5f009,2,136.86,0
697e429e-8616-4100-b6b3-23f19316b8a7,2580df66-2745-4c87-a556-59ca70a29805,71ac4eb9-272d-40cf-a1d2-612d40fbd73b,1,132.88,0
96c5c82d-418b-4676-818a-8af226122f84,2580df66-2745-4c87-a556-59ca70a29805,3b2d690c-27d5-4a40-b1b5-45e72c41576d,1,254.9,0
077f6ffc-807a-44d7-b8fc-c6e9dcfb0161,2580df66-2745-4c87-a556-59ca70a29805,4380d1d7-969e-4c87-a6ae-7db06767cfd1,1,193.02,0
84460dd7-4c31-49b0-a5d9-e22ba67ba797,304785de-48ee-4119-99ed-8fefb55439b6,3e0adbef-39c9-45d0-95f0-a1f9a6aa6b2e,1,871.86,0
cf941933-cbc1-49c6-a297-f80b184987b8,304785de-48ee-4119-99ed-8fefb55439b6,1052b28e-5f5e-4eea-bdfd-e81071370bdd,1,1715.49,0
8fdc5556-2431-4242-bbe5-98c034f10f3d,304785de-48ee-4119-99ed-8fefb55439b6,687eaacd-ddb7-42a5-93fc-324b3868b044,2,651.47,0
c067b8b8-ca88-4997-bda8-d005687b8146,b487f0b7-d0a1-4f8a-bbd6-c9985680cb48,2bc594ff-e489-4668-bb41-8101306081d0,1,9.85,0
ddc455e7-2b3a-449a-a93e-9b406766c51f,b487f0b7-d0a1-4f8a-bbd6-c9985680cb48,a094b9d8-cdab-428a-81b5-11b3f1cd4676,2,123.53,0
4533b734-bc61-4fbc-8cde-6b24e086766a,99ccccf1-0d7c-40e1-a9bc-dacb7a1954fa,69d4bca8-7892-4e8a-9401-0108ffa76ae6,1,444.54,13
ee6b3b21-0d1e-4fa1-8904-c405b4ecdaec,0390d8b3-a7c0-4096-ad47-519f814d5e6c,01754f00-5476-46c1-a3fa-1c3743cfdaa6,3,1444.96,0
f0521c79-b28a-4c64-bf72-0f04ebee16f3,0390d8b3-a7c0-4096-ad47-519f814d5e6c,4fe15199-33c7-4305-ba34-c1018fae2ab1,2,98.82,0
d2e708ff-2545-4114-b146-fec289b51f6d,0390d8b3-a7c0-4096-ad47-519f814d5e6c,4b5170fd-b7cd-44ab-ad79-9f6ca2a51995,2,1208.45,0
1f2bd943-12b7-4930-9ff4-6dbd990c0d2a,0390d8b3-a7c0-4096-ad47-519f814d5e6c,4db72133-d74e-4993-b608-166db585ea98,2,273.42,0
db7daa46-6878-4395-a87a-80fa5d1fe31c,0390d8b3-a7c0-4096-ad47-519f814d5e6c,272d55d3-5379-4b44-8c4a-1911685b2571,5,104.63,0
ec1a3ac1-a630-49c7-8bcc-a19b4ec13f3b,d56c56af-4420-4c80-ad08-f263b2966fcd,6d63ece1-20a5-45b3-b425-b1b1c2a20f25,1,492.65,0
270114f9-a927-4aa4-8786-22c274bdcafc,d56c56af-4420-4c80-ad08-f263b2966fcd,6d13bfc3-17d3-43df-bc4e-f9f8b2ccb903,1,455.89,0
3166e36d-0cab-4239-b0f8-5ba58ebb6905,ca8c1d72-e32f-4046-a540-e597add3d340,dce456d0-57e9-4fd3-90a7-2c4ea39e0188,2,1267.42,0
69660e33-b8fb-426a-ad22-b5c8012fd46d,9c5d0ac4-3f20-4afb-80c3-e310f1c83175,684ba694-1f7b-4b94-8650-faa872aa2f3f,1,202.69,0
ccf05201-988a-4136-9dfc-e0626b71b2a6,9c5d0ac4-3f20-4afb-80c3-e310f1c83175,7633a488-dd04-4ddd-8bca-dbb608cab627,2,117.14,0
52b648d6-e98f-4a60-8d3c-4ee4adfb14c8,9c5d0ac4-3f20-4afb-80c3-e310f1c83175,b8d41a34-a7dc-4754-98a0-f0f992ad25ea,1,253.74,0
77a1bed5-5ce2-4a94-a632-fb92e4b07f5c,6449dce0-967c-4dc7-8d5c-6c0b5d3ecd8c,1941dcea-8d3c-441a-b0ab-908ca9fa2926,1,1991.11,0
2101976f-5019-4164-8215-c9766fc52631,6449dce0-967c-4dc7-8d5c-6c0b5d3ecd8c,298c407b-24ed-4e74-b5fb-530248059beb,1,211.79,0
c7b39442-b0d6-422c-9334-082eb5115fa5,46703082-d8a6-4789-892a-111a16b789d4,8a032fc5-7e6a-4e3f-babf-6107c97e2967,3,1386.86,0
6588bddb-4c19-4493-9fa7-a57b1caddab2,46703082-d8a6-4789-892a-111a16b789d4,4710492b-e9f0-43b8-bfc6-a197851aeff7,1,49.49,0
7ab8704c-c05b-46aa-92df-7c4d389b84eb,bea51f99-229c-4110-bdc9-77f9812091c5,27b319e8-c881-4a5a-a9b3-5b729374ea30,2,66.24,0
0df37088-cb69-40a7-8b66-7d301d7fb32d,bea51f99-229c-4110-bdc9-77f9812091c5,bc8f77a2-8b64-49c2-b775-600e01d777a7,2,366.88,0
8801e96a-a3d0-4adf-96cb-6cd3e9b543d9,bea51f99-229c-4110-bdc9-77f9812091c5,d63ebf2c-2390-42aa-8115-37864e097f98,1,109.34,0
ed3329ad-6ce8-4a41-8ed4-4f95e0880006,706560e3-2279-4c8d-a682-d0240bf903d0,4aac0f77-7cea-475b-b51d-5e93481ee098,1,584.27,0
37b78356-5d4a-4e2f-b8b5-28cffa6952ca,706560e3-2279-4c8d-a682-d0240bf903d0,17e76649-fd4e-463e-8a0d-26b2f66712b5,2,309.9,20
5a7ba38a-853b-412b-8c4b-3df4e6559621,0105a463-41ae-41e0-8ba6-67bebb91e0b3,411cd75b-1833-4f03-8673-00092f0c0e21,2,29.34,0
34fdce69-dc2e-40f0-bbe8-2cf67f1be6da,80c8f773-1575-4c83-84ef-e62cfceb72d8,954c0959-85c6-4574-9b61-13ce7edcfd2b,1,251.82,0
abc5661c-389e-40c6-9302-75c2c067690d,80c8f773-1575-4c83-84ef-e62cfceb72d8,e66ebd24-3b2f-43ec-bea7-d5b05300ba10,1,152.19,0
26eb128e-221d-4722-9f38-b09027c9adc0,80c8f773-1575-4c83-84ef-e62cfceb72d8,d9b1d1d0-284b-45e0-b4a3-0c66ef5a0b21,3,61.35,0
a7cf720f-1eeb-42d8-ae23-b51a7dd1b2b2,80c8f773-1575-4c83-84ef-e62cfceb72d8,ca986537-ede5-4836-9f2b-a45da10b37fe,1,510.76,0
40b099a2-7ea7-4f21-9562-6b6eb02b8919,80c8f773-1575-4c83-84ef-e62cfceb72d8,94c59508-1838-4771-806c-edf3d4c2de95,1,72.69,0
85f96969-e3f8-43e6-ad29-519105bd5b69,7dedb6c0-89d6-440b-8c63-8448f000e064,3cad81d2-2cf6-411a-827e-19dc3d9d4fa1,3,35.68,12
2fec05b2-6b45-495d-b92a-fba2b67555fd,7dedb6c0-89d6-440b-8c63-8448f000e064,1cd450be-7235-4a99-bc81-05739bc5eebd,2,118.39,0
21fd2a06-1113-4163-8914-ff5b714200d2,7dedb6c0-89d6-440b-8c63-8448f000e064,b4679dba-7b7a-4485-912f-264e6eb9b1da,2,64.39,0
ba3d93af-c104-4cfa-b635-4fcee6230cdc,e4ca1b55-cda7-48ac-97a6-1c1cd0f185ef,0caafa3a-e804-4fd2-a336-d669f900feb3,1,729.61,0
9bdc074c-13cc-419e-98a2-f6ef61116fe0,3d746e07-5afd-4ca4-abbe-6da2ef4cfee5,8c3c12d9-ce3b-4035-93dc-664a617f5ce8,1,325.4,0
0b3bb8ed-7e4b-4691-8c75-dea4e478ec86,3d746e07-5afd-4ca4-abbe-6da2ef4cfee5,8f3038e6-d7f9-4e75-b17a-8e7b03977f54,1,96.65,0
78327f04-c7e8-4937-90c2-ddca84ae3fba,e84d0c81-d453-476d-8e15-3ae6680aec22,e40adfe0-40c2-40d7-b25a-cce29c44540e,1,747.13,7
ca01a632-b1b4-474c-b583-59f33d367c3d,e84d0c81-d453-476d-8e15-3ae6680aec22,f7dbfee4-7e9d-4a87-baad-db1c927a9028,1,35.31,30
0f27275d-b035-4e0e-8935-5bf075987338,e84d0c81-d453-476d-8e15-3ae6680aec22,9ac9de13-09e9-4752-bc2e-6b612b916878,3,187.47,26
b0815eb4-436e-413b-a296-9a01ead22229,e84d0c81-d453-476d-8e15-3ae6680aec22,3f5bcda3-a005-438c-9a91-e8e1aad58bbc,1,19.22,15
f62d18e8-c752-4f78-aa36-babf667ca327,be1d7774-075f-4cb2-bebb-60c2e0421311,a127bd26-6ca0-45fa-8efa-6c9406074515,1,150.46,0
fe52f4e8-323c-4cc9-9ee2-3bddad12e56a,be1d7774-075f-4cb2-bebb-60c2e0421311,0ca03091-d6c7-499f-8cb8-51ba2ecb0daa,1,382.48,0
d10abb8d-7f78-4dae-8b10-ac7c66055de4,79b1f33f-b8ee-48dd-9685-a1135af5ac26,8091c298-7b14-451c-805a-1acd0e4fda47,2,10.04,0
808123a1-fcae-481b-9ca4-2646a81475a0,f35c7e7b-585a-4e8e-b1f4-fa1e0532cad8,7fe4b399-2c40-43a7-b40c-158322223b4a,1,121.02,0
351c9289-0a81-4d6f-99e3-c9f94e09e285,e02abdfc-0299-41ca-9120-072d4218b58a,69c042f8-5d1c-4480-b6c9-d4c9d192e5fd,1,202.99,0
3fa83399-4ca7-4870-ad4f-572d0c118e41,e02abdfc-0299-41ca-9120-072d4218b58a,23341917-9a08-4d2a-8295-4e1069d553c2,2,11.59,0
ee7a919b-4406-432a-ad64-8c0304b9dce8,3a90c406-37af-495c-9881-034f79b86f38,1e8c7925-e343-409f-9335-9bd7b946561c,2,1290.29,0
9aedadcb-2bb9-4908-ad59-5a676191878a,29c4378f-3a15-41ff-a63d-f43a54943cc3,09e47dbf-d525-4747-a9ce-3308c060942c,1,415.92,0
25107078-3527-4725-b03b-80b2c8e39d43,1fdb110d-d78b-4c67-9ca7-91528f14a176,ef7b41ea-e906-440a-8821-4e6cc2724644,1,1280.1,0
e5f90def-58a1-48ea-971d-7e41cad35ab5,1fdb110d-d78b-4c67-9ca7-91528f14a176,f8629927-dbba-4d2f-a783-9c1c98929a5a,1,189.96,0
a198fa00-7688-4f49-a067-81e4381d7b2c,1fdb110d-d78b-4c67-9ca7-91528f14a176,fe8cc32e-4d3f-4766-98c7-d1f69eee376a,1,1014.03,0
cfb0c58d-fd3b-4137-91a5-c1f6122159df,aad0285b-e19d-48b6-9ea3-b2d9f8cb0960,1112504e-5497-44e9-b27c-d64805eb9089,1,1754.67,0
ec594e2e-f054-4821-af63-44eea5e7404e,aad0285b-e19d-48b6-9ea3-b2d9f8cb0960,1241a0cc-c6da-4765-8fef-416fef21b1e4,2,41.62,0
7b2a5809-ac93-404f-ac6b-8fd41eed4578,aad0285b-e19d-48b6-9ea3-b2d9f8cb0960,93f78ecc-daf2-45ed-af38-56d3e1134df1,1,60.0,0
daa272fc-354e-4074-8968-5e7d9d7b6531,aad0285b-e19d-48b6-9ea3-b2d9f8cb0960,3e881a87-2d1c-40f1-820f-2053dc125f8a,2,936.61,0
4c2c0fa5-1cfa-437c-9414-7ac926d6f82f,aad0285b-e19d-48b6-9ea3-b2d9f8cb0960,379c50a5-e527-4182-8939-0aa11c10b9dc,4,67.85,0
eb3c65b4-141d-4a05-a6dd-a48cea9d8a24,7f15284e-8b6b-4f02-bb5a-69ba537f4aeb,8964a47e-7612-45f4-b131-962102dbb301,1,162.73,0
c968740b-df54-46e9-8594-a796eaa6f090,7f15284e-8b6b-4f02-bb5a-69ba537f4aeb,3ff07f8a-a637-4268-8be3-4e01a581e014,1,856.49,0
35e2afdf-d9a8-4f11-8cdb-2acbccb9d9eb,e682125b-fbaa-491b-bb24-0f67a498dd94,4d0e1688-bb18-45ea-9eaf-0b2fb473b00a,1,70.82,0
f7ff5451-f2a3-4041-9ace-b68a355f652c,e682125b-fbaa-491b-bb24-0f67a498dd94,710dfbd7-7765-4436-b4d3-532140b98633,1,1981.71,0
ae76ab76-b96c-4973-a02b-5f132c12d896,18096b7a-0b68-4ed2-a9d2-254f7668e78f,587fe3e1-8de9-4812-8fce-48d10dea4eea,1,119.17,9
36a217e6-b738-4871-be76-1b23469a6bc6,18096b7a-0b68-4ed2-a9d2-254f7668e78f,8a9d0d5d-ce0d-415d-bc41-f12564a0bdae,1,1976.24,0
dcf8469c-4109-4dec-9038-b01c49a9b95d,734b2ded-30fb-49a9-9e83-e8c2c79787f6,704ccfbb-0f52-45fa-9b08-f642a1ad0731,1,14.11,0
c2338327-9357-4545-a7a4-2f62f2c7bb82,734b2ded-30fb-49a9-9e83-e8c2c79787f6,3a1c065d-139a-4c8a-820a-2f535e321cc4,1,37.6,0
34fbaf37-dda4-49b4-aad3-74fccdce15c0,6846cde9-fb77-4c6a-9fc7-005b34bb3972,c0264dee-8c9e-4d88-beea-8b86ab8f3e31,1,34.45,0
926560d3-5b60-4405-a8d4-87b6b436eb9b,6846cde9-fb77-4c6a-9fc7-005b34bb3972,54ab7ea9-7930-420a-a451-9c26af3c6711,1,1173.66,0
2ae08ecc-cb1c-4b18-9113-abc8c457f699,59f136b5-fd1e-4cef-b111-db6ed2b491b2,5a144639-eaca-4e92-9966-683c6a3bda14,1,160.14,0
ec3e84da-a5e9-44cc-bc04-7b9ed8cca091,59f136b5-fd1e-4cef-b111-db6ed2b491b2,e7c7ff64-53f2-4dcd-971a-b2a037ca2ae2,1,43.22,0
32fe4908-0d5e-4fc2-bca3-02910d338549,59f136b5-fd1e-4cef-b111-db6ed2b491b2,462f313c-2a97-43f2-b122-ecba66af597e,1,30.94,0
36bdd3f8-263c-484f-9fc9-ebd44a5ec3c8,59f136b5-fd1e-4cef-b111-db6ed2b491b2,c9470bce-9112-4897-bd52-9c43ee7abfae,4,82.79,0
ea16fbbd-04ed-4232-867a-9a442e8525a8,14d90df2-e106-47d2-b2aa-2e379bc6e154,cc3e147a-c43f-40db-a4aa-a74ffcb6de85,4,86.41,0
46ad1cc9-56f1-4129-a223-6a8f929d8c0c,e9fd22b0-a5b5-40d4-9934-3c46489cf401,3f5bcda3-a005-438c-9a91-e8e1aad58bbc,2,16.8,0
dfbd798e-9754-41d4-b9a6-033daa344286,e9fd22b0-a5b5-40d4-9934-3c46489cf401,f7dadf08-5a80-4bde-825d-32f245fb280e,2,129.07,0
0aee5731-c119-4405-b75f-1a42832ed035,c94b5860-7fe8-4dc8-98b6-3c80fa1de6cd,e728dbb1-387f-442b-bacf-e5aa5adc53bb,1,114.74,0
17f0bd28-0871-4607-a853-e5897ce0d143,c94b5860-7fe8-4dc8-98b6-3c80fa1de6cd,0a255225-908a-4aaa-9a86-c8e28f4a94a4,2,64.61,0
974889b5-3c0c-4136-a658-9d9c736ba04f,c94b5860-7fe8-4dc8-98b6-3c80fa1de6cd,0bedf85f-ebf9-4431-9bc8-301fde11a540,1,998.77,0
10900973-95b5-47cf-b263-eb58f3bb9c88,c94b5860-7fe8-4dc8-98b6-3c80fa1de6cd,3b854c89-b9cc-452f-a673-96b44a54f876,4,50.1,0
3d88a188-bbb1-455b-8587-53294cdc5a92,e7bb7585-d35b-420e-93e5-809c1b0ca8e3,fd1e3ed4-1d52-4666-aacc-605135449910,2,102.99,0
e76ea1e8-183f-4cf7-8e56-0b76b875cd4f,34bf65b9-64f3-472d-9a5e-193598b476a0,1a9ca583-ed02-4c8d-9219-43d009ad7228,4,1595.63,0
78f366ac-0536-4829-a771-3a66165e3523,2b37a4b5-d0fa-4f7b-847f-98f708f91a3c,9210fcd6-9e03-4d9f-bde9-84700ac3d939,1,42.47,0
489d92cb-9ef6-4654-bf10-d420bdb6ec74,77d15488-fd66-4280-b6fb-81f1ef19bb78,7e8442b2-57ae-49ee-aea5-76023ca3f8f4,1,60.28,0
075dfd8b-2525-4bdf-8395-95d7c395b00f,77d15488-fd66-4280-b6fb-81f1ef19bb78,af0ca55b-73b4-407c-a25e-4726cc19ccb8,2,47.77,0
afded84a-9f88-4521-b239-806eabc4accf,77d15488-fd66-4280-b6fb-81f1ef19bb78,482f9924-6d6e-428d-a365-be37572452a9,2,1772.08,0
475e2c51-fd40-42c0-9f7e-e811e46c0893,6b2fa69e-38a1-448c-a773-09e7c8ed2a0f,2ff22409-0545-4bad-8412-c222463ae89e,1,92.14,0
2e4f57f6-3d48-4807-8acf-2e5b49ca3d43,6b2fa69e-38a1-448c-a773-09e7c8ed2a0f,8f822177-111f-47fb-87de-04ebb3f36f51,1,116.2,0
c1ce9d75-174e-44e4-bec8-9c94210d72f2,79d99bde-1b93-469b-8c13-49cdc0eefcb4,ad35fbad-97d8-4fd9-b2b7-016351e021f8,1,49.16,0
e8953aa2-59ef-4cf1-b86c-905bca638dcd,79d99bde-1b93-469b-8c13-49cdc0eefcb4,4613f72d-d39c-4fe5-94a2-9977bb557671,1,44.33,0
785dace6-ca13-43ae-849f-8f94990e86b2,79d99bde-1b93-469b-8c13-49cdc0eefcb4,a776cb1a-6c67-4df6-9245-db12344aaf3d,1,229.04,0
8a24ecc3-d0dc-4d01-b85e-5743e0df14f6,adceb1cc-de63-4a78-8aa5-6d95329459b6,23ca7fcf-27a9-430c-83df-59b8fecdd3ce,2,405.88,0
a866d50c-df98-40c3-9550-02e46b8cae32,adceb1cc-de63-4a78-8aa5-6d95329459b6,f8a1f413-1ef2-4f84-9817-34eb5daa52b6,2,23.68,0
a6fad683-c2eb-4555-81db-372632d97806,adceb1cc-de63-4a78-8aa5-6d95329459b6,d27222e7-622c-4584-9cb9-0b12f57386b2,2,129.49,0
46e899b3-8e8b-47de-a56b-c16964e8d126,6da8eee6-f368-4e9a-9c82-1828e414e6f6,71088358-59ee-4ee0-8947-9d95e0053846,1,62.58,0
a8aece16-6293-4c3f-9afa-1fef18e25cc4,6da8eee6-f368-4e9a-9c82-1828e414e6f6,8b049b0c-acc2-417e-85ee-0fd1eaa51cad,2,16.71,0
b0d63470-3c79-4d05-ac60-710c5a20fce4,5b66625d-b694-4502-b31a-0cf3ae1ab590,21d37ce0-9322-450b-95d4-e92b7af16b8e,2,49.64,0
3f4cdc13-8073-4026-9b45-dfddb04090a9,a0ba390c-913b-4d5c-9bd5-5ec162ec18f5,63b5fc34-c28b-425f-8887-723f116281b4,1,441.03,0
ff6fdbb2-5576-4ef8-ba5b-6a23ea4148ce,933b6ef2-6156-4d14-9b98-245fb7102f6a,36daaee5-9f83-4692-8358-dc735530f27e,2,20.16,0
c2cb5e35-e740-4203-853a-2169ed2ff63e,dab41d28-af55-4e38-87a9-096a1285278d,ed685104-907f-425d-857b-aa002c28cea5,1,233.89,0
4e024acb-ad64-43da-bd78-c57d797cfce8,dab41d28-af55-4e38-87a9-096a1285278d,d72c859c-495e-4a4b-be31-64d400de70f2,1,157.28,0
177343a4-f377-46a1-9d06-c6fb44f3dc90,dab41d28-af55-4e38-87a9-096a1285278d,bf9c65b5-124b-40a7-b200-abd24b134300,1,227.83,0
01e5ea3c-08db-4e71-ba2d-2b1ec2541eba,dab41d28-af55-4e38-87a9-096a1285278d,4cd84239-b701-40d8-a672-b7383207336b,2,38.09,0
7ce20f6c-1975-4e40-bd5e-35356bf48939,dab41d28-af55-4e38-87a9-096a1285278d,db46418b-711b-4e6b-b34c-7d4ee8a4caae,2,55.31,0
2d31f9a4-105e-4b5e-9f2c-1bd923273690,ff1b95da-feb1-48c5-932a-0ecfaa323469,79a52d4e-660f-4038-b693-f35ff6a0a9cc,1,146.29,0
2590837e-c0c0-40a6-9494-b509f22fd012,2b151821-9dcc-4c19-8ff0-a6dd80ed2f62,b72759a1-9eb7-4f90-b157-f2a89dd39e32,2,1852.63,0
0c354dc0-93c4-4817-aaac-5060aa176a6c,2b151821-9dcc-4c19-8ff0-a6dd80ed2f62,5337f606-62da-4029-a46e-74a682460439,1,30.38,0
c999da49-03b1-43a1-8aa3-dd1094da8e12,2b151821-9dcc-4c19-8ff0-a6dd80ed2f62,5924cbf9-5404-40f6-8dd0-bfa091e748a2,3,121.18,0
20e61bc9-ca54-448f-97a5-cb7e84fe9ca1,ac93f2ee-b156-4b96-997d-d7e32c5d54b2,b90fd91b-02f9-418a-b0b8-4d268549a3e9,4,126.33,0
58c7be2f-508c-4d36-90ea-70b3e471ba6d,ac93f2ee-b156-4b96-997d-d7e32c5d54b2,c60260e4-04e2-4b68-be77-c03f489fa5d9,1,192.47,7
aa368c90-b66a-4673-9c1c-904b0c24e3f6,ede029f3-6474-4359-81b0-72a92c7931f6,2ff0047c-4379-4749-8eb5-eeccf3e9fc45,3,39.16,0
8c32cd25-483b-48d7-9223-4491be842e35,ede029f3-6474-4359-81b0-72a92c7931f6,8da8bf83-5f73-4931-bd44-3821de79f904,1,38.81,0
99838154-0dd3-44aa-9360-5db56d8aa3ff,8ed54d32-d371-490b-8486-c60f3f72c279,9297fc53-d5da-421a-974c-5b2bd491a9aa,2,25.31,0
c0995a0e-7b3c-4b02-95bf-d926e4b111b2,8ed54d32-d371-490b-8486-c60f3f72c279,681c2597-f68d-490e-8927-b46325441c1e,1,17.2,0
b6e10c25-055f-4559-b1c1-4cc971a08a77,8ed54d32-d371-490b-8486-c60f3f72c279,feb7ae20-3f53-4d99-8e05-9e243a451c1d,3,12.16,0
7a483da9-c95e-4aed-9c0a-a64685b970e7,0df68eba-7309-4333-a8ed-33257787aef8,f9cb4219-06b4-4244-8c83-cc266adc7be8,1,41.66,0
bb468f5e-07ed-4010-ab7a-575c8f812982,0df68eba-7309-4333-a8ed-33257787aef8,f6dbe727-8761-49e2-93af-b97e155a577d,2,278.64,0
68e6f8ef-2ee1-44cc-afc9-19b945cc33e1,7d3abd79-18b4-48c5-9e6b-201a73c2a8c4,3d8b3bde-cfe9-4390-9f39-f4bfbc5a8255,3,69.42,0
9ddca976-81bc-479a-96f3-5fa23a98004f,7d3abd79-18b4-48c5-9e6b-201a73c2a8c4,a34aa732-5de4-4db4-bac5-f082ae71f1af,1,563.46,5
2b9b3ef5-1029-4687-95b5-00369d1f9c5a,9cb24cf6-731a-4ce8-952e-89762ba4b93d,56233376-450f-4b50-9b8c-d5f423e0eb51,2,181.17,0
e091fc9b-4032-47fa-9496-39623b4fd31d,9cb24cf6-731a-4ce8-952e-89762ba4b93d,1e0944a4-9945-4654-a207-4faafa7aae19,1,49.99,0
87be561d-ae01-44ba-a1a7-fb5e79fcb5f6,9cb24cf6-731a-4ce8-952e-89762ba4b93d,3f7f1d9f-804a-4500-86ce-41acefc86967,3,86.76,0
ca3234e2-d080-49c9-87c1-a48c14d73b2e,9cb24cf6-731a-4ce8-952e-89762ba4b93d,83d20b09-ac2e-416a-816f-1fb3de14c6fd,1,613.05,0
3bc9d589-8fba-4289-b063-cd92ba1c0619,9cb24cf6-731a-4ce8-952e-89762ba4b93d,d197ebb2-1101-48c0-8a1e-1e7a634e5d1a,3,756.72,0
997e1644-f97d-4a61-8730-bf5107acce48,e4a0472b-77c4-472a-8a3c-be3ae08a2f3a,4beff2d7-75b5-49e6-8d69-522ba38fcf2a,1,87.08,0
c4710a81-4620-4ec4-90ee-a8bfa2882612,e4a0472b-77c4-472a-8a3c-be3ae08a2f3a,210b2b55-d9ee-4cfa-9008-83c47df467df,1,175.4,0
e0f9e396-cc5a-433c-ba40-5ef587aecbb0,3c8388ad-8bc7-4428-93d4-c3f4d25cd77a,0230da16-e620-4c3c-a6a4-1f6e3fd6dc24,1,950.0,0
445e4279-61bb-4fee-b35e-563ce624f114,3c8388ad-8bc7-4428-93d4-c3f4d25cd77a,1f346ef5-5cdd-4483-9c38-35d0570898f1,1,13.93,0
ac432976-eee9-4684-90ff-563d0050c45a,9ce50ba4-7eaf-4824-9427-9b5127aee171,13ed7bfb-0103-4db2-8806-8b68aaa0d5c9,1,290.92,0
e3e89c12-df7b-4db6-a97b-808ce5461aba,5b36838b-9dc9-4ea1-a6f3-90e5d6ab3261,b6fdd939-43f1-4e32-803c-51e15096ecb9,1,218.81,0
bb4ba114-c310-4249-bdb4-f1b984b9e178,5b36838b-9dc9-4ea1-a6f3-90e5d6ab3261,9e23dca7-838b-4049-b039-6a97fb681db7,1,790.96,0
8369c3c1-fb23-4ef3-a2f2-69da90bc0af8,cec65f45-6d25-43f0-9119-30c143783644,112673dc-7d60-48f7-8505-44671952de96,1,360.41,0
75672e1b-dc3f-4816-a69a-641fefaf715f,cec65f45-6d25-43f0-9119-30c143783644,c8bce8dd-2f16-4505-bdd7-bfe67c95b439,3,74.6,0
d350e2cd-6c23-491d-b2a7-639dfc23a864,cec65f45-6d25-43f0-9119-30c143783644,01cbf89f-a17d-46a8-9846-c8804fea7187,1,24.7,0
883c2e8b-93d0-4ada-ae0e-9a4ea28f5c0d,9d4b5420-6caa-411b-b38b-c47598b9a7b5,76c6ecfb-3d8a-4492-95e8-6602babd9a95,2,160.33,0
9b795b7f-cd25-4e33-b6e3-c11c6a952175,7aecd19c-fbf2-4f57-be65-eb588561b8fd,741ee682-f844-497a-8d72-7b2a00222a10,1,15.22,0
dde04835-99ed-4114-9859-c1bacbfcc92e,7aecd19c-fbf2-4f57-be65-eb588561b8fd,a67c51a0-8b68-4c49-b41e-7d21913d10a1,1,200.61,0
2d470314-acda-4d0d-b1a4-b260fa8e90dd,7aecd19c-fbf2-4f57-be65-eb588561b8fd,3f6b426a-0320-4e7d-8686-4e79a52dc48f,2,57.11,0
1a447566-a838-4e0b-8655-af7344b7c3ad,d958a7f5-157d-4a0f-a6b8-9784645750d6,00d74cfd-b084-4cd2-b905-ad8177b042ce,1,1802.93,0
2a826856-2441-4cb7-a5b0-bb6f215f4587,d958a7f5-157d-4a0f-a6b8-9784645750d6,1395e721-5687-4c31-8be3-5d605f473f4a,1,206.7,0
cc297ea1-ba49-4a42-b8de-f2214c977bb4,d958a7f5-157d-4a0f-a6b8-9784645750d6,dc0f946d-8a77-4484-a7b2-9f96f8c851d9,2,100.11,0
641c50ef-ff03-460d-a4b1-36c3450722a9,f2622c2b-9f4e-4841-b5c5-65a59e15279a,b156c971-b751-44a7-a920-8ff2227e1816,1,49.45,0
c1695e7d-0651-4d85-b7f2-ce68abd011e0,f2622c2b-9f4e-4841-b5c5-65a59e15279a,92fadf9c-7762-4716-b945-6365d16e6138,3,756.03,0
2826e20c-b3f6-454e-8b95-a5f49eaeea82,f2622c2b-9f4e-4841-b5c5-65a59e15279a,5fe816b0-8b85-4a39-bd0e-de514fb90b46,1,202.83,0
c8adfaca-0c49-4482-863f-3e3cb86eed3b,308ab177-dc73-4091-8d20-fa5c54622afb,ca1c0bca-a7ef-4e78-9832-ccd3c26eeced,1,12.44,0
8bc9d7c8-6124-4364-80a1-766467b25166,308ab177-dc73-4091-8d20-fa5c54622afb,cd430abf-45fc-4ac6-9905-14b990e51ac7,3,182.58,0
961ec0e3-0a85-4f32-b791-85e581570a90,308ab177-dc73-4091-8d20-fa5c54622afb,16f3fb1b-a4e1-43f2-9d0e-e98b0e124317,2,14.48,0
1343073e-d7ec-4dc5-8948-672560903b65,308ab177-dc73-4091-8d20-fa5c54622afb,efce3bcf-ba1f-4080-8e3f-27ec8e9785d3,1,74.49,0
629070c3-b8e4-487a-8c8b-de0ea8c3893d,5fc9fad8-f65a-42f0-81fd-8f5072f48d42,ed2e1369-1eb6-48df-9714-2f2a06a63bbd,3,1210.73,12
3d7a61ef-7136-4630-a2f9-0d939fe77f31,7486f3c7-e83b-4461-bf12-10f01aec534a,cf7e438d-7c63-4731-8524-beab85415f54,1,217.59,0
fc664bf8-9c1b-41b9-b40a-943f69be9f6d,7486f3c7-e83b-4461-bf12-10f01aec534a,c810608b-87b1-4d88-9c02-e9630e3aa59f,2,25.37,9
5aedb900-6c82-4454-aaff-315d7a899792,7486f3c7-e83b-4461-bf12-10f01aec534a,148c5f33-84e2-455b-a881-e906a101ec10,2,341.22,0
37c09d83-587d-4929-91d7-8130ab9eb627,40ec613d-2272-497f-aee4-8cedbff2e57a,3e8b0322-d917-4c41-b480-c1c6b4027a01,2,182.53,0
9f76da6d-bfdd-4208-9782-1b32b48f30b8,40ec613d-2272-497f-aee4-8cedbff2e57a,d322332f-59d8-45ea-a955-6bf93ea758e5,3,38.97,0
ba2edc3f-3cb3-4ba6-8332-2c51f46c0fdd,40ec613d-2272-497f-aee4-8cedbff2e57a,3007bd3e-84f3-44d0-a149-8e1696982cdc,1,50.28,0
b1bc2143-890a-49e0-ab90-eb7eefdf5e2d,17f5ba04-a737-4669-b40e-929695d60679,81614cd7-0264-4cfe-9c0e-2333ab6609e6,1,6.19,0
384f03f9-1455-47f7-93d2-65d4f7ea6f1f,17f5ba04-a737-4669-b40e-929695d60679,a342c02c-1a77-4f91-a0a8-b1f1155248a3,2,1467.6,0
381ef33b-07e7-44d9-9735-e16a83db2812,6a226cb3-1930-441e-8fc0-de41bc686129,4c1ed3b7-dfe4-4ffd-9e13-7422c1144974,1,12.83,0
c5f2fa0e-f190-4f13-a89b-db0b20192bd2,6a226cb3-1930-441e-8fc0-de41bc686129,2deaa433-6135-425b-8c12-81954ea019e1,2,124.28,0
efcd9c88-b5f4-4188-9680-052e9ce2fd94,6a226cb3-1930-441e-8fc0-de41bc686129,0adc48e0-4eb9-4281-9eab-2dcdb1d8387d,2,1011.0,0
8365affc-3137-4d30-8288-ed7b20fa3cd4,d3d9da20-ec8e-4700-a3a8-4290f4b38811,3271d51d-2d92-4d3e-ab4d-afc517bbc1e5,1,26.21,0
0e44f379-d166-451a-9f18-90a7fca749f4,64e570f6-2505-4a4f-b6e4-60ad8ccf60c6,4c5f966d-4130-4098-8b67-eb35cea6b07e,1,267.34,0
8cbf9ad2-1dad-4536-a9ec-852ca0a8ce23,64e570f6-2505-4a4f-b6e4-60ad8ccf60c6,fff2426b-1bc4-4831-8732-57434c714c70,1,315.57,0
1d61f5d2-da39-4ba2-a297-40488202874f,49a0a445-7f4c-4526-b8d3-44c63f45e42b,4536d8bf-5924-43ae-bd12-f86176386563,2,277.21,0
55d96ac6-2396-46e1-a1ee-09f8b176ccda,49a0a445-7f4c-4526-b8d3-44c63f45e42b,eea61910-eb41-4516-8855-4a7c01e4c75f,2,301.32,8
366a7a43-6e34-497c-9919-f3d9a18696d3,49a0a445-7f4c-4526-b8d3-44c63f45e42b,7baa3e98-e3a0-475b-a4a9-20f78072e4f5,2,107.5,13
60707e7e-0741-4c01-a757-81d9dd7b5e28,49a0a445-7f4c-4526-b8d3-44c63f45e42b,b11d4d14-6335-4fdb-8a13-3f55d5244617,2,489.7,0
e18feaa7-ffb3-4b79-abfb-f3a674b59af8,a2b011e9-d180-455e-9eaf-52117a568b61,2dcade8c-9b85-45e5-8a12-7a4627a92ce7,2,75.66,0
c2858783-ceb9-40f8-9777-5c372969060a,a2b011e9-d180-455e-9eaf-52117a568b61,07ccc8b9-2809-43fa-966f-d28c5d7d8b73,3,25.15,0
4bf80f10-1511-4e7a-8fd7-1920282fc113,a2b011e9-d180-455e-9eaf-52117a568b61,9293344b-86e3-4f22-94d1-699f67c37e39,1,29.88,0
8ee30fa5-e84b-4603-a3dc-e64b0bda1777,6032fd87-d55f-4f24-a469-76aab188e279,c402c37f-2d85-44ef-b0b3-8c7ffab4688d,1,771.1,0
2f5d5dff-3882-41cd-aeb2-4febc3fd6f46,6032fd87-d55f-4f24-a469-76aab188e279,ec8116d3-83c2-4b9f-b16d-0d98f65866b4,1,87.42,0
34cd73b2-b439-406f-8bb9-d9baf308d76c,6032fd87-d55f-4f24-a469-76aab188e279,b48fcaca-0ddc-4102-b162-b0595282caa8,1,107.32,0
d7ecdc43-1327-4858-a705-f148b11ae628,65a7dba5-31d3-4500-be16-7f4f5351a6e9,c2be51ac-3174-4f9a-a0d3-5caf0f251bce,3,1743.2,0
01db3b77-38db-4632-a6b6-efae5d28c377,65a7dba5-31d3-4500-be16-7f4f5351a6e9,d39bfd41-4a0b-44e5-979d-cd27ebca0884,2,60.49,0
e1d3cc61-b02c-40de-9ac8-622cfd1e4244,65a7dba5-31d3-4500-be16-7f4f5351a6e9,ec839ca5-f1f0-4ce8-9035-23e507b18498,2,51.6,0
75686186-ef20-4f60-bcee-b039622a085e,0a6deeb8-16b5-48f3-8d7c-9c69c39c5607,5676b622-7550-4404-a2ab-14d0e3c0274d,2,34.76,8
99c3140b-863a-47bd-8563-915a36115a93,0a6deeb8-16b5-48f3-8d7c-9c69c39c5607,a5e2b67f-e3de-4ccc-a1d8-857dc3576311,2,33.72,5
0a2e7e00-6e39-4134-bb1d-2e49cda56a6f,e360c8c0-3f14-49a2-8df3-f3e0975a37c3,3c537340-abe0-4de2-acda-275f745c2d78,2,1883.63,0
39414a79-23a6-4a25-93c6-485d1dbdf25a,e360c8c0-3f14-49a2-8df3-f3e0975a37c3,0628c964-b332-4612-b223-962a692b4513,1,341.51,0
b8dce469-434f-47ce-a67b-02675911ee8c,e360c8c0-3f14-49a2-8df3-f3e0975a37c3,3bccbfff-4e39-4429-ab5f-9f789db59035,4,406.28,0
9da76b01-8422-4f53-9f72-0c3109e68163,9577048f-53bc-4275-9332-52b0bc60be66,eb7e7e99-ac2f-4868-a7e5-f01b8e8f1e7d,4,1110.94,0
82ca23f4-531f-4f6b-bd8b-5f3ed08843d4,9577048f-53bc-4275-9332-52b0bc60be66,64aa989c-efdf-43de-8d73-9ffea197f541,2,80.54,0
72183515-ef24-44e6-b4c0-179f94862abf,9577048f-53bc-4275-9332-52b0bc60be66,15ad11e5-2586-4684-96a7-f1ecc822da8c,1,22.81,0
4f7fb8b4-f609-4a29-9291-78d9e3abfeb9,9577048f-53bc-4275-9332-52b0bc60be66,9b118534-607b-4056-ba58-a5d9de5cba58,2,92.68,0
64779f7a-6608-4c4a-8e7b-4aa88d636d57,9577048f-53bc-4275-9332-52b0bc60be66,61c4947c-c73f-445f-9c3a-b75a06aefc7d,3,2304.97,0
48a9a74f-8b59-482d-a647-6c68c9cb672b,747b1e5e-2dec-46ae-8f12-213288414c7e,04d1659b-9962-4a92-883b-fa73ac07a0df,2,396.1,28
ee1bc9cb-402e-432b-a0c9-8996c16db3f1,747b1e5e-2dec-46ae-8f12-213288414c7e,0aaf2819-43ad-447c-91c9-9e7b34bbc11a,1,1332.57,24
031ea5c4-98e7-4c7c-a2a1-90f6caa6137d,2b3a8ac3-64d7-41bb-9719-60595ec08e63,b5e9a991-b64f-4ab1-ab03-fc13e6b92d21,1,1769.37,0
590e6abd-5721-4938-8a82-4bad81be8d9a,2b3a8ac3-64d7-41bb-9719-60595ec08e63,b2667b94-3913-4ad2-ad34-ac5fadaa4186,2,808.24,0
00e12297-0422-4106-9347-ef3874bcab6a,38826120-7a7c-4381-90b9-79b9be26eb7a,af3be430-c7c7-474e-b278-a7bcb1202ed9,2,101.38,0
8c4955fd-8334-4053-b7f4-1b50fae6e534,e7c10b30-e708-4dac-9b07-6bb8153b5891,8ae383d1-2e3a-4888-b0c4-28e2ec3ec951,1,36.2,0
385f162d-789a-4095-8516-3b1b44bc3e16,f4b6204d-e71a-473f-8c34-f61a08e799da,47eecbb0-9398-4c34-8218-98c1bc31fc12,1,232.01,0
9d5b2db0-8e9b-459d-90e8-2fb870615512,a26280fb-1574-4cdd-9ace-ffc112dde8e2,4b18fa0c-424c-41b8-a373-60da85bc9f6a,2,907.05,0
941ab0e4-bfa2-4f7e-b1ce-352022d4e5aa,a26280fb-1574-4cdd-9ace-ffc112dde8e2,5de77363-8168-4d81-9d04-147f9b19d63f,1,30.45,0
e0bf53e8-3715-4a70-a4f1-532e1e978687,de5ba33e-715e-4867-9d8e-1e9219ad289a,f9b87f19-3187-40da-afa3-9f55d58eb554,1,143.16,0
0483a446-05df-4885-8d88-2546132c6105,de5ba33e-715e-4867-9d8e-1e9219ad289a,0461e418-f8b3-47d2-8093-946f584a11d8,1,1801.05,0
0765e1e1-5cce-4b5b-a025-9a7a5b4f1136,829b476f-0c2a-42e1-9be4-98e43ad3d1cc,f277529b-a604-4cfc-ab34-473df5e97a9c,2,741.37,0
4eaf066f-2a51-4a16-97ee-4eb1f73984fe,6474f530-31f1-4f62-afab-96ef482d219d,0cd7f209-c3f5-49b6-b805-9319ab71a3ab,2,1778.54,0
05bc0fb6-936b-41a9-a391-2f95729b7d65,6474f530-31f1-4f62-afab-96ef482d219d,a314f70f-1261-47c0-b067-36d04ff98ab2,1,23.75,0
68c5bc50-2ed1-4642-81ca-cdcd07780e22,6474f530-31f1-4f62-afab-96ef482d219d,5616e7c5-26c9-4306-a404-5187f6afe3f1,3,463.31,0
c5e1fdf4-488d-4de6-a427-4c93d00bf1a2,2514402f-a1af-4e78-8350-ddab9dfc696a,2105140d-48a8-4ecf-885f-7bf27d8732d6,1,217.44,0
50548af1-7bca-4530-96c5-c0ebf5ca8430,2514402f-a1af-4e78-8350-ddab9dfc696a,cc862d9d-de77-4e46-9267-fda0c75daafc,1,961.95,0
b3fd0524-e29e-4a79-b81d-71716c185393,2514402f-a1af-4e78-8350-ddab9dfc696a,deaffb52-310a-43fa-8a34-6fa733abd6af,2,58.4,0
a7962c34-bca0-4f3b-b013-295ddcd9b43c,d0fd5120-e5ea-48eb-b70a-53da5d9ae031,3c1e0d3f-a817-436a-85ef-e9f26e16ddc4,1,500.17,0
cea453f4-62f9-43db-ad86-4ca5b5219b68,d0fd5120-e5ea-48eb-b70a-53da5d9ae031,67ff51ba-20c4-41cb-8cc8-3ac2dfbbc361,2,514.36,0
5bb4edc2-284c-43eb-bbf3-69d0c1b6b9a8,d0fd5120-e5ea-48eb-b70a-53da5d9ae031,f8d1d621-b977-4620-bee1-71d88bf0c845,1,1245.39,0
9541ed7a-f078-451c-8b2f-93738f54fbb5,d0fd5120-e5ea-48eb-b70a-53da5d9ae031,f4a72318-8563-4d7f-aebd-1c3a6de5d391,1,1059.5,0
72369e18-9cff-4afe-8889-2ed6adc126cf,e6c1110f-cba7-4b75-b840-822555d02d42,9436e05d-3f66-4478-8f5d-35230a6ab870,2,462.79,0
e2ae2922-c9ee-4e03-9894-d50c2cbc9392,e6c1110f-cba7-4b75-b840-822555d02d42,245ad939-7b0f-4524-ba15-1cac6809d954,2,1804.91,0
502d8a21-2a09-4738-874d-3a9232e81865,55119db9-7a2b-4490-ba9c-aaaaa934dad9,ff6a814c-29c8-46cb-b8b9-2f29bf8c8076,1,41.49,0
e99d8806-4f22-424d-b130-a4e18733ba3d,55119db9-7a2b-4490-ba9c-aaaaa934dad9,d440fe4f-bda7-47af-aa07-f8ad02954b91,1,81.81,0
6da111d2-cd13-47fe-ae46-b1769da5f284,55119db9-7a2b-4490-ba9c-aaaaa934dad9,a426460b-f33f-44a1-970a-da6d0d3dff6b,3,38.21,0
0d36e5a2-568a-433b-9b8f-0c3ef5dc9b08,cbd8030f-9a5d-4be5-bc0e-cfbf84958dd2,448e8b02-c2fe-4ee5-b25d-bc2ed16402cc,1,10.3,0
39b9958c-1f01-4bcf-80f3-568d348cd445,cbd8030f-9a5d-4be5-bc0e-cfbf84958dd2,3b265f01-f946-4b1e-9086-c43106edcb4a,2,738.94,0
cbad1f95-01c6-4245-ba1a-d7c70b7bb262,a8daeaf7-dd60-48f7-bf18-1b35bcd13271,c0ea20cc-5b60-47be-88bd-a4bafe78a6ef,3,1815.94,0
81a3c8e7-914b-4b93-a9a0-aeeffb23a6bc,a8daeaf7-dd60-48f7-bf18-1b35bcd13271,eb3f8328-e0e2-445c-994b-f35264e45ab8,1,96.21,0
06db0ae6-3869-44f3-83d2-cb825c7fdff5,6c80fce4-fd3b-4449-9cf7-eb5baa352469,ac84cd01-cdf8-478a-aa94-78653709ca22,4,18.67,0
78445c3f-2a9e-45b4-9045-7e01726fbd40,18d8712c-342b-408e-9b2e-2ed7ccb7d3ec,a42e61ad-f584-4da3-a452-89b3fd099e58,3,32.23,0
66367896-b34f-4bea-a40b-5c7e81c668b5,e1acf867-9a07-4fb5-8108-c20a9a4bf19c,8be68da6-3ffb-4bc0-a40b-ce6a4036d427,5,141.57,0
77dc49c4-a8cc-43c5-9633-78be7cf2f315,e1acf867-9a07-4fb5-8108-c20a9a4bf19c,fe6a3df4-460e-49bf-83b3-b1197a8df307,1,267.09,0
050c2dc6-1e09-4472-aecd-5e545a92a1b4,cfb3e22c-bc89-48bb-8a6d-ec73c94dcc7d,d0799050-5f8e-42f4-a87b-0d4670de7c3c,4,94.18,0
babad89f-0ef4-4db0-9379-6d09dfef1ffa,f799c06d-f1e2-40ee-a702-1feaedef01fb,8be94467-4d7f-4bba-a57a-c6ba0ea75fef,1,9.04,28
7465a84c-8ee2-41c7-b7bf-b35e537ddf6e,76a84880-0383-4f0d-b868-f8d95b32cae6,22cdeb45-0646-4c02-9412-f877fa4c4fef,2,816.42,6
7cf20e13-33eb-4a04-9d6e-adfc802a7fee,76a84880-0383-4f0d-b868-f8d95b32cae6,7db0034b-66b0-407e-800f-75d9a954190d,3,37.88,0
ec1e95e8-a0a2-4454-a7d0-e6dd7fda7b87,76a84880-0383-4f0d-b868-f8d95b32cae6,ac2103cc-f7db-49c9-a457-41a822dd7217,1,564.22,7
bd7bd124-55d3-458e-b37e-167a62dc11fa,14bbea39-9002-412f-b574-142c4ff3bb92,54c35211-5c78-4a9e-8870-c31ac0b1664d,2,163.26,6
23d58d90-25fe-4ba4-9e40-83178cb0846f,02b3ed9d-41c6-4ecf-9604-607234d2dfaf,2f7ba488-7676-43f5-9226-cb1f4eedeb4e,1,79.7,0
4536554e-56e3-4d18-9383-6545ff1f2023,02b3ed9d-41c6-4ecf-9604-607234d2dfaf,00e7bfdb-04ab-4165-8e2e-cd9b3828facc,2,143.36,0
f0c8fdb3-5642-4e2d-9de8-c06f2fd646bc,b6144d93-63cb-4580-be58-53cd58ec0ca3,b055bd7c-e003-4a08-8080-0ac82dc8a9f3,1,29.53,24
9c798752-1cb5-4fcd-96fe-0e98cbbae272,b6144d93-63cb-4580-be58-53cd58ec0ca3,0e9efcb9-e851-4fd0-b2cf-2d2fbece5f83,2,680.31,25
9820bd0b-6d40-4fb7-8107-5b3b53128f74,6bc235e0-d561-4c63-b93f-1c86a75f76ef,8906ae50-4bbf-4135-bba6-030ae12a64ff,1,163.22,0
eb9055f4-6d68-4d67-a9ac-5fc39127d265,6bc235e0-d561-4c63-b93f-1c86a75f76ef,94196b9d-97ff-4f25-825d-72368d1332d8,1,866.48,0
8c20dc47-f6ca-49fa-87d5-e1d99b49b0ec,228f0de5-0928-4b1e-a723-93de34b53515,10b8ea2b-c97a-4e84-9a0b-f214a75721c1,1,172.21,0
fdbebac4-8639-495b-bf71-ac794728a00a,228f0de5-0928-4b1e-a723-93de34b53515,6df3cb5c-48b9-4e93-8550-810d9bfe3d61,2,1890.83,0
24e499db-64e3-4648-bb8e-0121bd946157,7d8c9ee0-04ec-4d0d-8298-95ba9346f18b,b5e9a991-b64f-4ab1-ab03-fc13e6b92d21,1,1913.05,0
083ff9a9-cffc-4819-ae81-65bdd1233a72,04549279-35c3-4786-afd5-c3828e0293a5,bb67e047-7e9f-4343-b80a-427007a443ab,2,315.42,24
6d914d30-a797-49b5-8b46-b3dc0ff96609,04549279-35c3-4786-afd5-c3828e0293a5,69696d4d-f827-4fc0-880e-cc52a7a1817c,2,1708.51,5
3235cdc1-64f1-47bd-95dd-513a9bcb3ee9,04549279-35c3-4786-afd5-c3828e0293a5,c454badc-7c8c-4acd-af3b-cf73751dbb59,2,6.07,8
621293c5-42e5-455a-96c8-de9e0786830c,04549279-35c3-4786-afd5-c3828e0293a5,7055e55c-855a-4383-a1e3-a8bacd5e283e,1,240.55,6
ec21059a-7bb2-4339-8766-ea5485abd074,04549279-35c3-4786-afd5-c3828e0293a5,cc3e147a-c43f-40db-a4aa-a74ffcb6de85,2,81.14,12
59813521-7811-4409-9043-d8b8e6bb4bd2,24466293-769c-487b-b469-0f866991bec0,7570d49c-9b97-4a6d-a37a-33ec69bcf4af,2,21.23,0
2e2c27d5-7461-4ae1-a5e8-e5cb5d385595,24466293-769c-487b-b469-0f866991bec0,5f100a1a-ec33-41a8-9286-34aea22fddd8,2,1885.13,0
bddeac63-d361-4a69-8b8e-6171f222bd32,96ab8868-9262-4c41-83df-c1086ad8eec3,e808173e-ccd8-4d8a-9471-325cc69ef57a,1,64.51,0
5dcb1d5f-a348-4720-bef8-fe8dba78de90,cd93bc04-adf7-4656-8fcd-132000dcfc68,bade2aa1-777f-4c0b-aa74-85345cff8ebc,1,33.2,0
2f2889f6-c8d6-4c6a-888c-af67015dc298,cd93bc04-adf7-4656-8fcd-132000dcfc68,1ae32496-c122-43dd-8cc7-e56eee856473,1,35.19,0
c0aa0ba8-d2ac-4119-92e4-b729e6e5c16b,cd93bc04-adf7-4656-8fcd-132000dcfc68,c9470bce-9112-4897-bd52-9c43ee7abfae,1,72.32,0
8a68947a-0d31-43c6-9405-849e1befc6a5,d871d23b-7729-4936-86a1-ebed2b4e7c17,462f313c-2a97-43f2-b122-ecba66af597e,1,28.99,0
2cb258ad-2ac2-46f0-8dd6-b6ebb2d68a8a,d871d23b-7729-4936-86a1-ebed2b4e7c17,7e97a99d-09f3-44e5-b4a5-06888b2c0103,5,117.24,0
d1b6c817-5e31-459d-97f3-640772dceea3,d871d23b-7729-4936-86a1-ebed2b4e7c17,05653f28-4a1c-42b3-a6cd-53a2b678dd94,1,277.62,0
69793246-3ab9-4341-9e25-73dffb10bab9,fba1a7a9-0dde-4d7e-87c8-d55392215a9b,22b50fd1-7f37-4a1c-84f1-fc42173b0227,1,140.1,0
f8b94053-bfd5-4831-9674-e3f66333a5ba,7810a5c9-82c4-4542-a07a-b6760496bf8f,5616e7c5-26c9-4306-a404-5187f6afe3f1,2,438.32,0
614de5ee-4b0b-44f2-96ad-650d6ec16ae8,7810a5c9-82c4-4542-a07a-b6760496bf8f,127b43e4-c64e-4899-8ffe-d76dc696b627,4,246.5,0
804561cc-da1f-4366-b73a-a3ab21a5f0b0,7810a5c9-82c4-4542-a07a-b6760496bf8f,6e184282-0c1e-422d-aef9-f03bcb8a82de,1,251.88,0
29492ff0-ddeb-48f7-83dc-c41e80e12bd9,45b174b7-93e5-405f-b053-c2db42451c19,e58cfe6e-9c19-44e8-bf74-02fb814c4317,2,176.95,0
5d67bc1d-a985-4bf9-8619-8d7aa3b54620,ab0c99b0-6d22-4fcf-930f-7bc2712cb7d2,4baf4d99-4fc4-48d3-a7f2-8085d665d63e,2,122.14,0
7b7a8f32-a03d-4d9c-b269-aa8bd699023d,ab0c99b0-6d22-4fcf-930f-7bc2712cb7d2,b65e9c61-d5e9-43c5-8a5e-7ccf76a1032d,1,176.17,0
ba820add-b241-4c74-b826-4bd1e286fd20,ab0c99b0-6d22-4fcf-930f-7bc2712cb7d2,b3552609-2489-4433-aa64-c8d6ec3aeea3,1,77.66,0
bc0e4d39-1e87-4718-8199-157fc13b3704,062931c9-0489-43b1-a9b0-171dc0241e66,25be92d1-f599-4253-94b6-4ee67ef620e9,2,455.61,0
d8c53a65-55c5-4adf-a933-d3d10eb2a1db,062931c9-0489-43b1-a9b0-171dc0241e66,678cd28c-022f-41f6-9889-a9bb551a9503,1,130.91,0
91c90b9f-e3cc-4a6d-8f25-d3a9eb592a7b,47ae4990-d1e2-494c-a376-2bc422045c21,3c429655-40c2-4d4e-a986-6c8531be4ee0,1,29.84,0
dd80310e-0dba-4a1d-8f0d-76f178a58ca2,6c5bfce0-f697-4ffc-9b03-aac826185307,c2c92dc5-beff-4edb-8174-99a62673766f,1,466.56,0
b4966151-0fe0-4921-9cac-1a58623ba917,0066c73e-7ec7-4883-ba09-532c8f9d82fe,0e227c33-075e-4a73-a0d0-c24edcedff23,3,56.36,0
6d09d117-3c08-40a4-bd38-8f5e18c73437,0b6478bf-02ba-442b-a91b-77d47d5f0388,0f89f10f-a947-4d3d-b6fa-09519af06afd,1,317.45,0
b2d074fc-0e0c-409d-b477-9f592596d46c,0b6478bf-02ba-442b-a91b-77d47d5f0388,3de69dd2-020c-4d7c-9246-35ec78efb402,1,50.11,0
69bacc12-c665-425a-938c-3015c70a7c66,b74f43ba-624d-47df-92b4-360a24a86f00,06a913fc-82d3-4175-ad5e-3290dfaef74a,4,292.11,0
a9feaccd-1337-415d-845a-ec24c634d829,3a20722c-958c-467c-a159-b114c065796d,64d02469-4eb9-4751-9ac5-1f202fbfbe83,2,101.44,0
0bed54b0-f99a-489a-9986-2c9288bf7f95,3a20722c-958c-467c-a159-b114c065796d,b875e585-7327-4243-b238-f69299ed7efe,1,1134.41,0
7a0230cd-fa40-448b-8e75-cce5f0ffdebf,fac243f2-4889-43be-8a21-19f22b36a5da,1241a0cc-c6da-4765-8fef-416fef21b1e4,1,46.99,0
94965353-1a3e-4c1d-a469-cb27b60b7127,fac243f2-4889-43be-8a21-19f22b36a5da,ba62a6e2-25e4-4ac6-9e14-ad67b5f320d4,4,110.77,0
d9ad82c3-93e1-4e46-b5b3-7ca19d0dbac1,fffac6a3-5990-4cf9-a8cc-604d14a024e9,b3139192-306b-458a-8ea3-917f131e7936,3,273.9,0
4993c6db-d830-43a7-9f49-a4eda4173fa2,fffac6a3-5990-4cf9-a8cc-604d14a024e9,f6436b97-0208-49ba-b722-57f57cf3da1d,1,179.83,0
bd1b5fea-507e-45ab-9619-740998a45981,fffac6a3-5990-4cf9-a8cc-604d14a024e9,ba07e0d5-8e45-42bb-81d4-42ba6d71c519,1,181.71,0
87f6b9f3-03d8-4a7f-b6cc-7229ecca39f2,f67c534e-294f-4621-8d1e-c27334cb0cd3,142ad62e-7e02-4c0d-bcac-26f13631996c,1,31.85,0
f3d9c627-f11f-457a-9630-d658a50c9e8b,f67c534e-294f-4621-8d1e-c27334cb0cd3,2a395922-f2d8-4dad-a6a9-b7f6c36dcbe1,2,12.21,0
77172e6f-91da-42e0-9ce4-8b821dc5f5a8,64589b02-05f2-4525-a586-aea8174edcb5,9415c1d6-7715-4df4-b62f-5c291ac68b8f,1,107.74,20
7e8babec-8c54-4cc8-8265-013fd6f8d23b,1ecf214a-9599-47dd-822c-7a1efc649ed6,7672e3fb-004c-46bb-873f-21c1c2cf211d,2,8.42,0
3acdb406-e159-47f7-bd28-4e3a95f5b324,1ecf214a-9599-47dd-822c-7a1efc649ed6,b8ac186c-24ce-4295-9b85-5eb60367624f,1,586.21,0
153d41d7-803b-4b92-8810-fe01ece521df,27c68b46-946d-40e9-a7c6-926a1fe00ffc,4bdb1342-e816-461f-979e-b3d1aaf1977e,4,319.59,0
3a2f8cb3-8168-41fe-8d2f-e8292dc3ad8d,27c68b46-946d-40e9-a7c6-926a1fe00ffc,1b95cc66-d3e3-4f3a-8d4b-8cdd076c0d61,1,979.64,0
927f4084-94a6-4dc8-9bd5-aa0d15623108,27c68b46-946d-40e9-a7c6-926a1fe00ffc,8085a733-98b2-4b94-813e-c30aebfd6674,2,5.12,26
c344cefb-fa3d-40de-8b03-d1c77d8045b7,fea1b54e-ba4e-411a-a31c-48ca65d007ca,b2d0d2a9-ffbe-45d3-85d1-d8250a0b511c,4,35.35,25
e7449caf-84b8-406f-87a2-12bc8d8a6bf9,fea1b54e-ba4e-411a-a31c-48ca65d007ca,48e9dd31-51f3-427d-937d-8539cae884a5,5,919.0,0
a60ea324-4c19-4c7b-af2c-2e829b35864b,fea1b54e-ba4e-411a-a31c-48ca65d007ca,d38c7f78-9d9d-46c2-a5f1-4e9e97f55459,2,375.66,26
40801a0f-d5ab-4548-8f62-e63e0cdd9606,5520552e-a7c7-497d-bcd4-ae09d6749ab5,5a52a7cb-12a0-45e0-8546-c6e9c0b20b4f,1,628.54,0
4cc1c746-8c29-4c12-bcc9-ccec63372141,5520552e-a7c7-497d-bcd4-ae09d6749ab5,c30ab2ad-8511-4b2d-92e9-d7baf921264b,5,474.87,0
467f35c7-43af-47be-8e32-199d101b5b71,b6295fa3-edf3-4935-b0bf-114d16a3762c,f1b7e086-8fa3-4887-aa8f-86b683843ce7,4,1353.05,5
59f7fc95-0cfd-4a1c-9bab-bbd7121d0595,f6362839-9df0-49cf-8ca1-5157e9985bf3,268a5576-927b-48ff-88d0-7ca091740b47,2,109.73,0
82499fb8-7aa5-4557-a95a-070f86ac0769,f6362839-9df0-49cf-8ca1-5157e9985bf3,ebad6ccf-97a1-40c8-8b1a-77d51289daff,2,548.2,0
ccfc979e-b951-4415-8de2-8abc940d5d0a,f6362839-9df0-49cf-8ca1-5157e9985bf3,c9a567f1-e670-401c-9145-23b0045221fe,1,27.07,0
578bf5cd-a67e-4e09-878d-dca8fca267c4,f6362839-9df0-49cf-8ca1-5157e9985bf3,25928c97-58ba-48b8-9133-a3a803099fe6,5,116.6,0
3e5e1420-f546-4715-baa1-7d7079545007,f6362839-9df0-49cf-8ca1-5157e9985bf3,8351c7b1-5292-4355-a7f0-251cf79c520d,1,558.42,0
654a5280-2238-4356-a450-e578f641033b,57bf367c-803b-4105-9033-333e217dac09,863c015b-e7ef-4ef1-9281-6e6954ce5cc3,1,99.36,0
6da8b1b5-bc42-47f7-a1c6-87400ebddbf5,57bf367c-803b-4105-9033-333e217dac09,8d9a032c-87f7-4e7b-8444-e3846eee251f,4,457.08,0
0cad7214-5afb-4e0d-a45f-31eb15cce840,57bf367c-803b-4105-9033-333e217dac09,da07ea1e-3189-4bf9-8cf7-002d0bc99755,2,171.54,0
905a3adf-79c4-41e1-b992-8a5d1c6cc275,57bf367c-803b-4105-9033-333e217dac09,738fb26c-51c5-4448-8b6c-dccd8e701712,1,425.39,0
f8a913bb-658e-4259-8c97-9e06c0c224d6,57bf367c-803b-4105-9033-333e217dac09,a7d296d4-bd6a-4e35-bdb4-25825448fa53,2,149.67,0
a521333f-4d01-4c88-a8dd-a5b6c8674d45,b645ce1f-582e-4d5d-affa-d3e1d1930f75,83d20b09-ac2e-416a-816f-1fb3de14c6fd,2,603.18,0
5aa6418e-3075-4465-8533-53cc08849681,b645ce1f-582e-4d5d-affa-d3e1d1930f75,8065411b-3e1f-40b6-90b1-ffb3ae7d4f83,4,177.64,0
f645d6ff-e610-46db-bb37-33e0a76613c6,6149931b-8eb8-4d6d-9410-cbbf64774cee,66b0c587-b8f4-48b8-862d-4ef483c3c7c4,1,39.04,10
af25b3a7-df23-4f4b-8b3a-da642b6b742f,6149931b-8eb8-4d6d-9410-cbbf64774cee,ad335ba0-1191-4963-92f5-7024bd32aea1,2,169.39,0
dc426407-92e9-499b-95b9-9dd9b947218e,6149931b-8eb8-4d6d-9410-cbbf64774cee,8d72f476-d55a-4efc-ae0b-7de3d1f3100b,4,70.33,0
809b6f2d-aec7-4a7c-ba66-ebc62e76506f,d0bcccd7-fcc4-4859-a724-6a639b748b47,d9b1d1d0-284b-45e0-b4a3-0c66ef5a0b21,1,51.94,0
4978cef5-c99c-4236-a0dc-bd40741a100d,d0bcccd7-fcc4-4859-a724-6a639b748b47,1e8ccb07-0e1a-46d5-8e66-793344e9f015,1,28.55,0
ec7fdbdf-58d9-426b-8b83-7da6f1d7c88f,d0bcccd7-fcc4-4859-a724-6a639b748b47,de1d4407-d2fa-404e-bcb5-f71f0f15ef97,3,35.29,0
79d66e48-ba67-4994-96d4-2082ad314413,5966ca8d-bbf9-425d-8dba-3878f65a96d3,96b4f039-f346-44ff-99e0-67aba1c0ec7a,3,224.14,0
1728760f-5620-45c1-916f-60a3e394906b,5966ca8d-bbf9-425d-8dba-3878f65a96d3,f375f198-7f7b-4eba-a257-7d4058b2e651,1,25.53,0
8725abdd-cf62-4bc5-b65b-dfca8266d633,d2d3894a-7c68-41d0-b6d6-ae197bceddff,f43e904b-c58d-40ad-b817-ff45e826409c,1,129.19,0
35ca7db3-04ee-4579-a9e7-d7fc61921865,d2d3894a-7c68-41d0-b6d6-ae197bceddff,795d582f-e0a1-40ed-a5fc-d08c928d72b3,2,82.6,0
8dfca220-5060-431b-bdd4-89b3f688641f,d2d3894a-7c68-41d0-b6d6-ae197bceddff,7a4c292f-c824-47cb-bbfd-5c55843cf6ad,2,24.97,0
72a8110f-bf2b-425f-b330-4de22a926e02,8dc3f188-e699-4dc2-8ed9-db2b2feeef64,1434268f-cf32-4f5e-84a2-d00ccf8c657c,3,37.05,0
2006c7a0-04c0-4ad3-a0cd-0aea16407f5d,8dc3f188-e699-4dc2-8ed9-db2b2feeef64,dca893aa-7f50-46aa-b65d-ac8896b2186f,4,151.28,0
de1739ca-ac6d-456d-967f-6d3818078af0,8dc3f188-e699-4dc2-8ed9-db2b2feeef64,35f44615-837f-4078-b0bb-313f314f3fb4,2,477.58,0
fb6243ab-a28c-40e4-8226-d2142a534385,43ed8e1b-35b4-4320-88f7-0e4f9e2bd710,2bab31fa-7097-4f3b-95b2-80adf5bac335,1,190.95,0
24115358-6411-4326-bbf1-bc13af1e733b,09e120f5-cfb6-48b3-a1c1-52cd6d2e2c0f,3f5bcda3-a005-438c-9a91-e8e1aad58bbc,2,16.3,0
fdc9a434-2ef0-40cb-aaea-4826350980c1,09e120f5-cfb6-48b3-a1c1-52cd6d2e2c0f,b0458289-34bd-4354-912c-4406c4c3b7b5,3,62.37,17
08760743-b694-4684-92a9-6beefc1c6e8e,09e120f5-cfb6-48b3-a1c1-52cd6d2e2c0f,e6435876-5898-4fb1-b75b-9570074ad757,2,9.09,7
3c10b5c1-c1ab-4e6f-8f07-422eca810ac9,09e120f5-cfb6-48b3-a1c1-52cd6d2e2c0f,e82ef108-df5d-4402-bde9-9af9ad470a8e,3,185.22,0
9c34b599-b717-4525-9dd1-19efbb805a5b,6e72ca16-9e61-4a53-a53f-8c41979d6447,4d4b6439-f42c-4fa5-b0d6-5d384e52d20e,4,34.89,0
3a8753e2-ed2f-4336-89d2-58b27a7a3802,6e72ca16-9e61-4a53-a53f-8c41979d6447,1eb1830e-6ac0-4791-b541-0bd8a2ca8064,1,385.72,0
4b4ce674-cbd0-4058-8c0d-393086ccaab8,6e72ca16-9e61-4a53-a53f-8c41979d6447,4b43c2bb-2131-420d-9422-65f169d80dcc,1,231.07,0
459686cd-2ca7-4219-9c0e-702d01a08ac5,6e72ca16-9e61-4a53-a53f-8c41979d6447,02dbbf02-734d-46a6-bc29-bddc9e7b06cc,2,158.76,0
9f3983b4-0ef4-4daa-aa8d-4d97e63b771e,cad525b0-99ef-4458-9ce5-b1ba0891a20f,8be68da6-3ffb-4bc0-a40b-ce6a4036d427,2,130.09,0
e0aad98d-8da5-4e7b-8352-74d22209b28c,cad525b0-99ef-4458-9ce5-b1ba0891a20f,d6dbb56c-479d-4713-93bc-09d037a35c02,4,1564.75,0
4ce8e975-a523-47b6-9a7f-e4aac2e6c74c,cad525b0-99ef-4458-9ce5-b1ba0891a20f,fe5ed818-26ce-4291-abcd-3520bf348c72,1,98.63,0
0db8f0ae-10c9-4f8f-abe0-110fb2108fd5,cad525b0-99ef-4458-9ce5-b1ba0891a20f,7d30297a-3c7d-42b2-a9af-77146a32fca2,2,28.71,0
96c70140-ac40-4683-b449-88a4760de920,19e9cb3d-fd67-4160-a770-403322062c8a,93cf0230-2bf1-4700-b283-c7768300ded9,1,769.44,0
de0a4a6a-88d8-490b-b822-5e7623b038e2,19e9cb3d-fd67-4160-a770-403322062c8a,57ead9be-43de-4eda-ace8-23f667a6575c,1,102.53,0
ba45a6fa-059d-4183-93c6-dc7256cd52ed,19e9cb3d-fd67-4160-a770-403322062c8a,6df68799-66af-4a2d-bc78-50797c54a44f,4,650.62,0
6e843a2d-7a39-4567-8c45-95b68d70f309,19e9cb3d-fd67-4160-a770-403322062c8a,fe127a0d-1828-48ed-884b-f9c474e5b31f,2,549.72,0
13e968be-8f17-452b-8ddb-70955c35010a,19e9cb3d-fd67-4160-a770-403322062c8a,ffc03f70-b1cb-4010-9b49-163320a44e3a,1,209.65,0
cb0b6c78-b0ff-45c4-81a1-c20c5a9ebb4a,ead1113e-f78c-4bd6-98ed-bfb5ac91a85a,a2a152e4-c527-408d-ba61-a67ab2c82781,2,131.44,0
a278d4e8-ef53-46d3-8708-a6b664e2f22c,ead1113e-f78c-4bd6-98ed-bfb5ac91a85a,b31f795d-39a9-455d-9529-404080887c2d,2,213.68,0
3d8f12a3-24b1-4f04-8df7-941768dfb7a1,2026e626-c61b-4e12-ba72-3a733fa34ecd,a4bc7820-ff3e-4be9-a9c2-b7a4b1e6da0e,2,27.59,0
1fe0a633-3951-4126-81b5-94b9250ef880,2026e626-c61b-4e12-ba72-3a733fa34ecd,f13d2219-0a58-4f23-83a3-ffc802199d57,1,146.05,7
9ec8cf13-f8ee-4535-a936-89ec41ffb294,2026e626-c61b-4e12-ba72-3a733fa34ecd,b8ac491c-5e25-48fa-93f8-885922eaa5de,3,334.15,7
9c9d5d91-92c2-45bb-8960-9c9559b50bf6,a4d5e7ed-858a-41cb-b88d-2385ec920268,6d93cbbf-1a22-455c-babc-0b8c00bbd484,2,280.46,0
b02c3fe2-9c3f-4c85-972d-f7177f659d15,a4d5e7ed-858a-41cb-b88d-2385ec920268,8f4ad548-bb6f-4742-92ea-242cdea3ee18,2,1166.65,0
e1a3bd7d-6e85-4321-8743-e4caccb4fdac,357a8c8f-70c6-4d82-bf05-240e01f92ebb,91f09b79-0a4e-4f86-8f99-966c2883830c,1,1648.45,0
13ad569e-843f-44ac-9139-3b355e5d0d92,357a8c8f-70c6-4d82-bf05-240e01f92ebb,280780c4-8ea1-4eea-be0a-68f1a97c2ff0,1,178.19,0
e6d273df-dcaf-4636-b8ca-df1f28bf618e,357a8c8f-70c6-4d82-bf05-240e01f92ebb,cb59f795-7530-47ee-98ae-221c2c5803ab,2,1192.81,0
623ea762-b001-426b-876d-cd4010a08fba,357a8c8f-70c6-4d82-bf05-240e01f92ebb,2a40f5c1-9310-4c1f-85b4-3b27516a3d7e,3,691.74,0
846d8c69-9df0-425d-b99a-68ddb2d17085,8d309303-2e1c-45e4-b521-2eb50e792eba,7ad3f0d3-95d5-4b5a-8801-3f8a6ac9c0c5,1,200.98,0
6b5fc90d-adc9-4bbe-b62c-b4b203b5b361,8d309303-2e1c-45e4-b521-2eb50e792eba,8fcba898-ff03-42d7-a3e8-6b0c65b36764,1,193.23,0
02bfcc20-9efa-4a63-8626-6d3c3dbb2e26,48cb185f-5ebe-4818-83fe-31da81c75635,d0d38043-e23f-4f39-ad2e-060837c3041a,5,146.06,0
dc91110c-b0fb-4a17-8041-1706942781ae,48cb185f-5ebe-4818-83fe-31da81c75635,950ebb32-34e1-4ae5-82bb-4bd370e7ca10,1,289.7,0
88bd5ff4-f627-47db-a4e1-b05231cc0391,48cb185f-5ebe-4818-83fe-31da81c75635,801c8822-4acc-436b-8420-b6862f223404,1,40.06,0
fb4a6fef-af30-4cae-aa87-f41b78304034,6541b213-614c-4888-be5e-0e3d8169e681,95918aee-f260-4d41-aa5f-28b3e127f258,2,154.36,0
4a41f47c-12aa-4e3f-9809-c09c683aee56,d81b7fc9-7381-4181-8192-902a38e88c08,3ff99e12-f035-4769-89dd-111db1c512ba,4,1105.56,9
f85cc126-aa8f-4c9a-9548-44ed5d55ecd4,d81b7fc9-7381-4181-8192-902a38e88c08,7ba3286a-4514-45eb-86ec-bcd283638930,2,404.64,0
5edf7245-445e-4071-83fd-40c8e166676b,1d9faa02-a56a-4756-b784-d713b9146dc9,49df3549-2199-44f3-8cd0-058aee11b9ba,1,26.78,0
1d5927d4-3f76-45ac-b2a2-8c08748f5c0e,1d9faa02-a56a-4756-b784-d713b9146dc9,bbb4cf83-4782-4d17-96b6-1d3b8059c480,1,163.12,0
53d86650-6a70-40be-81b9-172d2e16993d,93e73159-c177-459c-89d4-d47f7844294f,f0009d1c-b31f-4b54-8e1d-2cbc6e4af5f3,4,13.1,0
4122e6ac-4dc7-4e3c-b2e1-55b084b88eba,d2a59baa-e65d-416b-9b7e-236d5f75dd06,95841e2a-d747-484c-a7e7-9f735c0a0e36,2,41.07,0
43b28692-4ee9-4863-95f1-73955d75d89d,5f2eb316-7666-414e-9340-8318508d743d,a9d00492-6c65-42a1-8412-38486879c07b,1,1110.26,7
9ca3a579-443e-437c-b33d-af0a6a18b9c7,5f2eb316-7666-414e-9340-8318508d743d,401a5224-b33e-487f-a012-c772faf842e8,1,1151.13,5
15fc8abb-927a-4db9-ba83-42b92bf1649e,5f2eb316-7666-414e-9340-8318508d743d,6f40f887-fd82-4889-8abe-35962301b7c8,1,158.99,5
5bd812f6-70f4-4881-abf0-f8f0d16d3e66,5f2eb316-7666-414e-9340-8318508d743d,879b56e2-6cfb-49c0-a456-0074e473404c,3,60.7,7
1cd567c3-3368-4a9a-a532-98efc80a2cea,5f2eb316-7666-414e-9340-8318508d743d,bd87d697-feae-4c21-9a1b-fd2552b71c91,2,1071.26,7
6df95f4a-71a5-4c80-bf41-1fb5efd135c2,7736567b-d44c-4d92-a58e-c0ff452739b4,c7997337-38b7-4977-b80e-ddaeeb704a1d,1,564.41,0
dd984f33-b783-41ef-852b-639da51ee318,7736567b-d44c-4d92-a58e-c0ff452739b4,b1db7093-eb12-4b67-9a2f-9308d321b5ce,1,161.05,0
ed04e25c-9f4e-4353-a01e-4803959735c6,7736567b-d44c-4d92-a58e-c0ff452739b4,73aafa35-7430-4b6b-88e6-01f9f4a74904,1,136.76,0
136a2c5f-403d-4027-9c86-40bc434f7a16,7736567b-d44c-4d92-a58e-c0ff452739b4,7d673ae1-7f07-4c1b-931a-90f31a1b6f91,1,108.64,0
7a6fc3db-dfa3-4709-9126-9baf9fa086ee,7736567b-d44c-4d92-a58e-c0ff452739b4,c3a624e4-4f72-445e-8023-7be6f61ebde9,2,252.13,0
c3504dea-a1ca-4c41-9b36-ef04cee517e5,8d1c4cb5-4fce-44ad-8cf2-253a9cbc5760,60dec865-0d75-4a68-8197-081ddb81e1df,2,43.88,21
d7a73c6a-47ec-4034-8747-8c10ce83c569,4fed811f-3dad-4299-b3d6-6604a67a7919,87763ee2-93eb-4069-9bc8-d8622a38b4c4,1,606.62,0
bdf69a2e-a9a8-4c8f-a70c-323af670749e,4fed811f-3dad-4299-b3d6-6604a67a7919,b78adc8b-a2cb-4d9d-b5ca-679709fccd86,1,197.42,0
27e12df9-55dd-4acc-8ae4-90ba2da1cff0,b73a7177-cfa8-439b-b4fa-0ab7559fe4ff,f6307c9e-ca6a-4a22-b2bb-ad65133f91f1,1,94.08,0
aa5f8d7a-c064-4b3b-81fa-896300daeb0e,b73a7177-cfa8-439b-b4fa-0ab7559fe4ff,dc0a0ae5-f78b-49f3-b6ec-80ec330d3ecc,2,83.78,0
ceed6f7a-6bf0-450c-9f65-846aebd88ff9,4f001cd9-e2e9-415e-b02f-10fb36ca1f8b,d496a670-a54b-4a70-8c94-5da37cd4ff96,1,531.08,0
fd093ef0-7f91-4fc2-b861-729251542839,4e07090f-03bf-4533-838f-72b5e3f8467e,d3ad85e8-b535-4e98-9f18-9c82b9a84c15,4,113.35,0
1c8909d2-6330-4f4e-b35e-c3a97c2da025,bbf4e6d5-183e-4a4b-aea1-aa563a7b5d51,e34784c3-dfbf-4bdf-90f7-ab896537cf89,1,68.71,0
b2c4801b-3010-462f-af1a-dc3eac9fef25,bbf4e6d5-183e-4a4b-aea1-aa563a7b5d51,85198312-5247-4183-a3ad-d9c1575d9652,5,1382.31,0
98428d86-a1a0-45a0-a122-4e7df646c8b8,30d13e9c-98eb-4974-a6c0-42f36713bf98,2e1af831-59f6-48b6-9d82-1440a4b2aa49,2,411.23,0
c6d27368-d9a5-4691-ba85-4e552e188701,30d13e9c-98eb-4974-a6c0-42f36713bf98,1b11b507-e99c-4a46-85fa-259b646023be,2,1358.39,0
9f499b09-5afa-4f16-9fe2-2f293479d01c,30d13e9c-98eb-4974-a6c0-42f36713bf98,56a0a75b-a72c-4539-9eaa-79b71893a03f,2,58.99,0
5dd209a2-1e90-4c80-b514-187be77c64bd,30d13e9c-98eb-4974-a6c0-42f36713bf98,69d4bca8-7892-4e8a-9401-0108ffa76ae6,1,438.83,0
411cbc84-3cc9-4857-b6b2-079afbed34cf,78c449c4-a317-4199-b334-8c33e1969c1a,7c7c1935-f747-4515-a803-68a5708863f2,3,5.98,0
50665557-992c-4c0b-b452-83ad3aa3f9cb,78c449c4-a317-4199-b334-8c33e1969c1a,278fdbb2-3372-46ef-9ca5-8ecd3b6a5c1f,1,457.77,0
f8b5db5b-1562-47f0-8861-5f24ce6d687e,e329516a-48da-437e-86f4-9cad466125fd,ead19a69-4013-4091-b815-20c5a35394f4,1,112.48,0
c4e52f79-af61-4e1b-8949-1c726ce29359,e329516a-48da-437e-86f4-9cad466125fd,92be1883-8c0a-48ee-99f2-7d4f4411475c,4,166.44,0
cb3f60da-3505-4481-9f53-f9777a5869ee,f8d3e429-60c9-4618-a43b-1d21a18540a1,1438084e-b43a-4de1-a8a6-9b27cc0ba8a8,1,44.18,0
ff2efe54-18f5-483e-b2a3-d916ae7c3380,f8d3e429-60c9-4618-a43b-1d21a18540a1,62ddab6f-d5a4-4a44-b497-ae12f9ecfffe,2,279.37,0
1815c6c5-04e6-484c-8d62-bf010edfa819,f8d3e429-60c9-4618-a43b-1d21a18540a1,f700b19b-0960-4edd-8133-0755234530be,1,337.85,0
5c42665c-de16-45ce-b987-d38421b56ed0,f8d3e429-60c9-4618-a43b-1d21a18540a1,a45a1adc-abe9-46c4-8ae2-e06d4b19c4a7,1,410.82,0
f48976dd-3646-4ae9-b7a9-ee94b193581c,f8d3e429-60c9-4618-a43b-1d21a18540a1,f07cb358-ceb6-4e31-a520-16e789c5ee9e,1,113.66,0
9bfd0bb0-b32d-4de0-b547-68dc84104f72,c9baa3b0-e935-403b-b41b-da4538dd7ebc,ffc47b1b-b962-422e-b0dd-f13726ae3d87,1,160.15,0
b11f8dd6-6c5d-4378-86f7-16c4bcce0468,c9baa3b0-e935-403b-b41b-da4538dd7ebc,cb8845a5-d589-4458-853b-c27879a86e5a,1,50.75,0
98af430b-e3d3-4b38-87be-50eb810d11c2,a6c1e10c-2060-439e-90cc-b84f94743152,ac5b538b-9088-405b-8060-918f94a820e2,1,629.7,11
7817b095-8f8f-40e7-96c9-4a5d9cad8337,54b9eb7b-43e8-4581-8f16-04fdd28c0cb9,6e9be562-ff25-40b6-9a5d-e884a456eb15,1,253.39,5
f0702c0a-ea99-4f42-b261-d81a7f34c86e,54b9eb7b-43e8-4581-8f16-04fdd28c0cb9,9075f74f-3844-47d6-aa55-1e480f6dc5c7,1,31.86,23
4462513c-2205-4e24-abe0-d2a7f4da3ada,102e4ab0-16f7-4fb9-80e9-221977f40e8e,e469e1ed-25f8-48b4-a5f0-ba58728353c8,2,293.17,0
f9a0ffb6-c13e-4d88-a277-6e7887d6b485,102e4ab0-16f7-4fb9-80e9-221977f40e8e,f4704166-17f3-4e5c-af78-8910504240c0,1,3020.04,0
43af099c-6904-48c0-99e9-1a4bb157b3b2,102e4ab0-16f7-4fb9-80e9-221977f40e8e,0502ffe7-79a4-4d98-9313-51b87b0806af,1,10.5,0
de018481-1424-4bf2-8c8b-e055ada124e6,102e4ab0-16f7-4fb9-80e9-221977f40e8e,d18516a1-f717-47b4-95dd-38a1b8e09d09,1,247.68,0
bb09d5e7-7332-44dd-b1f0-d90d68db26d6,8cdb5264-b790-4399-8051-e15fbfcb12e1,ba62a6e2-25e4-4ac6-9e14-ad67b5f320d4,1,101.85,0
9c60692c-6dbf-46bf-87e6-e40b2fe16142,fed615d2-66e5-4766-b110-222c6ee85795,f4b60932-9ee2-4be1-94a3-ae5f930388cd,1,56.23,16
569696d8-f76c-4f94-a592-620a06807074,27405d2e-c84d-405a-9ec6-3c41b2126def,aed2236c-142b-4f8d-bb41-110d43356ae6,3,48.19,0
ee095e7e-6d14-4327-98d6-a5a232f19d6c,27405d2e-c84d-405a-9ec6-3c41b2126def,9dfc9914-3bf3-4c60-beb0-70fb3381207e,4,143.08,0
ec2e3c76-cdce-4a91-806e-332b43171a49,27405d2e-c84d-405a-9ec6-3c41b2126def,c3bca8b4-5593-4b7e-9cbc-ca5845b8a11c,2,2131.7,0
82671f4c-6570-424b-a69b-513896ecf5a0,27405d2e-c84d-405a-9ec6-3c41b2126def,297ef05c-1b41-4045-8445-fcc35b00ac5f,2,29.8,0
e0cb2199-953a-4739-8a5a-8fcc2e75ca57,528d0aea-1ab7-40be-b87e-32f784876c89,a7d296d4-bd6a-4e35-bdb4-25825448fa53,1,141.91,17
7a12e1a3-ec0d-4252-8573-d2947257cd36,528d0aea-1ab7-40be-b87e-32f784876c89,d440fe4f-bda7-47af-aa07-f8ad02954b91,2,97.91,0
821ad063-8b7d-4ebc-a6af-522da202d445,619fdec6-f085-4287-8ff1-09c45582d0a2,cecd264b-57f3-4594-b7d7-0c650deb1cbd,1,81.92,0
76f07cbe-eceb-4cb9-963d-4b5fd340f048,619fdec6-f085-4287-8ff1-09c45582d0a2,64d02469-4eb9-4751-9ac5-1f202fbfbe83,1,90.33,0
e60e89f4-bccd-4e61-9cab-4dac307c6351,cc4c277e-3f2a-46e8-b45f-d67514a14a95,1b20dcbd-3e5e-4c6a-bfe6-7a139754da3a,1,188.19,0
eeaef372-7094-428c-bf33-85d0370fbf5a,cc4c277e-3f2a-46e8-b45f-d67514a14a95,066185dc-4ef8-484d-9a97-38704315eefd,2,7.23,0
acf70f7a-47ef-4727-8a50-a143ba60aacc,fa4d2b5e-a6e5-4ea0-8908-7f483be86214,6bd2935f-e194-430f-8592-cee5d4503ad9,1,430.3,0
c1a56b72-8c25-4192-ad1d-996a91a5d57c,fa4d2b5e-a6e5-4ea0-8908-7f483be86214,8d9330b3-8c90-4d4a-8a8a-16fd91d53e93,2,71.46,0
fa118f7a-00f5-4872-bd0d-2e1f0b2950ce,fa4d2b5e-a6e5-4ea0-8908-7f483be86214,a5995cfd-df98-4dbe-acf8-22b5e42c50f4,4,88.13,0
b31b28a1-786b-4384-be2d-b908b8812c7b,7c85cd54-7c88-4060-8ea6-311fbb71c6cf,b2cc4b83-f050-4371-a420-64ce7ec0ec4e,1,265.83,0
fde94914-5317-4ae2-8977-2ea00d058213,7c85cd54-7c88-4060-8ea6-311fbb71c6cf,5dff6e91-a6a1-466a-935a-749836e67589,4,15.18,0
5ed2e5b0-2bf0-4ddb-8217-620ae54b3bf7,a2cd962d-e5b1-4f9c-a687-206d1d16bd26,93a847b5-4e7a-4eeb-8ff1-b87b2d90eac6,2,318.16,0
c855c396-dc54-4d7a-931d-4062b368b094,a2cd962d-e5b1-4f9c-a687-206d1d16bd26,2186b505-3a03-4d76-bcd4-4c8b3046e07c,3,6.6,0
eb3b307a-d30e-414c-8cb8-a036af9acad4,df0f26df-4419-499a-9b93-d1995b378716,066cb960-6395-4e20-aa53-ee2b1204c310,3,33.84,29
dd15cb37-b167-4074-9599-6bb46b2f6da9,df0f26df-4419-499a-9b93-d1995b378716,5e2c61a5-8f52-4db1-91d3-c47d2b5e1d7c,1,595.28,27
596ac365-6f2e-4772-95fe-7d75c17ae1e3,df0f26df-4419-499a-9b93-d1995b378716,601dfb95-0dd6-43bf-bc07-3f6b634c8ef9,1,285.65,18
ca6d13d4-19ef-47d2-a0b6-a1b0b0efecf6,df0f26df-4419-499a-9b93-d1995b378716,7c022d50-e6b4-4226-a171-b31d516c33d4,3,70.08,0
900036e1-cfa3-4a1a-80f9-b139d944d2b0,2f451460-6102-42ac-9b9d-19a6ea934664,a094b9d8-cdab-428a-81b5-11b3f1cd4676,3,113.95,0
b0efbd9e-138c-4048-a1f9-031cab9c76cb,2f451460-6102-42ac-9b9d-19a6ea934664,9e592d5a-3401-4372-9d39-68a4d2d1c3a5,1,91.78,0
8a5ca23c-a337-40ce-b527-085a1811b388,1191c648-59d9-4af4-ba9f-e4adc785fb5c,54b1fb04-20cd-41da-9c67-5e31efcb7a5e,1,1672.02,25
d264b038-39e3-4372-9a1d-5a0524d02a03,f7adf968-9636-41d2-b889-0a83e755bd65,e84695e9-640c-45a9-8ee5-697a62282282,2,123.97,29
36062de5-2018-4bd2-8c51-62d3c3441292,60abf674-cbae-4af2-b826-fa4228d44cf4,3e410267-0a6f-4a11-8a89-9a2d940506cc,4,279.18,0
892b8933-4e94-4867-bb30-d5eed4ebfc15,60abf674-cbae-4af2-b826-fa4228d44cf4,8f7dc366-b011-4a85-8030-fdf28867d23f,1,12.59,0
539d28d3-fea1-4fa5-9235-35d183fa88b1,ca9108fe-0543-4df9-8c7b-cd5a292edbc1,9ebc66bf-9855-4670-9948-d9f591eec37f,1,22.14,0
f0f1bfee-a2da-4f0f-814b-55c10487a980,ca9108fe-0543-4df9-8c7b-cd5a292edbc1,fbd917a9-4155-4bd5-9fc9-9f1bdc0d8815,1,17.42,0
7bf81017-316b-458a-a15b-5425eeb3957d,ca9108fe-0543-4df9-8c7b-cd5a292edbc1,2daad838-6491-4152-8e12-8ae1be2c3dee,1,1636.43,0
83e6d346-f359-4440-9041-4cbf033182df,ca9108fe-0543-4df9-8c7b-cd5a292edbc1,e4eb9f28-56df-4a70-b182-638496c72531,2,391.39,0
f4de8719-61b5-49e6-8ded-747179b5af3f,ca9108fe-0543-4df9-8c7b-cd5a292edbc1,8df5a265-8019-4e30-9253-b225658184e6,1,223.96,0
775c26ab-80aa-4aad-bb21-a73fb5e4515e,3626eda8-185e-4244-92a9-1a738d910721,5ecc8d6f-10db-4d9a-9c9a-1d875544a28b,1,13.49,11
e09257a0-ec41-4b02-9011-27561a4b1c35,3626eda8-185e-4244-92a9-1a738d910721,7d36a0a9-b0be-4251-8538-2b84534d6149,1,10.27,17
366576ad-4a39-416b-bd9a-d23508ce3319,f845fc97-4552-4106-bd52-21222ee1d1b3,acb2ac36-ecd5-4a77-832c-c71d42025ea5,4,136.51,0
e2b42d42-6f3a-4dc8-82a9-f673b518c32a,f845fc97-4552-4106-bd52-21222ee1d1b3,c3129c62-024d-47d0-b60e-cb12aecfa209,1,46.16,0
862cd6d8-183f-43d2-a17a-6feefe49d329,f845fc97-4552-4106-bd52-21222ee1d1b3,c028d87c-4e1a-4cab-9ebc-666b4635c631,4,75.56,0
331b1e6c-03b1-49b1-9048-427fb61394d9,e1b35b06-7512-473c-91ac-34fc8db91e13,2ea69f28-956a-4ef4-87c0-b5eff4193ca9,2,101.33,0
807d03d8-a3e4-42e4-918a-3d7bf4c6fba0,e1b35b06-7512-473c-91ac-34fc8db91e13,64bb363c-1247-4619-8ee8-9a10c99b0685,1,86.23,0
b3e82df9-2081-4dfb-a9c1-88b4722c173b,149730b9-a6d6-4f3f-a992-54a1137ab4e5,44412c97-7884-47f5-abc9-adea3ec00d9c,1,1773.81,0
bacf272f-f79d-4983-ba5d-2818a03e49f0,3290a9ad-e166-437d-a1f2-f639d90fd9b3,4d4b6439-f42c-4fa5-b0d6-5d384e52d20e,2,41.23,0
53a1e6fd-2b5f-411e-aa40-1b5544e609e8,3290a9ad-e166-437d-a1f2-f639d90fd9b3,b156c971-b751-44a7-a920-8ff2227e1816,2,49.64,0
7784e789-745f-4858-af7f-ac6bcc69eb6c,3290a9ad-e166-437d-a1f2-f639d90fd9b3,bbd0155f-413d-4bf8-a12d-7904fc96f0b3,3,77.45,0
fab8f6c0-669f-4a53-8a74-a9bdebfcd6fa,3290a9ad-e166-437d-a1f2-f639d90fd9b3,1f518e90-f156-4d6b-a598-9c7c3e8c2d05,1,293.98,0
4123ec2e-7248-43a4-b3e7-df7b58d082ea,1eca61ea-9e78-4148-9ecc-f09af701defd,b84e4ac1-9632-4b67-a1eb-fed5db8ac65a,3,378.88,0
ea90de64-d5e7-4ceb-a6ed-945477af353c,1eca61ea-9e78-4148-9ecc-f09af701defd,b5e9a991-b64f-4ab1-ab03-fc13e6b92d21,2,1901.08,0
782041fb-222f-49bb-80f6-0749883e3ff7,11b8e0db-6c50-4a26-8961-d8232fe21bbf,bfdf3c9c-b724-4366-a60f-593fd3022626,1,291.44,0
ab598969-71a6-4036-9a96-108dbe3e7674,11b8e0db-6c50-4a26-8961-d8232fe21bbf,61b857ba-af4b-413b-b4ca-a5dcb63a5a6f,2,76.19,0
c333a47f-37a3-4172-8dc3-fa691c58155a,11b8e0db-6c50-4a26-8961-d8232fe21bbf,000d2c1b-140c-4718-8b37-13f0e3c94e40,1,44.79,0
e3f04a6d-b0d8-4316-93cb-3a02369cccb4,c52facf9-1c16-48fe-aac0-7b1303b8fa3b,a9d00492-6c65-42a1-8412-38486879c07b,1,1093.34,0
f284ee06-6b49-4527-b57a-0248b07ba4d7,7d189353-32c8-489e-ad41-04e855957e63,b2cc4b83-f050-4371-a420-64ce7ec0ec4e,1,227.22,0
6d92fe26-6427-45ea-935f-4431d7ce2f88,7d189353-32c8-489e-ad41-04e855957e63,125a7eb0-7ab1-44d6-bd2f-65b006ec596a,1,133.52,0
54f82443-5cfa-46c7-abb7-fd8dcc97ad02,7d189353-32c8-489e-ad41-04e855957e63,e202d726-8cc0-4e67-8128-4d4832fd07bb,4,49.84,0
d46f6385-f516-42a1-ae98-e6054b93cbc2,7d189353-32c8-489e-ad41-04e855957e63,9a2a600e-d3a4-4b0a-ac41-e5d2c694d73f,1,19.54,0
16d64485-b956-4a24-962e-03361c11c9a4,aa5d3708-4d5d-44f0-8562-112999adf3d6,89813c4e-4061-462a-a97a-5b0b9f5c304e,1,192.06,0
a8f16bfb-3f48-4986-a620-ea3a7917ad63,d43e0071-495b-4e90-acc1-b524b1dec2e4,b4f91781-012b-4f25-9b56-9494fe0b3bba,1,119.53,0
1ccf80a5-9b9e-4ba7-9aa6-0553309b4052,d43e0071-495b-4e90-acc1-b524b1dec2e4,5d85c125-628e-4cc1-bfad-8a86c85ccc26,1,240.5,0
fa3d9fa5-e1c1-40f3-a8ac-681e916f6d23,d43e0071-495b-4e90-acc1-b524b1dec2e4,7a2008f3-b1b2-4fd2-86d5-c5aa5ede1696,2,752.82,0
8136e040-cf89-436e-bc9b-a453244a159c,d43e0071-495b-4e90-acc1-b524b1dec2e4,01754f00-5476-46c1-a3fa-1c3743cfdaa6,2,1473.8,0
86c32b44-59e2-4ab5-aada-a376bfc67282,33e6fd11-1064-484b-936f-9e7716272d46,8d6ce4c6-0fa3-45a8-9b0e-c3d433db8711,2,300.02,0
2f355dc1-89ad-42c5-b4be-82a6ba0f8409,33e6fd11-1064-484b-936f-9e7716272d46,13ed7bfb-0103-4db2-8806-8b68aaa0d5c9,2,331.42,0
03fbe96f-8a35-4d7a-afa2-84ba72192722,eebfd3e2-b02e-485f-8428-a1cb1ff4b6b3,5c8ad488-2644-42be-a2e2-3c4f0f16d18a,1,222.57,0
2d598227-7548-4286-84a4-68c63d90a5bc,c10b1c4a-43de-4ff3-b68a-a891538e0303,4db6220b-e594-42ba-b188-c30c8e4417a2,1,215.72,0
0d1c7c9e-1815-47d3-93a9-55d956fef222,c10b1c4a-43de-4ff3-b68a-a891538e0303,95f200d7-c6e3-44d2-8a3e-f51c04008cfa,1,37.29,0
d3ea6486-c63b-4ffd-b011-829de99f89a0,34e7be8b-a33e-4279-9bee-e8b1e6d817af,104c8b0e-0c35-440d-aa16-f6a4b55f59eb,2,71.61,0
28414e63-f776-4b76-879c-118ebe14c161,c0226d2f-e0cb-480e-a9bf-b3060da824f4,aa01e32c-4cfc-4310-856d-06f40969a39a,2,6.47,26
a8bdf65c-257f-4bdf-bd7c-215a0901b0c5,c0226d2f-e0cb-480e-a9bf-b3060da824f4,7397d427-73e6-4aa7-836c-f4ffb9e2282d,1,45.63,0
2fb39976-d840-400e-9bf6-8f7b6de474a2,d891a57d-d276-4fec-9f74-5c333c966f8b,0745ff61-eb23-4607-b789-3b2d59c26742,1,594.62,0
8b75c7e4-64ce-4d67-9058-609e2f73277b,d891a57d-d276-4fec-9f74-5c333c966f8b,17c812d0-f236-4a7d-b1ee-962a18833f02,2,124.19,0
923625e9-2dcf-4302-b851-8abcb0d60b54,0bd36223-c4df-40a3-b564-f301a39d3b9c,3be37f4f-34e9-4a53-b0af-647dd47e3bda,1,197.94,0
967aafef-1907-4b89-82c1-4b65abb4fde0,d907f039-7610-4ea2-aec3-895ed1055f95,15ad11e5-2586-4684-96a7-f1ecc822da8c,3,22.03,0
96dffde6-9b79-48a2-8a67-f3f470817076,d907f039-7610-4ea2-aec3-895ed1055f95,9cabdd6e-8ace-44ad-badb-947f65f54e00,1,36.0,23
46dadcdb-7f92-46a4-b0ff-6484ea5ecc63,d907f039-7610-4ea2-aec3-895ed1055f95,ffe70257-51f7-4a8c-b7ca-3f396dcb0a13,2,76.9,0
1fbd7388-3e5d-43d4-b53a-641a087391f3,d907f039-7610-4ea2-aec3-895ed1055f95,e7d45eb1-1684-4d2b-a081-45d78a1f1292,1,1086.62,9
00a56ab1-65dd-45f4-964d-bffc26e69f1a,d907f039-7610-4ea2-aec3-895ed1055f95,dca893aa-7f50-46aa-b65d-ac8896b2186f,1,168.6,9
0ab9b564-4c29-4150-b2cf-7beed0613ca4,0937e806-ee33-4f37-8271-b4431dd2a0d3,99abef97-ed3e-4630-9c08-e8ee2d88b1ce,1,8.06,0
e29e9b52-f386-457b-91c7-f5085a94088e,3f95df1b-39b3-4168-951a-a48ee23e4724,ae88933a-3592-488f-96c3-a8ade8a67eb3,3,80.71,0
161caae6-6f91-4cd5-9145-f01914ea9ba8,113fd7b7-a06c-4454-868b-f7bf9e271e9e,909d07dd-5e52-41b7-b628-522f321eb71f,1,114.52,6
195499ca-af9f-4b3e-a472-308fcdf9645a,113fd7b7-a06c-4454-868b-f7bf9e271e9e,48393b4f-4817-4b73-a86e-4e200c253c06,1,189.12,0
245c9107-98a6-4f8d-902c-50bc272c867d,113fd7b7-a06c-4454-868b-f7bf9e271e9e,a4600996-f163-447e-91a7-2a3d0453608c,2,198.45,0
c4ece7cb-7f17-4f1b-a842-ffa4bad7bc2a,a91fe2ad-0cd9-4d9a-825f-ce5f57d2e411,b6774dc7-0be3-4a0e-b531-63cd7164c6d4,1,98.1,0
7de36262-3eba-45f0-9c82-795f680d824f,68b1f493-cdcc-41be-8548-0a52a0fe4d15,dd55d876-bad1-4e23-9176-a103c0e97c57,2,267.73,0
fdb5d3a1-2589-47fb-a153-4bf4831f2709,68b1f493-cdcc-41be-8548-0a52a0fe4d15,774633f0-6518-4c98-b2a5-8d2cc3499724,2,60.05,0
67f17556-c25b-4e3b-a16e-65597da3854f,68b1f493-cdcc-41be-8548-0a52a0fe4d15,5456335b-857d-44f5-8666-735ad23c27c5,5,2482.5,0
877b5a17-7357-4aa1-9a20-207786931940,68b1f493-cdcc-41be-8548-0a52a0fe4d15,7672e3fb-004c-46bb-873f-21c1c2cf211d,5,8.61,0
9f5f85d9-ff5e-413f-aa1e-2c0895c7ff04,f76dfc6a-5dc7-41e6-bdb0-0b85628ef4bf,5456335b-857d-44f5-8666-735ad23c27c5,1,2216.61,0
161d6278-1e4c-4953-9491-848ddc74514e,f76dfc6a-5dc7-41e6-bdb0-0b85628ef4bf,452557ee-e73b-4a4d-8659-c2a05d1d65b9,2,1057.82,0
c9d7e922-aab2-475e-93ac-d2e5ae8a30e1,f76dfc6a-5dc7-41e6-bdb0-0b85628ef4bf,776e2416-2a70-4f8f-8e48-7758756278e1,4,29.41,0
5903aa29-a005-402f-894d-b5763a9dbc95,2948b809-2518-4dc5-a412-636490a1106e,b3ef6498-822a-4dbb-beda-1b759988a0fc,1,539.3,0
151082d4-df5a-4bf9-b15e-dbb60bf17260,2948b809-2518-4dc5-a412-636490a1106e,28590aaf-c8e9-4801-bf87-c649f4c0d2d0,1,109.95,0
cc69a1d6-b1e6-483d-8105-89bb4c9dd59a,2948b809-2518-4dc5-a412-636490a1106e,bb357c56-1a62-4e90-ba13-2ad77754392f,2,108.2,0
346a211e-3690-4d20-a453-5c6d4ae67f49,4a38c5b5-2282-4d0e-99a7-68cdb2b08ca3,419fe6b8-2ba3-4de4-a72c-1907f2ce7cd2,1,71.15,30
b37dc834-1274-49da-a35e-59b22acec39f,4a38c5b5-2282-4d0e-99a7-68cdb2b08ca3,2dcade8c-9b85-45e5-8a12-7a4627a92ce7,3,64.14,16
9c4e50e3-d345-42e9-90d5-eaeb7f5d35fb,4a38c5b5-2282-4d0e-99a7-68cdb2b08ca3,e44c74c7-7118-4724-a8a5-e23dd6a5e5c0,3,1214.38,0
f20c99d3-fbb9-40b3-82fb-5ea96b1fcfe2,4a38c5b5-2282-4d0e-99a7-68cdb2b08ca3,38d69556-368d-478c-8943-11d7907d7226,1,78.87,16
89cdcf1d-0358-4365-82fc-c64134cc35d5,4a38c5b5-2282-4d0e-99a7-68cdb2b08ca3,bf60ee2e-3070-434f-92ed-995463d659ea,1,243.4,16
c263b757-366c-4d29-bc88-7f7d154bd69c,ed1fe30c-4823-4314-a7f1-18bab5fe005b,7c446d63-c1f3-4d6a-b87f-e4539a633373,1,35.42,8
6270aac7-9ac6-474b-a2dd-025ceafbd794,ed1fe30c-4823-4314-a7f1-18bab5fe005b,c905a7f2-eb5c-4353-9809-ca8855085550,1,227.52,0
4a3d4a17-3ab0-4234-8811-e133e87a30fa,1daaf55f-a7bf-4935-a5da-d1b04b79751b,a314f70f-1261-47c0-b067-36d04ff98ab2,1,22.62,0
886c61c4-256a-47bb-b82d-99978001c09c,1daaf55f-a7bf-4935-a5da-d1b04b79751b,23c93b78-b833-4ae0-8e69-6dd93e15280d,1,1474.96,0
529c18d4-e958-42f5-88d4-4ae7802c4563,1daaf55f-a7bf-4935-a5da-d1b04b79751b,665f08d3-26d0-4b5b-9503-f85ea8c39f45,3,175.78,0
40aa4d72-4eb4-4c44-8567-dc1e58b7308d,d4b8bd0b-6917-4a8d-832a-0cdfc544c508,590c62a1-5bdf-41a4-aaa6-5084365cc692,1,87.76,0
58d127a2-517a-4309-b538-a836441ef132,d4b8bd0b-6917-4a8d-832a-0cdfc544c508,f50320b9-a2ed-4cbb-9267-354ba6387cf8,1,347.18,0
3e47b4a3-591d-41d2-b65e-2e00041cf2a4,d4b8bd0b-6917-4a8d-832a-0cdfc544c508,3c050617-abab-4f7e-ab84-d8fe2b47b288,1,393.76,0
61cb69d6-f6d1-4f54-80a8-702d27561f36,d4b8bd0b-6917-4a8d-832a-0cdfc544c508,220b1969-127a-4bd3-b94f-c82a5fa891b7,1,114.73,0
2bfc7e4f-2429-4314-83e0-76b2c6254167,7912c4d0-2758-4cec-a6a8-05bb00d22d10,f1a7c4ef-0c1b-4bd1-80f7-259dca9d2d8c,1,104.22,0
bf483c00-4c2f-4d09-a424-b644e13b9193,7912c4d0-2758-4cec-a6a8-05bb00d22d10,57cf416c-1a8f-4eda-96af-5488a8f486e2,2,461.03,0
a98909f1-9135-46b9-be99-ee88114ff273,7912c4d0-2758-4cec-a6a8-05bb00d22d10,59f3aafc-51ab-4058-a955-a0310ca7df65,1,122.18,0
f5be3d44-204c-4576-9b15-d874e722ff6c,40d95dfb-9b94-4b04-8a07-e28f4a8ddd98,54b1479b-8572-4edf-b050-81e54c6bce91,3,63.4,0
c370d05f-001f-4e96-8504-2e86a899be21,a07d7640-dbd3-4c81-a774-8a7038b49a08,51b98163-758e-4a4b-b1e8-f71b8f8bdd1b,1,8.73,0
22f4dffe-17dc-4d21-a657-cdc063f1684d,a07d7640-dbd3-4c81-a774-8a7038b49a08,d27222e7-622c-4584-9cb9-0b12f57386b2,1,140.83,0
a5f3f971-4056-4b91-9b2a-6256b99eae1f,a07d7640-dbd3-4c81-a774-8a7038b49a08,8e757825-cb60-4e9b-b31b-ae7975026366,2,45.0,0
b7c1736a-a569-43b9-a9e3-77d86de14063,a07d7640-dbd3-4c81-a774-8a7038b49a08,fd6cc367-02e3-45d7-a60b-e7e885569155,1,51.93,0
7b6c2a6e-49a9-4bfa-9dae-fc2b02b075d0,1c870cbf-af92-4927-b37f-c6f443fd4bea,cb33b98a-dee8-4162-af19-36d5d8feaa28,3,31.82,0
52136087-458c-443a-9552-4158bfeb2b95,bb8b7a8f-80ef-421b-9383-02df0877784f,4283ec04-0582-42c9-b926-94c5282bb756,4,44.26,0
719cf959-95d2-4f0a-bdbf-202f63d561f8,bb8b7a8f-80ef-421b-9383-02df0877784f,eb7420ef-870c-4327-bc7f-774b2e2f070f,1,2279.26,0
7cede2f0-4ea7-4485-bf1f-c3d9434b6d73,6e641973-f6a8-4576-af8d-876fe6cb487a,db166ca4-8cd2-4487-8cb1-a750b60fd5bf,3,153.33,10
bb70a171-fb6f-4d3b-a886-9e08a4957139,6e641973-f6a8-4576-af8d-876fe6cb487a,98fd2594-f63c-42ef-a377-3cc1a8c717f7,1,237.37,6
af9c66e0-a2d7-44e2-aaae-06d7f0b9a5cf,6e641973-f6a8-4576-af8d-876fe6cb487a,5930857a-19eb-43dc-b2eb-35ef5cdecc5c,2,25.81,0
fd89e708-f676-4fdb-944a-2a9e89962293,6e641973-f6a8-4576-af8d-876fe6cb487a,4a56f0bd-9e5c-489c-a5b6-45b62443799f,2,19.29,0
1563d572-a43a-47d2-813b-6afed9ccc964,611ad850-2ae3-4bd2-b222-aed21522a6f7,4fbacfe2-685c-4bec-be3c-bdfefff51808,3,108.55,0
a7fc4a21-23d4-4c1f-8e21-66416fc7205d,611ad850-2ae3-4bd2-b222-aed21522a6f7,bfdf3c9c-b724-4366-a60f-593fd3022626,3,285.92,0
eb67d9bc-4ca8-43b9-9023-6518788e743e,611ad850-2ae3-4bd2-b222-aed21522a6f7,6bd01557-0d15-4592-a939-4e039bef6223,2,911.94,0
14b166a4-36cb-4736-99b6-c7c068fbeed7,68a47680-d810-4ef3-9603-e40375b60c28,1a584625-6d0c-4c49-a713-995f99faa148,1,1158.69,28
1f43f4b3-a5c2-4bfd-85b4-a83711dd6d54,68a47680-d810-4ef3-9603-e40375b60c28,4d60ae3e-10e3-4097-8199-9e8f57295480,2,499.99,7
aa5a9c07-987b-4afb-a76e-216515e6fc03,08fb9fad-3fbe-46bb-b57e-fa844a414223,f93bbd31-e14c-4abc-88ed-5686d4f2ef9a,1,185.26,0
fc8ed339-ee88-4966-8599-f556261c5e2f,08fb9fad-3fbe-46bb-b57e-fa844a414223,d7c2f5ac-6f47-4062-8450-e8937bfafcc5,1,287.29,0
7b6c6e81-7558-4e09-8438-ac984a260bad,08fb9fad-3fbe-46bb-b57e-fa844a414223,53b5420b-3615-4b7c-9b0c-bda168a3c72b,1,352.58,0
c24e8b6a-8f5a-443b-bfae-66869f7db942,08fb9fad-3fbe-46bb-b57e-fa844a414223,6aafda42-7802-4ef6-b291-b5880f9cf589,1,43.53,0
141704ea-ac2a-48d4-9ca7-586ae409f94d,fc7cb7f3-9ae5-4e12-972a-13ffe0027939,58578fdc-fb14-48c8-b848-23d85f19c821,1,1491.25,0
4636eab8-69d6-4222-b2d7-5592d9851f1c,fc7cb7f3-9ae5-4e12-972a-13ffe0027939,d70014a0-cabe-4c30-8a17-daf1cdfe3a45,2,333.45,0
4147a063-c60d-4969-9100-15ee7fd6d9d3,bdfe0bfd-9b77-4f64-a6be-1244556016dd,b08ebe18-388d-415f-85dc-950f88ccc457,1,1272.77,0
1d0b606d-48fb-4128-a27a-80cae0426b48,bdfe0bfd-9b77-4f64-a6be-1244556016dd,30441837-66e1-4c53-823a-18ed0caa805c,1,76.36,0
40b5bc43-a954-4143-bb99-5a16ba2f951e,bdfe0bfd-9b77-4f64-a6be-1244556016dd,825e1111-5eeb-4cd7-a6b2-112679f7912f,1,124.37,0
d1072f03-9ad0-4177-8108-b6ccf8289ec0,bdfe0bfd-9b77-4f64-a6be-1244556016dd,3db8e256-18b4-41f4-81de-25b318e28094,2,506.13,0
9f17ffc7-966d-42e9-b63b-eb6ce2cfca02,daf1e442-15c3-4849-a504-cd843058d20f,28af25f2-e032-4ba5-97c7-caa706b08672,2,135.57,0
167e22b1-3ed5-40c5-ab85-c9f4ffb9558f,c44c6cc3-7b99-4e02-b3e4-eab5252c30ce,7055e55c-855a-4383-a1e3-a8bacd5e283e,2,229.74,0
41453bf0-598d-40e8-9dc8-ec3a88257aba,c44c6cc3-7b99-4e02-b3e4-eab5252c30ce,49d23f74-4d50-4187-911a-e79f8acefa02,1,17.75,0
d1502136-e3ca-475c-8f2c-e96652283639,0c64358d-e779-4eab-99e1-c990ba6fb956,613e2857-2546-41c6-94df-10ad3dc7f923,2,481.58,5
2bfdb205-f7af-495d-a4b8-e106d0e8e9d8,0c64358d-e779-4eab-99e1-c990ba6fb956,82441a71-1c0a-4538-a0df-071d045de793,1,101.77,0
c04f9b71-566c-4a77-bf54-925df881a9dd,0c64358d-e779-4eab-99e1-c990ba6fb956,e625c1c2-41bf-44e2-89e3-15e410bc873c,2,50.49,13
1c68e6d7-b242-4295-95be-b0883bfc68bc,0c64358d-e779-4eab-99e1-c990ba6fb956,578458cb-753e-4540-8ae2-3c91e17f3343,1,1382.83,14
220e9865-b0e0-4319-affa-86de819a890b,8baf567a-f99c-490e-b6e3-e740087aa986,a2dd1d17-a40a-48a0-b743-1b93f83d19cc,1,248.67,0
c16aa1e0-e122-42b1-91eb-9d71d73fb335,8baf567a-f99c-490e-b6e3-e740087aa986,db2aa950-9ac0-4b82-a173-2d67345ca2a6,2,201.11,0
47c38ca2-2503-4ac8-bbb1-00fb73746701,8baf567a-f99c-490e-b6e3-e740087aa986,8af7b25a-ce71-48b9-8ce7-7fb664254454,2,518.11,0
4f3ac54c-cb68-4de3-99ff-9f32e7129fd2,b671be24-0025-4636-a7ea-31af06c5b5a1,209292ac-1e13-4d02-8036-3a6d1d6f5d25,1,227.81,0
95a9dec7-4264-4f0a-9030-a61a6e00d250,b671be24-0025-4636-a7ea-31af06c5b5a1,cab8d976-cde7-4cd1-85f1-a4659abe53ab,1,63.81,0
923e3be0-33c8-4403-8d6e-36266c4aecc3,c55449b1-04a0-4468-9d42-1c585bbcf967,952d3066-c97e-4c22-807f-6cb9127ed181,3,170.38,0
cc1d0d89-852e-4eac-a54c-095eed9b6758,c55449b1-04a0-4468-9d42-1c585bbcf967,943b5b51-767f-4b28-bab2-bbdae65e0a74,1,1567.16,0
4a8f1e6a-f215-46cd-854e-df4df5720ed4,6d26e0a8-1af1-4deb-9572-087295c9da2e,2855fe9d-7c0c-42a7-878d-94e3d66224fb,1,157.89,0
f92a7cd8-60af-490d-bdc7-e61ecca0f83f,40d70d74-78db-4676-9c2e-b796a525504c,73da7fbd-2221-4086-bc6b-337b6ba57d9d,2,108.42,0
5b05921b-e7b7-4177-8d10-b6c38dc0fef1,40d70d74-78db-4676-9c2e-b796a525504c,103bca4b-9e94-4a84-a6c7-1d7bb1c640af,2,1243.7,0
6a40a3fc-4e85-4ed1-afeb-c22ff2134d32,55a94d18-4c10-45ed-837b-076ae666334f,d3b42ff1-a2ca-4183-854a-68d9bf010626,1,1634.82,0
6a6f0bcd-afe5-4a80-b9cd-c3295eff26cd,55a94d18-4c10-45ed-837b-076ae666334f,e4d65458-a2cc-4be8-99a2-e0d851770909,1,538.06,6
7ca6bcd4-e820-4446-8bed-9661df6698db,55a94d18-4c10-45ed-837b-076ae666334f,7aec91e1-7125-4d2a-9204-653070080a3d,1,1727.61,14
24210b9d-517e-4d2e-88c0-e88dcdd05bd2,55a94d18-4c10-45ed-837b-076ae666334f,46453489-2735-42af-bbde-2da699714f27,1,1151.65,14
1ef2dbb4-9b7b-4f3b-8a41-175155181c3c,e61a81f5-4546-4ec8-b954-c2dc192434f5,ac2103cc-f7db-49c9-a457-41a822dd7217,2,641.08,0
9acb9e07-eb27-4da8-889f-01cf13fa2005,e61a81f5-4546-4ec8-b954-c2dc192434f5,76a089d5-887f-4d8f-a84e-befe91f5f07b,2,341.13,0
9728d60b-216f-4283-9b7d-77e798dda67f,e61a81f5-4546-4ec8-b954-c2dc192434f5,4d40d539-2e42-4c54-90ee-6634e8cfce7d,2,185.04,0
d16f6516-c1f0-40a9-8474-ba0893b9f238,e61a81f5-4546-4ec8-b954-c2dc192434f5,c3100329-7271-4ede-a9a1-b24f0cbd9c74,1,2066.4,0
c5b07a01-9d2a-4ec7-b8c0-07268fa27451,30e198be-afa2-496f-8bd3-7ec32f26c17b,fe20687a-6c04-4621-88c7-695adc989329,4,296.48,0
3b6b45c0-020a-4434-a455-1f2ce4a04215,30e198be-afa2-496f-8bd3-7ec32f26c17b,12eaa4b8-0288-441e-9bd8-0003ed0ac33b,1,92.28,0
e297095f-d7cb-481d-a012-caa06305c2ef,9b2c32cf-03f2-41b9-934c-66e2527e52df,feddcee5-f200-4600-8bac-d2c89cf7cd25,2,20.56,0
cd8c290b-8e2d-4c43-a984-98a4d68f9c0a,2c2874ef-2f38-4c69-985a-fd3be5ba7f50,6137222e-bdcf-4130-a81c-39e38064f766,1,26.85,0
925b0908-1f67-4f03-805d-db7b41c7f279,68c9d0a8-b188-4539-8fcb-16e1049ffdc0,01e7c679-9404-4d1a-8b97-1b36c4470152,1,201.84,0
dc14c29b-3a39-4b8e-8350-682ad8115050,59a9afc4-f4c8-4fa1-a807-184e2cab2f98,05656d3a-afa7-420c-98cf-93452fcf4953,1,475.75,0
bf03fd97-870b-4cab-8fee-d60311a6edbf,59a9afc4-f4c8-4fa1-a807-184e2cab2f98,734f025c-8cf4-4789-a1d9-24192ecd99d7,2,596.03,0
5c4bdf4f-324d-4907-9bef-240b5930516c,59a9afc4-f4c8-4fa1-a807-184e2cab2f98,5157a473-7974-4a40-a4a5-fa49d4bda798,1,128.93,0
7d81d74d-fe4e-4f35-b006-479b5c54b505,59a9afc4-f4c8-4fa1-a807-184e2cab2f98,034f82b7-dce8-4f9b-860d-047b2a22a27a,1,47.49,0
8f2a23b2-47a8-430b-ad1d-34980df05439,e51204b3-38a9-405f-a113-2a27864f59fd,ede04c8f-d31f-4323-bca6-95eaa5915bde,1,186.86,0
9c1867ac-d582-4277-801b-4d1c82d1c7bd,e51204b3-38a9-405f-a113-2a27864f59fd,f9cb4219-06b4-4244-8c83-cc266adc7be8,1,38.94,0
eaa3cacb-83ea-45d4-9604-43ffa391ed80,e51204b3-38a9-405f-a113-2a27864f59fd,df8a0610-4ba3-4709-af2a-f3f51fdb8a62,3,285.97,0
83fcdf39-0115-4928-a752-d29aaf817e32,3587de6e-8608-4c91-9f07-b7062353f66a,e1073f4d-4826-4fcf-82d8-cf4b755309fb,1,354.75,0
df2599a6-e14b-43e7-bc1a-c46157c7d600,3587de6e-8608-4c91-9f07-b7062353f66a,d68a1fe8-2f7b-4866-92a6-9e02ba1a6b2b,1,2052.52,0
af65e69b-1782-44e0-8808-5c26a61e8f68,3587de6e-8608-4c91-9f07-b7062353f66a,533fdaa2-1f55-42af-821a-824141e6c667,4,1108.59,0
a374a7ff-6b8d-4bc9-a08f-ee8bcdddc05d,806335b1-bade-44ee-8a93-f1e5166732f3,7e8442b2-57ae-49ee-aea5-76023ca3f8f4,1,60.45,0
d59cecee-4cd3-4cb8-b098-99ce612e52bb,806335b1-bade-44ee-8a93-f1e5166732f3,b2f603c1-44eb-4dc5-8973-91ec23beb3a9,1,245.26,0
d52a23a7-dacc-49d2-9bf0-737406f90ad6,acc32654-eb1b-4f46-84d3-e0f5396a374e,cdf224e5-e190-4e43-8b00-4a1c150bc716,1,1486.29,0
831446bf-d81e-4e4d-9221-016d2a74428c,acc32654-eb1b-4f46-84d3-e0f5396a374e,90aebecf-81e9-4cea-af77-67cb04a6e35f,1,826.82,0
d6b6a00f-17ec-42b1-8a51-1c8e3086fbfe,b15da2ff-1354-4603-98d8-e4464c59cc83,61b857ba-af4b-413b-b4ca-a5dcb63a5a6f,1,68.49,0
33a47c32-9ca8-4153-961c-267124755452,b8ac5afc-2752-413a-a9e8-827ba50ee4fc,5fbb2682-e873-43e3-bd48-73354df72b18,1,31.38,0
d3f3d7d6-8a0d-4f2a-9a4e-234e12ae0b92,b8ac5afc-2752-413a-a9e8-827ba50ee4fc,cd16e25d-35e8-4ebe-ab8e-d5b514e2553d,2,65.43,0
852b7639-6008-425d-8664-2b02eacc1357,c5374702-3298-4032-8c7d-0ed9ad5004cb,fd2c4328-6a19-4946-84ba-9f92b97a5cc1,1,256.26,0
cb875baf-8693-4b5d-bfc5-8641348eeaf1,7a642495-0bb9-4bdd-9e29-493251821293,e743de32-a07a-4d38-83b6-7dad475c3a9a,1,700.74,0
528056ab-87f1-4b45-a634-64b704f9ba86,7a642495-0bb9-4bdd-9e29-493251821293,7659cf67-5f8e-460d-b9e1-76661f46957f,1,127.44,0
5519086a-6fab-4b18-b866-eb51241b09b3,7a642495-0bb9-4bdd-9e29-493251821293,4f239385-ced0-498b-833e-de1e9b67bee8,2,71.92,0
3db6c5e3-6eca-42e5-bb37-b103b2eefbd9,7a642495-0bb9-4bdd-9e29-493251821293,730cfe40-cde5-4b08-b974-26a32bcd3b7e,1,182.0,0
9b68d52d-1e16-4203-909e-c79bc46b438a,5c320dee-ffa0-44ca-8cff-d5389310aa33,1ff35c24-3a68-40fb-bc83-265bc71599e4,1,286.7,0
4cc62f10-c7c0-4c0f-86ca-a6310f060a31,5c320dee-ffa0-44ca-8cff-d5389310aa33,d74dc913-12d4-479b-8c1e-39e8a148dd89,2,199.03,0
cb8b21d6-9bbe-418b-86e0-d802cd30c0d2,5c320dee-ffa0-44ca-8cff-d5389310aa33,5108a2ed-27f4-4c7a-940f-0371ba53b598,3,163.04,0
1c6ed625-8206-4135-bb92-517d67db3d49,9bcc24b0-3b95-44c6-9736-76eaa48c778e,70b80134-713b-4c24-a2e8-52c3deb390e9,5,1459.45,0
fe41c2e9-214b-41d4-b249-7542a45a4826,9bcc24b0-3b95-44c6-9736-76eaa48c778e,87242547-ccd2-4d67-8db8-3840cf89596f,5,27.5,0
11ab02e2-442f-49a1-9eee-6f29dcb8d63b,4be2ef1c-76c1-47e7-9f5c-3a72c086c554,5ff96de5-6997-4ed1-81a8-f9cf4d0369ef,1,306.34,0
97d32b89-b726-45b6-b881-0fd8548e2f03,4be2ef1c-76c1-47e7-9f5c-3a72c086c554,0fefa0cf-2585-4c4d-a48b-bef87684632d,2,93.14,0
893e149d-115d-4168-aa4b-79d24dbf4467,4be2ef1c-76c1-47e7-9f5c-3a72c086c554,28e70050-910e-437e-9748-dc3db7688534,1,683.44,0
2bf59e49-b350-4240-930e-8a751fcc399d,49a47c06-b97b-4691-99ca-ad4aaec0635e,6adad08e-ca91-4fac-9c0b-75a4e3d5baa5,1,195.59,0
89df0e3c-6fb7-4164-a12f-aa2ab4dfc050,11fa5b0a-74d0-4e42-b525-ef7b6a8af706,b4dd82ab-a0c8-426f-b27a-7714e0dc266e,2,251.95,0
4a023991-f1c4-4a6e-b7d0-22bd072c3ab7,11fa5b0a-74d0-4e42-b525-ef7b6a8af706,9b32b253-3785-43a4-8686-18b418a27c99,1,44.72,0
67048da7-8257-492c-abb2-9ab55cc9278f,11fa5b0a-74d0-4e42-b525-ef7b6a8af706,9075f74f-3844-47d6-aa55-1e480f6dc5c7,1,33.59,0
5a9bdaab-5d66-4fc6-9e5a-b7224e47bcfc,3d05d56e-e37e-40f5-996c-a402227be86e,60dec865-0d75-4a68-8197-081ddb81e1df,2,47.03,0
87aa0cb1-adfe-472c-87a7-6a058816aae7,01b46b08-294b-4d7b-ac16-113f790d8637,f3f34653-4a56-4240-ab12-05047d702c34,3,147.32,0
aa0b9935-3efc-4e9c-9f7e-cfa9b3389cb1,01b46b08-294b-4d7b-ac16-113f790d8637,1e188361-d502-47a8-be7c-659727fc4f02,1,31.95,0
cc0da7f8-4f40-48c2-b6b7-7e36537bcc6e,9e458229-3eaa-477f-88c1-8123b18b8409,2b641580-cce0-4824-bc79-1b8d0fc4f352,1,47.01,8
05994ff2-b5e2-437d-a906-e6ec5764fbbe,f9b7fffc-1b8a-400d-a59c-8a4516407118,9293344b-86e3-4f22-94d1-699f67c37e39,1,34.12,0
b72c6d1c-2335-4c52-9fcf-707d7c6e338d,f9b7fffc-1b8a-400d-a59c-8a4516407118,38281a9e-8cd1-4d7c-b3d9-47337ebb5525,1,63.15,0
c11cac28-aa20-49df-9b6d-c65209826c7f,b5000604-9c37-40da-bfc7-c52bde5354b2,274668e3-dd1b-4be5-933d-1c020e987163,1,98.15,0
f1a39559-4b82-4ec6-a5a7-a6266eff03ac,b5000604-9c37-40da-bfc7-c52bde5354b2,fd23343a-9479-4c49-8ebc-7e17e7390338,2,125.17,0
cea3e9f7-cd86-494c-ad63-e13b7a785f0c,cf98f97f-c932-45f1-9b83-3fed2af418c6,176046fc-6bee-4efa-bd75-05d55ae218c2,1,478.29,0
c21c35c3-b47f-4fa2-8971-141de4148830,ad62b574-8f85-4fe4-acc5-284c2bd11bd1,45f16094-a8e0-4f90-b651-c73aedd8e7d2,2,451.01,5
f2747d08-0c88-488a-a52e-217e13e3f2d3,ad62b574-8f85-4fe4-acc5-284c2bd11bd1,6b3b6388-851d-4910-a427-ff826547cc76,1,44.98,0
e212ad0c-99ec-475b-b983-01f65ce5f529,08b1bf79-420d-4f78-bdef-077cd54a67f6,7aac0a81-0fd3-4440-8310-c97e98c98c77,1,771.92,0
1e32a8ce-3a25-4191-9a75-a44c7c45f5a4,08b1bf79-420d-4f78-bdef-077cd54a67f6,cc6e3bfd-d146-476a-8d75-dfa7c05d0097,1,180.5,0
17917b0a-0fa9-43b4-a9c3-655f605a7fb4,08b1bf79-420d-4f78-bdef-077cd54a67f6,ddb52599-27cc-490d-8a7f-6da1e9df7e43,4,1543.82,0
ec3cb1ab-fe77-4a55-bdd9-3f246baa1df0,f982537a-f07e-457d-a1a3-efed43dcd744,ec4e4937-2b13-4b9b-988d-933858025b85,3,114.34,0
7d0e0001-a21f-4ca8-a291-60f7b819512a,f982537a-f07e-457d-a1a3-efed43dcd744,4628ed7a-dc73-4ddc-8ed4-00ef20663302,1,428.84,0
ffdb9b6b-0daa-4e5a-b1c1-2d66999b56f1,c0649a87-421b-49ef-ad2d-9ea7c698aaf4,2c2b0ae4-c357-4a8d-8447-d32e0ecf949a,1,434.48,0
aa1cbc3e-7402-4baa-bf5b-c082c9a19788,c0649a87-421b-49ef-ad2d-9ea7c698aaf4,c66e38de-b6c3-42fa-8390-2e0e114f56b3,1,158.86,0
8d87d55b-20f0-4fed-8920-68b25f7515ea,c0649a87-421b-49ef-ad2d-9ea7c698aaf4,8190cc38-5d91-4569-9962-461fcb67f2f9,2,29.46,0
bbec26f8-8b53-4e9c-9377-4da66cf39436,ac16d16f-5b2d-46ce-aa8a-fb04d6b66f71,fa87ddfd-9689-4c26-a4f4-e731eccecfba,2,35.63,0
208448c2-fc4d-4975-ba52-aaa94a935c2f,ac16d16f-5b2d-46ce-aa8a-fb04d6b66f71,ab4ebe65-49e6-40b6-8dc0-fbdcb7ab09d3,3,574.54,0
0a36e1d4-8e16-4766-a07b-a90e3c7dd3e2,e02ed70b-65a2-49a5-9437-b043d3df13c8,53379b0c-e59e-4f45-a753-e091d7c7d12e,1,670.79,0
62c91fcb-3d9d-47e0-ad45-fb12a92e03c5,e02ed70b-65a2-49a5-9437-b043d3df13c8,3747ac41-4510-41b6-92ca-14879b79c786,1,998.89,0
a7f1d3b6-6a2c-4431-8e35-7493349aefb4,e02ed70b-65a2-49a5-9437-b043d3df13c8,e84695e9-640c-45a9-8ee5-697a62282282,2,118.5,0
b23caea6-235c-4b12-ba66-2410a218a2a2,fbbe887b-d741-4e4d-ad49-c76bdbe27f8e,e6f941da-fbce-4a79-aff5-96aea18bcb7f,2,474.85,0
6a20c0ae-671c-4f41-8c48-ec8d6c895841,9e07823d-b58d-45f6-a2e8-a49016881945,664d5db8-17a6-4a83-94bd-fda67ee39d11,1,174.49,0
09dd0028-b3de-4b6d-b4d2-108d318060d0,c1e1dab9-d0c7-44c2-9ef9-42e461d5e41a,cfb94faf-9efc-4bf9-82e0-6235253dc040,2,667.71,0
7881421b-cf15-4ba4-8b7b-5cd30b00f517,c1e1dab9-d0c7-44c2-9ef9-42e461d5e41a,12ec8cc2-b454-40f3-8da1-3d9a0a49d7b0,2,28.98,0
8db33c32-d7a2-4e79-9532-2c758cce6cdc,424ca61f-617a-48d0-8c9f-9edd8118236f,9e5f18d1-a4b9-4499-be86-ad2e8472aa91,2,139.5,0
33d7fd9d-7908-4699-92a0-0b57cd2974a0,424ca61f-617a-48d0-8c9f-9edd8118236f,3364aec5-a3a4-4074-b49c-5aed5c4b0c06,1,102.61,0
5be2520b-8f3c-48c2-9612-e75ead1fe91c,424ca61f-617a-48d0-8c9f-9edd8118236f,aaf8bb1e-3122-47cc-a154-0ab674bb6d0e,2,15.68,0
21092df3-5672-47a2-94d2-5f1494851198,424ca61f-617a-48d0-8c9f-9edd8118236f,1dcfd2e9-d0da-484c-94ef-62cc48251c56,2,286.65,7
c8bd694e-ae7c-4f91-a2ba-18935b00541e,a948732b-8fd0-43ca-afb7-85d95a5b9bb3,1d72fad0-882b-4c5a-8378-7e828d280194,2,246.51,0
d08409ed-0994-4e6e-95a9-773c585608f7,a948732b-8fd0-43ca-afb7-85d95a5b9bb3,ecb0fb18-5a8d-4ae5-a30c-36455fca79f7,1,19.06,0
9287ef22-b806-4741-bd74-3acd08885639,ec10722a-30f6-4bfb-9783-c82d5da9da4e,3c429655-40c2-4d4e-a986-6c8531be4ee0,2,27.84,0
61bd581c-5d4f-41a3-b71e-7356ec1e9ae9,ec10722a-30f6-4bfb-9783-c82d5da9da4e,c028d87c-4e1a-4cab-9ebc-666b4635c631,1,82.9,0
2e99d433-fea1-4da4-9795-00b5dc7320b3,ec10722a-30f6-4bfb-9783-c82d5da9da4e,db9fad4d-d031-4aaf-9fc0-5f0a1048bffa,1,106.67,0
9e214371-b19b-4aad-909a-6c82d15250fd,ec10722a-30f6-4bfb-9783-c82d5da9da4e,e8b3fc06-7243-48a3-b686-ca30ec37f0ae,1,122.14,0
2ccceffe-47e4-49c9-aab4-9195045dbb8f,ec10722a-30f6-4bfb-9783-c82d5da9da4e,b780eed0-f8c3-4985-8f10-1ee046f75082,1,138.02,0
08a08792-67b3-47ec-806f-044e808470e8,c8f5b76b-2a39-482c-96a0-701353988228,c402c37f-2d85-44ef-b0b3-8c7ffab4688d,2,723.54,0
21fb892b-145e-4c7f-a834-f5ef64d7a4aa,c8f5b76b-2a39-482c-96a0-701353988228,98fd2594-f63c-42ef-a377-3cc1a8c717f7,2,250.86,0
8a478328-f334-49b7-9e8a-acf9a71b72e2,c8f5b76b-2a39-482c-96a0-701353988228,8edaf320-3cef-4b7c-a092-aae42f0ebca9,3,435.65,0
61bf2ed3-ad7b-4781-a960-f9ce52f79a8d,c1d7105a-c59b-4d9b-9067-b3efc0199c49,c08800a7-c9e4-467c-a92c-645910eec2f7,1,2660.66,0
4ede708d-b6e9-4f59-8f4f-ade693df08d1,c1d7105a-c59b-4d9b-9067-b3efc0199c49,64bb363c-1247-4619-8ee8-9a10c99b0685,1,89.53,0
c1daec00-2b28-4a95-ba86-86fddb3eec92,9cc03bcf-8a95-4d32-93e7-0f13cdca4ef3,3b0775f6-b898-4327-a111-380b0800cdf5,1,23.48,0
1536c295-9044-4893-bd8f-f599af5dfe2e,9cc03bcf-8a95-4d32-93e7-0f13cdca4ef3,bd87d697-feae-4c21-9a1b-fd2552b71c91,1,938.84,0
ab27220e-6388-46de-a734-3d8f6b884c98,9cc03bcf-8a95-4d32-93e7-0f13cdca4ef3,be95f48b-8044-4b05-96a7-036fb55970a6,4,16.3,0
9ab97339-84a2-4a7c-89af-87e878318fb5,1a69eccd-6515-4e12-beb1-7552ab6f8e9c,78b11d82-0e63-48b6-9f09-ceda94598e6b,1,1979.97,7
7989705f-6c3e-45ae-a4e2-78b40b4c5db7,1a69eccd-6515-4e12-beb1-7552ab6f8e9c,02dbbf02-734d-46a6-bc29-bddc9e7b06cc,1,151.82,9
3e542455-d9f9-42b5-afdc-b1e414c02372,d98d2f7a-edaf-484d-8519-1132b233b412,966bf468-405b-47ad-9ea2-c4c558345ad1,3,62.57,6
95111743-931a-433a-ae80-04e9a273b28f,d98d2f7a-edaf-484d-8519-1132b233b412,07ce8b5a-622d-406a-899d-b95710bbfb13,2,154.36,0
6c1cfd40-c1a4-47d4-8442-da1cec6fbd7b,07209b3e-6b40-4b52-b1c0-a0b403eca193,5c533c5d-2f7d-45e9-b6fc-eb63836a7bb1,2,1764.93,0
68119068-4828-4bdb-81f9-060809d30c19,0eff0b79-93df-4148-9142-50a36436c594,4412be2d-9072-4e31-a309-b392a439adee,1,213.56,0
38c03158-e0cd-4f3b-b16e-9e6490765851,0eff0b79-93df-4148-9142-50a36436c594,f48a15e3-d2bd-40b4-9752-8ebb56e38da3,1,453.44,16
8bd8ee6f-eb04-4122-a0af-e3790d5b0a51,9b77345b-fe4e-4066-a607-e52e0c32c780,e577d14d-e5d5-40c5-86f0-3a9b03fdc826,1,999.1,0
b7e28bc8-d65a-4586-ada9-b485c8d5a0fe,1c706be9-0e16-4a63-8569-4bcb852f0b89,02dbbf02-734d-46a6-bc29-bddc9e7b06cc,2,156.31,18
40a268fd-2a5e-4061-9167-8719ae3cd215,1c706be9-0e16-4a63-8569-4bcb852f0b89,dc18a4be-05fa-4f33-9b9d-7cce2e7d1a84,1,13.91,5
38d228b0-a8f5-4b8c-93fc-ef46d3c95e3a,1c7e4be6-6859-44e9-9a7b-1a4cf30b28f8,3eaecf6d-7bdb-4d99-8bb0-274cfa7c5c5c,2,199.78,0
2450a61e-c787-4b49-a626-7aba942bd84e,1c7e4be6-6859-44e9-9a7b-1a4cf30b28f8,76acaec9-da5d-49ce-b824-5c539bcf0cac,4,71.68,0
07d81538-5a45-4186-b20d-57804b27bda2,d93d7d8f-512d-42c5-a3c5-bbb67215c011,8ef13727-261b-4814-89fb-1f2807daaf2a,1,188.57,0
2858f64a-7843-4344-9ef7-8c1513950363,e7dae4d8-81bd-408c-814c-96d2079a682a,7397d427-73e6-4aa7-836c-f4ffb9e2282d,1,44.68,0
cb7976d1-d062-4c45-b840-0e452c1396f1,5581f221-427c-432f-b0d2-1b4d051150c7,d18516a1-f717-47b4-95dd-38a1b8e09d09,1,236.51,0
4b55cdab-cd77-4c37-982a-86e6e6f08467,5581f221-427c-432f-b0d2-1b4d051150c7,e60a8643-e91c-46f5-a056-51642f798194,1,1885.84,0
bd4faf8e-1073-4ad2-9797-99ebd7368f0b,5581f221-427c-432f-b0d2-1b4d051150c7,3cb4d82e-eebf-44ac-a649-6a660baa8b4c,1,13.53,0
17527204-af6f-4d4f-9d97-1800be0c3bea,5581f221-427c-432f-b0d2-1b4d051150c7,2857c06d-9eeb-4853-a63e-ab4416d88eb1,1,2078.56,0
e70db4ec-81f8-4eee-aa6e-15e314bf3606,9cf4e39c-7764-4a88-894c-79d9ac853941,0ea21204-0b31-4254-b7e2-586f77034b63,4,331.73,0
d17fe992-9734-427e-aff2-51eaa91ffc12,9cf4e39c-7764-4a88-894c-79d9ac853941,fe41bfd1-4393-4210-87e2-b46766bb6f11,1,226.63,0
f95a678a-4f9d-4afd-9521-5dd06947dde1,59172dd4-26e2-4158-87f6-f0f341c8df1b,aa7b0947-7e2e-495b-b802-8c0d5bee8f51,2,189.64,0
1b4beb66-8d20-4cf1-8f26-5cec699e0ea6,59172dd4-26e2-4158-87f6-f0f341c8df1b,743e104c-fb6b-4908-93c3-5827a9f806a3,1,350.83,0
557c940a-48e8-4d01-b251-c3644c70e00c,7df2c819-335b-42e8-8e85-252103d32d7a,92fadf9c-7762-4716-b945-6365d16e6138,1,768.51,0
c0373b8d-c0f4-47fa-a463-567e253c488f,d4e6c948-3f94-4db1-b04d-010e4ce0ac19,b0a29567-f4e8-4582-9dc9-ae24244de89b,1,65.91,0
786138ac-0d2f-4ff6-bb4b-5d9524775a2c,d4e6c948-3f94-4db1-b04d-010e4ce0ac19,7c213314-fdc6-4d8e-91b0-94cb827d26ac,1,20.9,0
ca7c2a21-383e-48b4-8a11-c98818ab5e9f,d08b9f45-a486-4936-9c85-48fe49415a32,9854af65-cb7c-4370-b55d-848164e0fb9d,1,72.74,0
c6835487-74e4-4b81-b557-76b0716e4048,d08b9f45-a486-4936-9c85-48fe49415a32,c2bdb6ab-6712-45a1-8244-8431056b3048,1,181.21,0
660e40c9-f8d3-4607-be03-246594c685a0,d08b9f45-a486-4936-9c85-48fe49415a32,ad68635f-81b2-43a9-b4ba-bad2fdba0d05,2,19.24,0
0111c99c-c0c9-4c4d-8441-6bbd9475f150,d08b9f45-a486-4936-9c85-48fe49415a32,d77345dd-04ae-4bf0-90cd-96b6323ab537,2,239.56,0
182b18da-f3d4-4a94-a710-0c646ac7cd18,d08b9f45-a486-4936-9c85-48fe49415a32,f1117a6c-6eef-47de-9433-f27f83fd19dd,1,656.51,0
d3324590-82a2-473f-ab13-39250b0fc8a2,f96ab6ad-97d3-4075-ac9e-0743228c2513,5337f606-62da-4029-a46e-74a682460439,2,35.79,0
e445969f-4f94-448e-bc83-6117010e0050,f96ab6ad-97d3-4075-ac9e-0743228c2513,25d3fa6c-6397-411c-905d-14827cf4009d,2,64.05,0
a2d27a61-94a0-4629-bb54-bdac2989aa76,f96ab6ad-97d3-4075-ac9e-0743228c2513,5fe816b0-8b85-4a39-bd0e-de514fb90b46,1,230.19,0
4689802e-84fc-4b90-aa50-059e4fee0a1a,f5b70202-3b73-47d8-9cbf-9e461a97cd57,2f533a24-72aa-4384-a77b-0654dc62fafb,2,1682.86,0
d1a70be2-5c41-4caa-8931-bdcfbdf93080,18cc1ec8-9b1a-4305-b00e-d79513738af2,81daeb16-cbbb-4aaf-b66f-6fa7dbaa505d,1,441.65,0
2110bbd0-122b-4195-96c2-93caf465657c,18cc1ec8-9b1a-4305-b00e-d79513738af2,9196e12f-7ae7-44c2-9d8b-02c6faa81d43,2,276.42,0
85215bbe-173a-4d80-841c-aa0ff776a24e,9275f2e5-cc51-49ba-8a24-9cea17933a4e,92b1debf-9883-436d-a046-05678949bf4d,1,27.42,0
cdfe22c7-8345-46db-9b89-0c65ffa98b9b,9275f2e5-cc51-49ba-8a24-9cea17933a4e,70cb799b-0595-4e24-acec-31ea69bdddef,1,250.16,0
e522ed22-de6f-4cfa-bda9-b041d7c32711,9275f2e5-cc51-49ba-8a24-9cea17933a4e,cdd16358-532c-478a-a70d-8ae36d0aa8d4,1,853.09,0
f483e254-7ebd-4980-9ba3-a3e0433c339b,9275f2e5-cc51-49ba-8a24-9cea17933a4e,f9c9eba3-0a8f-4dbb-accd-a9621d0f40b9,2,107.06,0
a2747fbc-a322-4371-b499-08da9f5c7f57,01ebed40-3f19-49bc-b658-2bf1d6323595,2e1148c7-0362-4bb9-af09-f5dfc9b8fd62,2,131.39,0
a4f5ff57-6147-4eda-9bf1-11e60845c073,01ebed40-3f19-49bc-b658-2bf1d6323595,05697172-79a3-454b-95a0-6b0f8bc63738,1,204.83,0
783f9ca6-b9ff-41b2-b1ff-13d498acd40e,d83f6b49-41ed-4912-9dee-5ced2864da67,b4bd54a2-e57a-4ffd-bb17-99721bdc7ba8,1,1884.08,0
75d604bd-7a1c-4d8a-a110-2fa9f1f468dd,d83f6b49-41ed-4912-9dee-5ced2864da67,7633a488-dd04-4ddd-8bca-dbb608cab627,2,117.39,0
f3f24f6a-de52-40d6-82c6-6c3d199e4ce1,d83f6b49-41ed-4912-9dee-5ced2864da67,097e0db4-d63f-4a27-8fa0-fb8a2db754b7,1,1752.59,0
f3d7384a-f144-4ef1-a2e7-a5d55cf48607,d83f6b49-41ed-4912-9dee-5ced2864da67,f58f3c0e-ba71-4464-aa5c-9a6f8b924c01,2,42.93,0
30f80f11-7882-4c96-bbe0-bd4fceaa84a7,d83f6b49-41ed-4912-9dee-5ced2864da67,2df5600e-f252-4e88-9cd2-d64677f8a78b,1,614.63,0
5767d37f-01a1-47de-8238-822f553961b7,9054746c-9dc3-4b7a-a06a-83d9902287ae,32160158-20ff-48db-9932-f35522962193,1,1296.74,0
29d8fe40-170b-4206-8c53-75dddf03175b,a2cf73fe-a82f-4ff9-9271-87ed87c46dc2,1c8b828f-a777-40fc-a6a0-3ce73ceea21b,1,114.42,0
318b1d74-e705-413d-be18-c759df6865c6,a2cf73fe-a82f-4ff9-9271-87ed87c46dc2,3f5bcda3-a005-438c-9a91-e8e1aad58bbc,2,19.25,0
245c7239-2bee-40d1-b817-cb24005c03ba,a2cf73fe-a82f-4ff9-9271-87ed87c46dc2,1f06bbab-b19f-47bd-9087-158b704d6274,2,22.34,0
4fd3a19a-5457-4016-9f93-2de9e425c3a8,db8d8cd2-786b-4bf7-84e0-e4bac7696a44,48032e0e-48fd-48a6-8bc3-8c34c197308e,2,135.25,0
8f527533-938e-420c-b74c-328663c89713,db8d8cd2-786b-4bf7-84e0-e4bac7696a44,33e9d31f-cdb0-46af-822d-8f05dddd55d8,2,64.48,0
648878f1-fb45-46b5-86d1-994237a1b1a8,db8d8cd2-786b-4bf7-84e0-e4bac7696a44,e42d7ae6-30db-4f59-b7fa-9f1112a04038,2,416.13,0
db586eb3-aeba-4054-ad0f-9fd7863edcad,db8d8cd2-786b-4bf7-84e0-e4bac7696a44,9d81f88b-13b5-439e-9f48-cdf2f844a62c,1,59.01,0
19e6ee72-4680-4f54-a1a4-98ed76e8c7ad,b6a70e4b-c570-480f-b343-5af643a1c0ed,519081b6-a40a-4968-b152-dca622274f9f,1,17.99,0
ac89fc10-fdf2-4502-aebc-a91f9623b054,b6a70e4b-c570-480f-b343-5af643a1c0ed,9a0448e8-d4c5-423b-bde1-d2319c2c483b,1,1372.55,0
e8eb17aa-28eb-41b6-a9ed-79f3f7e0a1d6,b6a70e4b-c570-480f-b343-5af643a1c0ed,0263b0ad-7ea1-43e9-a8ea-70bd2062dfd7,3,35.45,0
a4ccd298-a226-4cbd-8f6e-0ec471dbef67,b6a70e4b-c570-480f-b343-5af643a1c0ed,113efe5b-0397-40fd-bfb9-2900725fcef8,4,86.73,0
0ae5a606-fe5b-45a6-827f-aa86362c6fb0,a9cb66ff-6af3-43f2-b3fd-ac3cde5378f0,0c4dd39d-ad01-4477-ad32-5499cdc9a2fc,3,1742.49,0
db6cf62a-5cf8-404f-9c32-84a2936907ed,a9cb66ff-6af3-43f2-b3fd-ac3cde5378f0,e7537845-01cc-418d-b330-62308da26400,1,2154.38,0
1bbac882-4f25-46aa-9ed6-0c4b3af70598,a9cb66ff-6af3-43f2-b3fd-ac3cde5378f0,58786376-0148-4a23-85b5-756f94be2e04,1,36.96,0
0b9807dc-2f3a-4968-9bb5-192ea20e8c79,a9cb66ff-6af3-43f2-b3fd-ac3cde5378f0,c455b992-a9d8-4d56-9a45-f415c7a5744a,2,77.35,0
f2d939a6-b930-4215-accb-93a45ba9cffe,a9cb66ff-6af3-43f2-b3fd-ac3cde5378f0,2da12e9a-5c16-49a9-bc4d-eb7c61dd2dc1,1,384.67,0
24a6beac-3473-44dd-99a5-bb0eb209b3bc,502af2a9-a92d-431f-8490-e5798f3aac03,a6e654b8-f580-41a9-b296-836d81ffc96c,4,74.25,0
526feb63-9b27-4f9a-abe1-a5342d7719a5,502af2a9-a92d-431f-8490-e5798f3aac03,e58cfe6e-9c19-44e8-bf74-02fb814c4317,1,189.9,0
28519552-bc45-4be2-9f8c-7bf28efde4e8,bb775040-8ada-456f-b683-83180cb8eb0e,6890c92f-84c9-4036-ab3d-294893088244,1,201.74,0
547ca413-d64e-49ce-81d1-7cba9a07696a,bb775040-8ada-456f-b683-83180cb8eb0e,48ac6296-b9c5-4af0-8b2c-47800158352f,1,49.99,0
45c5f6a9-5c31-41db-89ec-4b823cff29f3,bb775040-8ada-456f-b683-83180cb8eb0e,0461e418-f8b3-47d2-8093-946f584a11d8,3,1938.86,0
30f6a17a-36a5-4e4c-8a57-b6e96cf33fcd,bb775040-8ada-456f-b683-83180cb8eb0e,c2c66c94-c08b-4e9b-80ef-7976b4c7e91e,2,276.8,0
e2c870f0-eeac-409a-b938-10e734cc181f,bb775040-8ada-456f-b683-83180cb8eb0e,19713c5d-dd31-427f-ad9a-5296cfd2e86b,1,180.47,0
7a021d90-fa84-407d-bf19-ab41684ea1c6,963d8831-976f-474f-a839-b8e93b05b598,b2f18407-f77b-4fd8-b622-e36592908954,2,278.62,0
eb251e39-9d16-475f-a953-675ba1ab64a8,779590e4-7f4b-49ae-8a91-d14e7b0aeea1,5370eede-ac5a-4dbb-8a68-f02b78498fa5,1,2047.14,0
60b0bb3e-9c2f-42dd-b467-1ccb944fb632,779590e4-7f4b-49ae-8a91-d14e7b0aeea1,c93455a6-0202-4eff-b4ce-ba226cf54f69,1,233.78,0
ee9ed549-e0ba-4aaa-9351-b53a782489d6,36e6a690-8d06-4368-ac96-f8f5462ad8b1,274668e3-dd1b-4be5-933d-1c020e987163,1,101.02,0
e3571a67-bd20-4034-a54a-42fe227ba546,36e6a690-8d06-4368-ac96-f8f5462ad8b1,68ca9bf5-e500-4ef6-84a0-b7e708ea9138,3,72.67,0
1167b0a1-1d2e-4738-bea2-71a511a88885,36e6a690-8d06-4368-ac96-f8f5462ad8b1,6855f0ef-fedf-4bd1-826f-3d34ec57881b,3,248.63,0
5f595ece-4110-47b7-92a5-b9fc564a12e4,bb88e65e-27fd-4fca-a7d8-6d5b57582d68,7d673ae1-7f07-4c1b-931a-90f31a1b6f91,1,114.85,0
3764dc72-dce9-46e0-9f41-188722bd7596,bb88e65e-27fd-4fca-a7d8-6d5b57582d68,0073fd12-cf66-4103-a403-6d4e41727e58,1,851.0,12
42f2a802-db02-42b2-8bff-7cddfd98cf9a,bb88e65e-27fd-4fca-a7d8-6d5b57582d68,fd2c4328-6a19-4946-84ba-9f92b97a5cc1,1,271.21,0
ce4a9d4a-e1cf-4776-a933-44882994c2e0,14dc687f-20e5-48fb-a2c4-ce123f73949f,f425790f-c9f6-4033-8df9-5e1f029403f3,1,10.85,0
0a0dfe28-c497-4d9f-9e3c-d15e0029fa3b,14dc687f-20e5-48fb-a2c4-ce123f73949f,cb068c9b-8224-458d-b3f3-7392005f5d90,1,63.52,0
b2e13e3c-8ad5-40cf-9b60-e0618c2cdb58,0a6200cc-0685-4e0e-bf76-2e8e36107fb6,be094f79-be28-435f-ae62-47f44dc851d2,1,86.15,0
5f379e89-7c8e-4111-a830-6c2e2e05181e,2455e0a8-3a7b-41da-823c-14b5b7b28639,49e5c8ac-f88b-4624-9e72-14c1716d2d6e,2,27.08,0
a067c064-d2d5-4268-8b68-468d4b85b6df,2455e0a8-3a7b-41da-823c-14b5b7b28639,af3d0471-07a9-4d06-9a38-ebf5500d253d,2,253.08,0
98f2ce4f-592c-455c-9972-970fa71605fa,2455e0a8-3a7b-41da-823c-14b5b7b28639,38d1b786-d729-4af8-902a-b3c518c55348,3,53.6,0
6b8abc0e-1414-424a-a386-037833c1e011,276c964b-3d76-4b3d-a1da-6873598cab5c,533fdaa2-1f55-42af-821a-824141e6c667,1,998.55,0
f8612477-7963-45e9-b74f-66de4f0e1ce1,276c964b-3d76-4b3d-a1da-6873598cab5c,d5a4ad30-816b-46d5-b30e-725821cc9281,1,5.88,0
7c14c662-a552-48dc-89dd-d3712049bcc8,f4dddb01-2ebb-47f9-816f-de8afa2bbdd0,7aec91e1-7125-4d2a-9204-653070080a3d,4,1720.35,0
6270685e-e7b8-4123-99bf-b46808e9fbeb,04e5b2f9-d1c5-416f-b497-b873c77d9278,77bc43f6-38c3-4128-b24d-e6b962fc3ab0,1,55.03,0
f44dcada-acd8-4f69-89a4-68e43df0628f,04e5b2f9-d1c5-416f-b497-b873c77d9278,c9f862dd-aa7b-41e8-b4a5-bd47f7e9f062,1,123.25,0
67d83022-4c90-40a9-a814-253ab5bd7655,b53deb52-6099-4b23-9533-76b06c6817c7,1414ef8f-f37e-4130-8e15-fd4f3b5b2f51,3,715.42,0
241ac870-5901-414d-ab73-3787bc741236,fe3223c5-7480-4787-9188-06434a7e33a7,d7c2f5ac-6f47-4062-8450-e8937bfafcc5,2,247.96,0
de319161-f26a-4226-840b-c8cbe46258d7,fc4c7022-81c1-444e-a28e-064f74e907f6,67e634f0-de0e-481d-983d-322f49cd3810,4,143.72,0
fc9e527b-9016-41db-8367-a0b5c63bee9b,fc4c7022-81c1-444e-a28e-064f74e907f6,ba8de86f-a35f-4ee0-a311-8d3daa75b745,2,348.13,0
d78e812c-e570-4d73-a51f-dfac9ae1c3b9,b1d27838-828e-4fc1-97c4-73baf4109e1d,e808173e-ccd8-4d8a-9471-325cc69ef57a,1,71.02,0
f11ea3d3-81c9-4da1-a0ad-f1db6b9fbb54,5ae6a315-e796-49dc-afaa-20ab5bb588cd,220129ff-46a8-4bf6-a9fb-f4831361e702,1,128.64,0
e71c8af3-cbda-42a7-b8c1-e78984a26489,012fd87c-096b-4f4f-8346-e3e789b99102,ae6c3019-9c22-4809-a83d-45f296673d9e,2,648.8,0
f7faf5b0-8d2a-4d2c-986e-bbec0876c055,012fd87c-096b-4f4f-8346-e3e789b99102,737e2987-5e43-41fb-99ee-652020b7e85b,1,6.5,0
5666ca11-08b1-41e4-9154-11f3b8b57797,012fd87c-096b-4f4f-8346-e3e789b99102,c5e37502-cf09-45df-a616-0408a77c71e8,1,947.72,0
2c628ef5-336b-4ecd-a6ff-3837d36a4314,012fd87c-096b-4f4f-8346-e3e789b99102,0813ffbe-d153-4c54-b121-f333746c304c,2,894.56,0
ec6f037c-5940-4dd5-bcdb-5402c844a185,012fd87c-096b-4f4f-8346-e3e789b99102,665ce25f-6939-4664-a82c-82a410a4580e,1,159.05,0
93ab4002-2c5c-4d21-a9fc-ea5d819806ee,07b45bad-c6f6-4de5-af13-54c2b8ebe8f9,6bbfcb57-cd96-4cec-9ccb-60b4c5c5de74,3,594.03,0
9c97c74a-9e47-4122-91b0-b0b06455ed0d,5ad0abd8-7bef-4b1f-966f-301dcd7e3938,03d7881b-69d2-4592-9741-1764541cf7cd,1,95.35,0
7aee398d-ff4d-4a35-8eef-dc72f41c014a,24cb22fa-05be-4b3f-be72-ff3058719c54,dbf2c919-48ea-4105-844d-8bc9c14bfa58,1,404.87,0
2179cefe-73c5-4a71-91f5-21757e95eabf,24cb22fa-05be-4b3f-be72-ff3058719c54,cb068c9b-8224-458d-b3f3-7392005f5d90,1,62.93,0
cf0e13fd-6786-414b-a48a-b36fbb226f5f,24cb22fa-05be-4b3f-be72-ff3058719c54,7b0120d0-905f-4307-b980-2852a6452154,1,285.3,0
157bd05b-3858-4437-9075-2bd22d1e89db,24cb22fa-05be-4b3f-be72-ff3058719c54,a7f98613-bf7f-41ce-bd40-0b4563a73edd,1,83.82,0
ae1f2ce0-78e5-4261-a8e5-17f79df4c0f6,d2b99277-acdc-41d1-b80c-e4c7c59b33dd,25c4804b-dc65-4862-9e7d-0d80af04b6d4,1,580.07,0
144618a6-392e-4815-b0ec-623eae4670d8,a02efd10-aa75-415c-80cd-21b30ad65c2d,acb2f85e-4dad-4cc8-abd4-19059f93d029,1,419.63,0
f931e713-2ba5-4233-9456-3960d9b6c508,8c92ad2d-12f7-4e2f-856c-881a9373926b,277ce611-de12-425c-a562-e0e03f80492a,4,1223.48,0
874f1f57-a614-4d85-b8b5-82f6b3e3da66,8c92ad2d-12f7-4e2f-856c-881a9373926b,7252f329-5f46-4891-b105-900ca04eb48c,2,23.19,0
a34acca7-4c0f-46fb-9189-8d92c0e95d16,0ab020d7-85b0-4733-b4cd-3ac859004f60,ebe33881-df57-44a3-8a4f-dd98e6bd345c,2,240.19,9
5b6645ec-82e3-475c-84d1-15452a6e5dca,2b8ea5b1-7a72-4f4f-98dd-99d45eef8758,a075c6ee-d08b-4179-9b1c-4d4e1d2fb5a7,1,299.61,0
af13471d-d2a1-45a1-8871-4ca2b9296b25,2b8ea5b1-7a72-4f4f-98dd-99d45eef8758,2b895227-b57f-4e13-b25e-615e45a40dfb,1,148.22,0
8cd76ba6-52c1-4eab-bd64-b61df618e90a,2b8ea5b1-7a72-4f4f-98dd-99d45eef8758,8374ac9e-cc8e-4edc-8627-fdf9925a70e5,2,217.52,0
98d687f6-11db-494b-8896-f54831b52eb8,8dcf6e4e-f1af-4dab-b983-ff1755b33db7,ef26cc36-1c84-4a6a-b4d4-7055077d374e,5,1857.6,12
dd363606-f121-47c2-bb76-9dc3f90295d6,8dcf6e4e-f1af-4dab-b983-ff1755b33db7,d47c6e9e-75fb-4bfd-84d5-91a2b4c0a1f9,1,834.08,0
94609d61-5d83-4aaf-96f5-210df09bddf1,8dcf6e4e-f1af-4dab-b983-ff1755b33db7,db1e415f-37b6-479d-b110-e9f7c0936033,2,34.53,12
9cc863ff-3326-48a6-9a77-a8d190f57731,35403f52-0a3e-451a-b61e-50f2514ade25,53dacfaf-fd04-422f-bdc6-59f92a6e45d0,1,38.62,0
b75e10c4-71ed-4b43-9069-aad45c0fae73,35403f52-0a3e-451a-b61e-50f2514ade25,c94f8c98-af8e-4778-ae06-db4b16fcfd8d,1,42.24,0
4f2b443a-20d2-4adf-b7de-b9c7a6b85b41,35403f52-0a3e-451a-b61e-50f2514ade25,06c37af8-daec-421c-9631-4d974363ad17,1,203.35,0
bf14f2aa-d0c5-4dd0-accb-549663176ffc,661c16a5-ae85-4a8d-8ca4-7ecf4cca4774,5bfc61af-8ca9-4d0e-af2b-66a0f37e7111,2,246.07,0
194ebc63-53ea-4164-8880-e22dddf13c6a,661c16a5-ae85-4a8d-8ca4-7ecf4cca4774,81d4a182-bc70-4c78-8bd5-8e0fcd39801e,3,43.09,0
69870ecd-860d-4e6c-a8e3-5b07b8cc5cdf,75f82984-674a-46fc-af0e-0a9e7af957e6,52437583-9bb2-4833-a95c-0328101f0348,1,139.85,0
ef2a497d-5718-4147-9595-487c049b12e1,75f82984-674a-46fc-af0e-0a9e7af957e6,2824113c-612b-4ee9-a1e6-3017589684fd,3,90.27,0
3d435ac5-21ad-44ae-adb8-964a86bcbccd,75f82984-674a-46fc-af0e-0a9e7af957e6,af8ebd33-e03e-4733-875c-9940b3722a11,1,24.32,0
cc3525d9-a28b-4eb5-9c57-a04e5af90aa1,75f82984-674a-46fc-af0e-0a9e7af957e6,32160158-20ff-48db-9932-f35522962193,1,1331.68,0
b2e3e4b8-7216-4b4e-8dd3-99d94c33ba91,4d477421-33c8-4778-8bad-eb8c78692964,f061c243-2556-4ee0-98e4-8017dc942a8d,1,16.46,0
19c13f0c-5ec9-484a-b339-f98511db6bee,e2804620-40e4-4d4c-94c8-b3fb5617bd87,47b58fe5-d7a1-4f3f-8022-e01019035509,1,131.49,0
469a32bd-b1b7-4e57-8bd3-5f4a016464a5,e2804620-40e4-4d4c-94c8-b3fb5617bd87,d3ebf114-5787-44c3-b883-8b5c0015746c,1,115.39,0
3bdc1623-1269-4301-bd44-b57bb450a98e,e2804620-40e4-4d4c-94c8-b3fb5617bd87,ef9aeb61-23a8-4c4e-9301-dfdbbcd4fa9d,1,1858.31,0
8f9dfbb3-06be-44ba-8d2c-6aedb5e80549,a4be29d4-c869-4fde-81ac-7a433783d0eb,ebfebe11-e0b1-409d-b2c8-e9b357358a77,4,1422.65,0
d3f4ad40-252b-40f2-9723-1f4e83ebe367,a4be29d4-c869-4fde-81ac-7a433783d0eb,ec4e4937-2b13-4b9b-988d-933858025b85,2,105.49,0
20a2d975-ee32-4caa-83cc-47c08c6251eb,13a57631-c3b6-417d-8141-9996095f4d3f,5ef87459-95c8-4ffa-ae2b-feb58b3718e8,1,48.4,0
bc54649b-2ca3-40d9-a948-1c509dcb4905,aee19994-854d-4088-b34d-9d8b8fbf5df5,516d523d-1448-4d45-a204-cf7996c3d6c6,1,47.0,6
b1b4d75e-977a-4aba-a393-1ebd9643e035,aee19994-854d-4088-b34d-9d8b8fbf5df5,d2f4d528-d84d-4fea-b3c3-bcc41c2b3b83,1,289.93,8
b99f5e7a-321f-48d3-8a22-ff8dddcdd8fe,aeb98857-bff6-42f1-8462-f8f5f387710f,b4024303-0cb4-4277-99fe-dfb0e309243c,3,367.15,0
ccb80493-8421-4a31-bc20-9e33ddb97b09,227846a7-c769-48fe-80b7-d3c119852b3c,27c94d5a-2c3e-49dd-8934-d8fc924974ee,5,31.26,0
7db678c3-6de5-4b52-b044-c68c92ac26b6,227846a7-c769-48fe-80b7-d3c119852b3c,dbffb4be-3ef3-4131-aced-632bbefe9061,2,243.07,0
6e726e79-8b43-4c95-b631-bce6bc2a849f,de162496-d030-4678-9758-da1c41e1bef7,8af83b0a-f3d2-4e81-8c95-cc9696681a8a,1,250.03,0
3b94bf2e-955b-4f8e-afd7-ed282591e0e9,de162496-d030-4678-9758-da1c41e1bef7,1761b077-b42e-456f-ae70-80c8553b7122,1,417.64,0
42392a1f-e735-4e79-80c1-f1df1d4f890f,de162496-d030-4678-9758-da1c41e1bef7,f8d1d621-b977-4620-bee1-71d88bf0c845,1,1487.01,0
a19de229-4274-4d78-9d32-2282deea5809,fc070709-411e-4f82-b2ba-9bcf17dbc7f2,098c0586-b3fe-4639-8b3e-4d3ebb3583c2,3,280.51,0
242752ff-5b7c-4c5c-9b27-010cbff14ca3,fd236f09-5373-4f0f-9a75-aaf17720334e,32bca7fa-fdc8-404e-a855-1a31bb5de9a8,3,203.12,0
ca8eed1f-64df-4b0c-99fa-b779a5816504,fd236f09-5373-4f0f-9a75-aaf17720334e,f1df8a4d-9dbb-4ec2-820c-11f25796473f,1,164.66,0
3e6e0639-4ee7-44bf-825d-6efa48491051,3f978a47-b7d0-41e7-9319-089ae18952c2,f8629927-dbba-4d2f-a783-9c1c98929a5a,3,200.65,0
993b2a00-d0dc-4bc0-a979-1ad3f68aa290,3f978a47-b7d0-41e7-9319-089ae18952c2,f6307c9e-ca6a-4a22-b2bb-ad65133f91f1,1,103.2,9
8693b056-ef3e-4ca4-b2c5-6bb108b3faa4,3f978a47-b7d0-41e7-9319-089ae18952c2,2c0a5c43-54a5-4670-8e83-0702ed80cb19,2,160.68,0
03994a8d-e3fa-4b2b-92ba-c01974ff9493,89721d47-69ed-42ff-a27c-5450c434b90a,fa0001e6-682d-4683-b3b3-1ab550cef125,2,388.66,0
90d453db-5f05-4c6f-af61-c3f7c357d531,89721d47-69ed-42ff-a27c-5450c434b90a,6e532c96-6e3b-4607-8531-1ccd53f10737,2,193.64,0
b209c8d4-1c33-4157-9368-fced4f19ed78,89721d47-69ed-42ff-a27c-5450c434b90a,8a078655-b841-4f9c-bbae-3abb2e8932a3,2,182.87,0
0d9167ea-b86a-428f-9556-dc2b789a4cfc,6f5294bc-f68a-4de8-9e7f-ce9a58e6dbb7,b0c5fce4-e011-4013-a38a-596d1de927e0,1,181.03,0
aa730c4c-3a75-4906-9286-d2c82010e0b4,6f5294bc-f68a-4de8-9e7f-ce9a58e6dbb7,0e284864-ec38-4d1d-a245-5a0401fe4499,5,126.02,0
22e5feb1-75ec-4bc3-9f0d-ffdb5ec0c770,1a75f01e-c783-4c99-ad9c-1f78bdfcd308,2e9dba39-5b35-42f2-902e-c5eafb312063,2,48.69,0
9ed07d7a-f866-40b3-b628-04e64aea8544,adc52b40-e0a9-4767-8d3d-c3432f295260,e1d28ac3-152f-4348-a43e-c4b212fa2aee,3,22.09,0
d1bc95c8-b4da-4b69-a7b3-e45efaf760a2,7b17bd38-ec99-4574-ab9e-89f4daf12d92,43491408-6ec7-4975-91db-f829c64d723e,2,474.85,0
9c49a60d-05b5-4f70-a19b-fd13f6b37dad,5df03c81-32c5-4a4d-997d-de6fcfa02619,34992ec8-6f73-4c51-b2da-a9f5bc7db7ef,1,515.63,0
9160ffaa-3b74-477e-a57b-31aaf447019e,36acffb1-b812-4758-bd5f-d7e3ffc440bb,482bfabb-70c3-4376-8fa9-294a5bb24a79,2,156.4,0
b8b206d0-7222-4d02-8cec-c2fcfbb8188c,36acffb1-b812-4758-bd5f-d7e3ffc440bb,c2be51ac-3174-4f9a-a0d3-5caf0f251bce,1,1680.22,0
1553598f-5a49-47e4-bf04-88f1946f8093,36acffb1-b812-4758-bd5f-d7e3ffc440bb,97334faa-994b-43b9-b097-a3b3a2e895e2,2,198.89,0
5f73668e-a41d-402d-a5e1-230108040a89,36acffb1-b812-4758-bd5f-d7e3ffc440bb,2b6c735c-595d-41e5-807e-fdecff496a12,1,627.08,0
fdf2f4a5-25d1-4b8a-8693-12e7df7551ca,ef2fb235-4762-4d01-b597-7233a272be49,bb685c56-0b2d-411c-92b0-aaf9622b0ad0,1,98.29,0
a66f73b7-f507-45d1-8743-2b58b5eefd74,ef2fb235-4762-4d01-b597-7233a272be49,0a255225-908a-4aaa-9a86-c8e28f4a94a4,2,75.9,0
32a9900a-9cc5-4019-8510-1da7122546cf,cfeecd1d-8c01-4dc3-a4d8-245c06d340dd,9f5d5907-f10a-417f-b6a5-b69a693feb66,1,1297.88,0
e04693cc-cd0b-494d-b8f3-b628c8f34e56,cfeecd1d-8c01-4dc3-a4d8-245c06d340dd,1b25ec21-4075-4961-84b1-1853a9f5f009,4,155.77,0
fddadde2-9373-49bb-88a2-b82c07d39f37,2ff9c456-8e16-4e3d-a560-2cc06d17c8fc,f5299b57-d5f8-4212-8586-2643ed32ae2e,1,224.9,0
0db0d84f-1c26-44e1-9799-98bed87d3512,2ff9c456-8e16-4e3d-a560-2cc06d17c8fc,939fa7ab-d6c8-4c73-bffe-3433610e543d,1,213.44,0
aa6a4d5a-c505-4fe9-92da-ee976d9d4b29,9ac7dd9b-b715-43c7-ad7b-9735f658c138,515ae3aa-0622-4da8-9984-919fdccc1fcc,2,466.28,0
ede5ee80-1886-437b-9e0a-302fa13c9e9d,9ac7dd9b-b715-43c7-ad7b-9735f658c138,7ce507f5-295e-4ff7-9a11-09b34fc4d742,2,42.99,0
ef02b0ca-7b77-4403-a182-e86289fbdf1a,1834fec8-0276-4d45-9b5f-bd28143c67e7,dee89094-8183-499f-ad44-1df3626a9b8a,4,302.22,0
2343f8a6-45c8-4302-9870-b42b7b23b4f4,1834fec8-0276-4d45-9b5f-bd28143c67e7,799f6ad8-128d-4a31-be0d-2b48f97fc347,2,20.66,0
92a371e6-e03e-4461-8843-43f835f7c683,1834fec8-0276-4d45-9b5f-bd28143c67e7,a278beb7-f58d-4b64-9edf-7677249229c0,2,29.19,0
706127eb-525b-4930-af06-229a0a7ff40b,267a15e9-92e9-4600-b23e-9625ca2b5822,322d93a2-896d-4c5d-a374-59e5f08b9234,1,812.94,0
a1760cbf-2ccf-4073-b301-f256abf64c5d,267a15e9-92e9-4600-b23e-9625ca2b5822,61f2a9cf-42f9-4033-8ba1-a20a9fa993be,1,180.41,0
4220a2cf-7788-4729-a061-06841fbbd53e,267a15e9-92e9-4600-b23e-9625ca2b5822,1537c059-0098-4279-9467-3924b8ad2979,1,268.48,0
7d3d6173-6906-4f2f-9839-1b31dc2f98d0,d8323191-d34b-406e-9a12-7e47fba34529,e5e12778-d865-4b2f-82a5-21bb5781396b,1,1267.3,0
102dce6e-da85-4c27-b07f-9a9c6c092a3f,d8323191-d34b-406e-9a12-7e47fba34529,33e9d31f-cdb0-46af-822d-8f05dddd55d8,4,62.96,0
a93386cf-2c96-4775-a18d-3de7e923a7ab,a48af327-417a-4744-9586-ddcb93729d7d,b395c4e0-1d26-4b93-a428-52e596d21ff6,1,342.67,0
5d2de717-623e-40c9-9e79-83a22dc016db,a48af327-417a-4744-9586-ddcb93729d7d,21f98c79-0a71-45de-8717-f97e2f889f45,1,46.38,0
9e059d71-49fe-46e6-bf23-345f61bbf2f7,130d2417-668e-46ad-9d52-76e716aff63f,d25ffbad-a31e-49fa-ae1f-6c7257d5a38e,1,513.34,0
0e70d772-dc56-4572-b9f8-772f44804a23,130d2417-668e-46ad-9d52-76e716aff63f,e7962ec1-d422-4b5e-b19b-caf7f671d924,4,159.46,0
9f3eb9a3-db1a-4622-80e0-45f2b53170b0,dff6efdc-36f2-4e2d-9c46-25cdaa947258,9d7ee48b-dbb8-4e75-a8cd-9d5b560705b5,1,38.99,0
6eb328ff-b7fc-4747-9dd7-0cb890d8163b,dff6efdc-36f2-4e2d-9c46-25cdaa947258,e14f659b-fea9-45df-986d-731ebfcdaf79,2,29.83,0
34a7c79d-7e54-431d-9dc6-477e8be40bbc,d219a39c-f075-4781-a4f9-41a6dac5e4da,681e061f-6a00-4ee4-8e4e-d44d8e395ffe,1,23.6,0
c58861d1-6f2e-4892-8a81-fc55c4ecf04f,d219a39c-f075-4781-a4f9-41a6dac5e4da,edbad24d-568d-4304-a105-02648543cfef,2,103.45,0
774b33a1-693b-4360-9bc6-32cd0793b9ce,d219a39c-f075-4781-a4f9-41a6dac5e4da,ec436b10-dd2f-4ff3-a2e7-4dca065e3af8,3,85.0,0
58206844-5cd5-4068-8258-b376f8dbc69a,9faaa4ac-3398-4597-8e68-6a9bb00ea645,8fc5f4d2-c2fa-4064-92ac-ed3f6c435813,1,135.12,0
05e6850f-1bb9-4b31-bec2-d59f973262b2,d2683f80-e43d-47e3-9883-96660de83011,676c089c-e3d5-47b5-ad72-a7ea2322dc83,2,34.83,0
dbe825a5-0a18-4b2a-80ea-d096de6be175,d2683f80-e43d-47e3-9883-96660de83011,6d30390d-7462-456c-9590-7bd8dcabcd53,1,44.35,0
77abe13b-b10f-41b4-b3df-4b4d80692fe9,a255ad87-77f4-4c81-b1bb-a16821d9ca64,6c05c3c6-b8d4-428f-9ec5-3006faefd811,2,99.08,0
a90d502a-dc22-4ab3-8859-02a937dfd427,9fdccdbd-c4d4-498b-b3cf-2413e132a796,6c41ea8e-3813-45d2-b4f6-ca135c24830b,2,152.98,0
1f6ecf9f-eb26-4be8-be9d-a4401e02cfbd,b847324b-da23-4945-990e-80ebcd093839,c477da3c-0867-44d7-b7da-d741efc995e6,2,197.35,0
2f8a3bd7-10c7-4e89-9b34-0aae70055aa7,b847324b-da23-4945-990e-80ebcd093839,8ba98324-727b-4b0d-8117-184c055af7e5,1,307.59,0
84f3e1b5-6dd7-4718-82b5-18606a807be4,3ac5ab1a-e296-4d14-b416-08c676e8bde3,8ecce74a-b995-4155-baf3-31ab3a58527f,1,49.68,0
bf267ac0-ad7f-48ac-ba93-5749ed055085,3ac5ab1a-e296-4d14-b416-08c676e8bde3,70a03829-08fa-4bd7-b949-ea52e3b55a10,2,2912.54,0
01218089-f248-493b-9a7f-7a2b9b4ddf9f,a2003ee8-9417-4664-87f4-32c3e4a8cd3d,be094f79-be28-435f-ae62-47f44dc851d2,2,83.06,0
4be684b5-7237-4011-9c25-e896cb24029b,a2003ee8-9417-4664-87f4-32c3e4a8cd3d,60e2a2c6-822d-498b-97b7-d933439eab61,1,191.85,0
37e32bf0-993e-4ab0-860d-fe7a874b849f,a2003ee8-9417-4664-87f4-32c3e4a8cd3d,b2d0d2a9-ffbe-45d3-85d1-d8250a0b511c,1,33.79,0
e5aa9d59-bc9b-40f1-af11-578db2f31499,d3834c45-f476-4a00-8b88-6d1f741c5880,2a7474c3-806d-4845-ac65-2bd812b5ac3c,2,1828.12,0
743edd7b-f419-4eb3-90a9-d9b2fe7a4fa1,d3834c45-f476-4a00-8b88-6d1f741c5880,2c2b0ae4-c357-4a8d-8447-d32e0ecf949a,1,490.89,0
3233f4fd-4f6a-43f6-a07a-12e448df869d,27c05bf1-3809-4547-9a76-32dde640457f,cb28277a-a227-48e3-b5fd-b10b58c6c42f,1,1021.88,0
e94ed336-4b9b-468c-8268-578cc40d0edb,27c05bf1-3809-4547-9a76-32dde640457f,3b030f90-941d-4f6a-9569-ef45dcdd9c75,1,98.64,0
06a04aa4-b92a-4000-972f-7f564639f7ea,27c05bf1-3809-4547-9a76-32dde640457f,be168689-1d95-4ad0-b73a-ebc1613a81ec,1,193.65,0
f3b6808e-aa77-400e-b1ab-db5c2389d012,5627dffe-a3f5-4427-9c5b-fd47792c89c6,8e7b2ed4-d8d9-4d88-8d7c-9df6abcd0445,2,48.65,0
9a3b38f8-f28a-45b3-8b17-e6770f402094,5627dffe-a3f5-4427-9c5b-fd47792c89c6,c8ddf131-b909-4b9c-8db9-bfc70c399d61,2,42.81,0
c86774f1-7561-447b-ba7e-fe39c729ff6d,d6e0f300-5d00-4611-8470-7f16435e213b,35aa6f43-d6cf-4eab-ae45-37d72fd1e1e5,2,175.31,0
686ada5b-bc1f-444c-ba71-31e6b98aefb4,d6e0f300-5d00-4611-8470-7f16435e213b,79508d02-9683-4f2b-99d6-e8a097c055be,4,27.51,0
854ffa62-00cb-4398-83c1-b43f4ce25bab,b039e48c-4d03-48f7-8ac2-f482823cc606,8313cefb-d51e-4926-9440-e25586c389df,1,130.11,0
4d0693f8-7900-431e-87f2-89c04dd363ab,b039e48c-4d03-48f7-8ac2-f482823cc606,6d08e911-bf62-46a7-ab1f-b44055c0cc9c,1,489.7,0
bc5a3885-378b-4a19-afa1-be9566ee727b,d86f79d7-a794-4eeb-bd5d-89c6b361abe7,4d815612-4989-424b-aa16-338e31c4abd6,2,118.24,7
2eda48e7-7934-42a6-8045-1abddb30728f,d86f79d7-a794-4eeb-bd5d-89c6b361abe7,31556cca-0f99-4cff-be7b-790d9097f78a,1,491.77,0
fe541a25-a7d8-45af-8f7d-1efdbf5e09ee,e5890ce5-678d-42f9-9c66-aeff6d74bfea,70338b88-2720-4d1a-89da-36ef85b7e79a,1,402.07,0
070d3a12-ed5e-4a58-aec4-7692ff629746,e5890ce5-678d-42f9-9c66-aeff6d74bfea,4412be2d-9072-4e31-a309-b392a439adee,1,199.33,0
56adc89d-693a-4257-b9c8-5aeb69a2632e,e558527c-ff0e-4377-8f3b-3dd2fa46a1b0,d94f9c3d-21f9-47d2-85e9-88b33364370f,1,1829.32,0
965bb001-88e0-40df-8ec7-523a33f33750,e558527c-ff0e-4377-8f3b-3dd2fa46a1b0,b08cc963-fc5b-4648-883f-166715de6735,2,116.23,0
5f855e2d-625b-4e5a-9805-73953739e36f,317e2128-a050-4ed1-b047-338115a04cc5,217a6909-ba4b-4a14-9e97-3188f61d9aac,2,916.83,0
808fb058-bd51-4a9b-8d76-be2fc7cdf242,317e2128-a050-4ed1-b047-338115a04cc5,d3c1b32e-573e-4b46-b49e-ac3616bbf55c,2,273.25,0
5b40b4c6-0d59-42ea-8532-a77f88c3ac0e,317e2128-a050-4ed1-b047-338115a04cc5,1414ef8f-f37e-4130-8e15-fd4f3b5b2f51,1,713.6,0
1f738111-984d-4cf0-ac0f-a461a02b809b,bd979bbb-ebb2-4b9d-a60a-acdf5bfe5f0b,d94f9c3d-21f9-47d2-85e9-88b33364370f,2,1562.87,0
bc813a58-fd2f-4800-adb7-26d1bfa00eef,f51aab28-75cf-4af9-b6e6-bbf13477b7e9,2ffdc7f5-dacc-46ea-89f4-216b6600e84b,3,49.86,0
40bdcfb7-84b0-4505-83c7-2867aaad9c3b,f51aab28-75cf-4af9-b6e6-bbf13477b7e9,03a2fbf6-2c8b-4938-a881-e45ea5bd563b,2,73.38,0
a9954f75-7eda-4b43-93b5-dcdbbb458a5a,f51aab28-75cf-4af9-b6e6-bbf13477b7e9,23ca7fcf-27a9-430c-83df-59b8fecdd3ce,2,419.18,0
cdba05f1-e218-465c-a360-ca929caff8aa,f51aab28-75cf-4af9-b6e6-bbf13477b7e9,a314f70f-1261-47c0-b067-36d04ff98ab2,1,23.14,0
e96b27e2-5d98-42f9-9fc4-287ab19fd822,f51aab28-75cf-4af9-b6e6-bbf13477b7e9,96c5fac5-14b3-4a9d-af82-779ae45cd26a,2,154.31,0
0e10befe-48d3-4984-b8bc-f6b7c3dbc7bc,dadc5283-82a0-4f29-a406-4626bb7abbbb,92dfc2a6-c300-44a0-9e1f-54db6adfcea6,1,341.91,0
ab8ae72b-cbf6-483d-b782-4884968ba737,dadc5283-82a0-4f29-a406-4626bb7abbbb,5c43d1ee-714d-4353-9149-fd9ddafc1fcf,2,563.69,5
21837846-03a3-4741-8e3a-703082047a96,f148070e-efc1-47a3-b0ce-46088d5ad349,e2b92aa8-05d2-4310-a211-a4bb08f6284d,5,375.98,0
9149e4e0-763f-46b0-bde8-0e69811a226c,f148070e-efc1-47a3-b0ce-46088d5ad349,c59a3efb-f772-48bd-8ba3-2d724ba9fd9d,3,37.96,0
338d2a30-cda9-4756-a12a-df5d9e738ec3,f148070e-efc1-47a3-b0ce-46088d5ad349,6d08a8bd-725d-480c-864e-fbe6006a7a97,1,22.96,0
b5f22469-2dc4-4e65-aa98-fff96e731372,bec05131-1e1c-4dc3-9818-deb4407c6c21,6909be12-3a77-46ff-a80b-925ff2fd2a6c,1,199.33,0
dbe4472e-1277-4b0e-b74f-ccd08a726f3c,bec05131-1e1c-4dc3-9818-deb4407c6c21,0af8cc35-7dbd-44fa-9a42-1c4265fe3bbe,1,60.77,0
45fc76a0-afb1-42f2-8ea9-b6fc736d9a7f,962323eb-34f5-4c01-9c08-3fe657bfd135,c8b4a65e-6988-4a48-a864-b183f3250e0c,1,60.59,0
7e4fa1cf-f0c6-4ead-95a7-3b0273dd42d9,962323eb-34f5-4c01-9c08-3fe657bfd135,9c037ceb-4dca-4868-9531-071d7ea7dd81,1,75.8,29
f2016d4b-ed27-454e-b03e-1a68fa391edd,962323eb-34f5-4c01-9c08-3fe657bfd135,ca8b81bb-9735-491d-9ac8-1f198957e6f2,3,158.14,10
b62881b9-1fd1-4749-850d-ff6143604cc3,962323eb-34f5-4c01-9c08-3fe657bfd135,c153f7ca-e834-42bb-aee5-a8cca5998da2,2,168.8,0
c2970823-78ad-4965-8cc7-0ba4df35e933,962323eb-34f5-4c01-9c08-3fe657bfd135,01692946-c437-4ccb-ab21-fa017ab26ab2,2,1434.64,0
cd0fce09-a44c-4619-a020-829c1a3b19af,fc869473-1d45-4aed-8d54-b8c27f61d1fb,4bdb1342-e816-461f-979e-b3d1aaf1977e,1,383.24,0
7e9779b7-aeb2-4b36-9db6-6bdce39c5656,fc869473-1d45-4aed-8d54-b8c27f61d1fb,2ea600ff-242b-4459-bb62-47a5cda7db55,3,136.22,0
1d158f00-d7f6-40a2-a751-125204337146,fc869473-1d45-4aed-8d54-b8c27f61d1fb,21460def-35d0-4ac4-965b-f3984ae01b27,1,104.56,0
93be2444-8670-433e-9734-601d9c543661,fc869473-1d45-4aed-8d54-b8c27f61d1fb,bade2aa1-777f-4c0b-aa74-85345cff8ebc,2,35.79,0
7f97b522-9997-40e9-a569-4aea89a434dc,fc869473-1d45-4aed-8d54-b8c27f61d1fb,18527238-1241-4e71-be10-c54d5fbb0b79,1,191.07,0
9a77f927-012c-435c-947f-cda945c6aba5,ccb88ea8-2eb4-446d-8fdb-d143af2c000e,1d46cc3a-9ce2-4819-897e-30fa9331a99c,1,221.7,0
40bea4f8-d312-4a1b-b793-c9640965c304,ccb88ea8-2eb4-446d-8fdb-d143af2c000e,bd82fa92-110e-44ca-8dc2-b85fbf10bc1d,1,23.79,0
a71f4386-db9e-47b6-8711-9b89c3b474ed,ccb88ea8-2eb4-446d-8fdb-d143af2c000e,87763ee2-93eb-4069-9bc8-d8622a38b4c4,1,644.51,27
18301988-2003-4792-8b48-312265da2efc,22f04b91-14e3-4a60-8339-0d5bcf07e9e1,833bad43-a7d4-4a22-b589-f49e3a9c9e1d,2,26.63,0
d05e5db4-f388-4e54-bb84-08195e3f027e,b1598197-c095-4c74-b1ad-65a24263f633,f1689a73-fbc1-4a72-ba33-ea7d27eb8833,1,430.38,0
63cd87bf-f144-4665-b377-e9372d9f3e7a,f5540a8d-0f22-4d9c-acf2-cd2db6f18dc3,bddb27f2-9aca-41af-92e5-4e4b5193f7da,1,122.93,0
4678d83c-95e1-47f3-ae0e-5c7075fc974c,507157b1-215d-413c-aec9-4b0a466c14fc,7009b52c-5c19-45dd-afa1-49ae99e76d32,3,1612.63,0
a253b20b-1342-45ea-8e61-f23ab8e850ec,507157b1-215d-413c-aec9-4b0a466c14fc,d3c1b32e-573e-4b46-b49e-ac3616bbf55c,2,263.12,0
81192ab6-6138-496b-9485-b2b3489d3b14,507157b1-215d-413c-aec9-4b0a466c14fc,88644983-0239-4123-926e-4436142dbf71,1,311.89,0
b903aff0-cd50-4ecc-9893-f99e63a42e40,507157b1-215d-413c-aec9-4b0a466c14fc,274668e3-dd1b-4be5-933d-1c020e987163,1,100.78,0
a507a29d-d07e-4224-a539-b6ef8c891f3b,ac864550-e0cf-424d-81d7-a20210626898,9ad7b050-beb7-4d7d-b673-3897f186b342,2,661.93,17
5bdf0dfc-1974-48f7-a05f-777d81196f34,166f1119-d347-40cd-8201-d7625b6368d8,a753a724-b838-4245-b552-d62308551354,1,74.0,0
7727554a-6e68-48a2-a3a6-3ec51e12a0ad,166f1119-d347-40cd-8201-d7625b6368d8,5f100a1a-ec33-41a8-9286-34aea22fddd8,1,1793.73,0
79773c54-b9ef-4f40-87cd-1288c1561ac5,d7fb13c0-4c82-4879-8d69-641528651705,dd569c4c-1543-4a25-8932-b838c30952db,1,162.45,0
928e279a-fd4d-4a6d-a8ff-b83b123f688f,41eb9760-6a74-4fab-97af-2103d51fed54,d0bccb4b-8424-4024-80cc-c78069e41ed5,1,89.47,0
c367847e-18f0-49ae-a097-44ebef89ba9b,2355fdb1-a30a-46a5-bf44-d6c9d1ef2787,b36f005f-4237-4ed4-b72a-a9b324a58413,1,166.18,0
da2b6f33-c37c-4801-8701-a5216b81fab5,5860a5b7-6c43-4b18-a890-e47f6f6fe1bb,00572c89-2202-4d1b-a52e-06af7a10465b,1,199.48,0
7dfeb89a-a477-423a-a3e7-ada122dff0e7,5860a5b7-6c43-4b18-a890-e47f6f6fe1bb,52f12732-3a42-405f-b4cf-abdc7cb3aede,1,22.43,0
e3232640-5af1-4963-9d8d-5ca1a1cabbae,66a8c5a2-4385-462c-be07-a653efbab94e,33ea9c44-adbd-4459-a641-c97a6af759b6,2,169.17,0
e1b926b8-6f7d-417c-9d8a-d860d065cb07,66a8c5a2-4385-462c-be07-a653efbab94e,b13ad47d-09d2-48a2-a0fc-de7d96fc2387,1,98.89,0
641e7313-dea6-444b-863d-dc8d39b570ff,66a8c5a2-4385-462c-be07-a653efbab94e,a9a81c9a-723e-41a6-ad73-807b8af0a597,4,153.33,0
c2c42d35-d929-46f4-9e24-3d2dcc1d55d3,62e125ec-8bf2-489f-8f84-a2069855affd,c6454030-7a77-4e74-94a8-96754ccda684,4,738.65,30
89ceda31-93b7-496b-87b5-8d3cb78de02c,7721c117-6e2d-437a-bc4b-be8aead4f957,2850fd82-ffd1-4b10-94c3-f7a171e0a214,1,7.2,0
a7bf45a2-7c55-4905-b8c0-5398efafbdd7,3c496523-bba5-441d-b083-f10844d60953,4ab962ba-d3c1-4749-bb8e-3d6551f7efae,1,40.21,0
9c3bf661-757e-4492-b08b-688a279e23cc,2f7513fd-aa66-4347-bee2-fd4dfb7caa63,520322c7-820e-4691-a3a2-7968f67a8f9f,2,42.66,30
0efa78c2-3f74-453b-8832-87af6aad9ad3,2f7513fd-aa66-4347-bee2-fd4dfb7caa63,5fd8ce63-05aa-4c6c-8c8f-883ceeee33fc,1,1304.33,16
f4e443e1-df9b-4c46-b48c-a8f3be6f324f,0cc9ad86-f037-4d8c-bc07-d54b82e84c13,93c8cec8-075e-4bbe-80a6-a0079f7e2a46,2,211.12,12
de3740d7-9a21-4f86-818f-9b0960a7ef6e,0cc9ad86-f037-4d8c-bc07-d54b82e84c13,420a9891-8905-432f-8965-55aea5bdaba2,2,289.37,0
8a852ed1-d3ce-47d4-82fc-c9399d8dbf83,0cc9ad86-f037-4d8c-bc07-d54b82e84c13,26b164c7-3e94-4ecf-805c-f5b6589b8da9,4,1566.73,11
38c80bd1-bb8b-4fab-b674-e1f6f33ea924,0cc9ad86-f037-4d8c-bc07-d54b82e84c13,a7928347-a0ee-4296-8a86-d63a4f221947,1,200.57,0
648188b0-80ee-4a75-bd2a-a658d6864d05,10649e9c-6c61-451a-9242-d1d877e39b5f,39393dde-0a37-4d22-b9dc-02438c07d855,3,233.42,0
fb66ab5f-efcd-4446-ad22-161ddcfeb51f,52b5a0b7-8b85-464c-8efa-94da7e49b557,1114f979-4969-4cd6-8adf-ade148d63f48,2,57.78,0
53fc495f-7a13-4c42-b220-eb0a03d774c5,65d30b4a-82cd-4cdb-b5b4-16e4c2dafab8,c519af8b-b8be-4dd9-ab80-aec9b124f55a,1,112.1,5
1d5eb28b-107a-4409-a603-492447fb9ffa,65d30b4a-82cd-4cdb-b5b4-16e4c2dafab8,bda12520-a1df-4c16-b2e8-de09b3d5b5ff,2,15.62,11
e939e96f-82d1-46bf-9414-3e7f642c0fd1,d3668ee2-3b04-4fd8-9f91-99001db10007,bc4a1ec4-6987-4f87-b6fb-80095794ada8,1,130.06,0
84ffa704-4329-4832-99b4-a9039803943c,d3668ee2-3b04-4fd8-9f91-99001db10007,665f08d3-26d0-4b5b-9503-f85ea8c39f45,1,184.22,0
0048122d-3754-4851-acd9-20ed7a0c7959,d3668ee2-3b04-4fd8-9f91-99001db10007,831bdbca-bf5c-4cd9-8f04-8de8ddb1ef34,1,92.78,0
2b5d1485-4fef-4318-aafd-4937dc300691,d3668ee2-3b04-4fd8-9f91-99001db10007,20d94f91-aabe-4939-ba93-4aec2cc27dc7,2,765.25,0
bad91f60-3ced-4359-bd55-824f5c56ba70,d3668ee2-3b04-4fd8-9f91-99001db10007,aa07f0a6-32cd-4580-bb6b-24f7b712491d,2,156.07,0
fb0edc2c-c558-498b-8918-55d8c2a9d510,84aae08a-7773-4797-89ea-833a7c71c662,52c907c8-e066-422a-9697-9938445414cc,3,112.48,0
5b4921ce-6560-4592-8956-a2e06454bd9e,84aae08a-7773-4797-89ea-833a7c71c662,2a7474c3-806d-4845-ac65-2bd812b5ac3c,1,1913.11,18
3f0f6f30-45d7-450f-8078-9bfca76d0586,84aae08a-7773-4797-89ea-833a7c71c662,ff182435-bf27-4a54-8321-3c4c874495ca,3,70.46,10
d6b55ccc-52c4-4640-8b7f-d18d88a50c6d,fb56116f-192f-4814-b435-1c5b16ee5ceb,4628ed7a-dc73-4ddc-8ed4-00ef20663302,1,414.7,0
00d75c86-2581-45a7-8201-29b801b3d68b,fb56116f-192f-4814-b435-1c5b16ee5ceb,78c83056-4b3a-46fc-81c1-9ffa16abcd99,2,71.08,0
3f2ea54d-2f6d-49dc-8145-774b651b46c4,fb56116f-192f-4814-b435-1c5b16ee5ceb,f01121a0-26c1-4994-becf-65b5be8fe967,1,383.35,0
2542c36d-b8c7-4696-a9d1-22135b5acd3b,b419effb-89fc-4931-8eee-d0159afc703a,5953cc0b-b27f-4f8d-9c9b-9c1acd7eff41,1,491.77,0
84086d4b-224b-48f7-8470-0999b851fd43,78bcb2b2-0515-4ab0-a344-579944d5162c,91ee8468-94c0-4c8c-9078-4f87a42fd562,2,20.95,17
5c237897-a171-4117-8b50-82f342a9e1e6,78bcb2b2-0515-4ab0-a344-579944d5162c,332ef1da-0dd2-4c94-9fba-ca6b3644beb6,1,159.39,26
429bd7ac-ef4c-4281-90e3-c2dac85c2c5c,78bcb2b2-0515-4ab0-a344-579944d5162c,464937c5-e73f-42cb-a87d-4e913146d4bf,1,50.98,16
b3912dcd-5df9-4b40-9a31-a69cf1fbe5aa,5abd0517-3b8a-4a4d-8e86-c6f9acb8cfe6,e0174acd-ed68-49c1-887b-5ef5996ff08e,1,36.33,0
2fd1acb4-d0d1-4186-bdfb-29a13d9d0554,5abd0517-3b8a-4a4d-8e86-c6f9acb8cfe6,9d98599f-96a7-46a9-b880-18ba347a3936,2,1878.14,0
1b3df77c-5e6e-4ac1-b179-a4ead81be5ec,5abd0517-3b8a-4a4d-8e86-c6f9acb8cfe6,6c3f5cc2-2e61-4a9b-9cc9-468fba5dd108,1,37.91,0
b2bda260-4ed8-41a3-87ee-c7d58a643187,abeb9c40-ab05-4d6b-8f16-ce09467952cd,97e5ae36-c499-4fae-a10b-d0b271f6847d,3,249.27,0
ea2b2fbb-e80a-4824-8833-6b8b70f306f3,abeb9c40-ab05-4d6b-8f16-ce09467952cd,5ba45205-9963-4ffd-845d-51359a5c3db6,2,431.47,0
4d49c23d-6bc5-4992-9c47-c0d7b80b94ca,abeb9c40-ab05-4d6b-8f16-ce09467952cd,76a6685a-9c24-41f9-a5ed-1b6fb7e4da48,1,986.01,0
6275705f-72f5-43aa-b254-ffd70ed1dbad,302d0dcb-07dd-4d2f-948b-3bd04b627065,2002615c-0b87-4a1f-8957-8f4d727fee8a,2,157.92,12
c666cbc6-d221-4b9c-aac2-3bc5e3989a33,302d0dcb-07dd-4d2f-948b-3bd04b627065,a07e89f6-d63b-4e85-ba65-5d17cd533079,3,459.9,14
9e9a3e0b-f883-46d6-8814-39037ac0cf35,302d0dcb-07dd-4d2f-948b-3bd04b627065,287c9004-d4d8-48f7-907c-e5c5a82038b0,1,225.01,0
9dfacf42-9849-4410-81f9-965af6ab85f2,632bc611-356a-4227-a47c-1f4b73933bf1,eeec7840-031e-456c-9daa-921f5cbaefc8,1,77.59,0
a3909bcb-7ad3-43c4-ba60-1cbd7c1ced8a,2b70a668-7f90-40c1-ad3f-7b741cb79025,dc819cb4-bdfa-44a4-96cd-f621cd668323,2,73.39,0
eae7091f-6317-44b1-8de4-ff8c1df20206,2b70a668-7f90-40c1-ad3f-7b741cb79025,1727da4f-e4f3-4d0f-be6b-ddc755b0aac6,1,460.79,0
6ad3b582-3b7e-4dbe-9dad-b8467d756118,1a8dafc8-7238-43f8-9050-758e1cc29ac5,9e9d682d-0ce5-40b7-88d0-b770b4ed5357,2,175.97,0
ac4dad17-3b74-4a9e-90dd-08a4cd7f8613,1a8dafc8-7238-43f8-9050-758e1cc29ac5,d7f214f8-5212-48d8-968c-f1674a984e8f,3,52.38,0
97737c78-7e4a-44cf-a51c-7c9f4c587df2,1a8dafc8-7238-43f8-9050-758e1cc29ac5,b576aedf-319f-4fd2-b3c9-1b620b79a313,3,142.73,0
179e5657-5bb0-4d87-90f5-4354305d9af5,1a8dafc8-7238-43f8-9050-758e1cc29ac5,65d2d469-69fe-4267-94be-d6b144d391e3,1,96.72,0
3066d977-79d0-4fd4-bbb7-6dc579246d71,1a8dafc8-7238-43f8-9050-758e1cc29ac5,42f629d8-b238-4927-9103-cad0c1827646,1,167.81,0
7a954863-ce3e-4f04-9a9f-db298e07b3b4,b5d99a55-0a35-4fc3-82ae-b167e697d2d1,9de88e79-6665-46e3-9c4e-9a25510b2465,3,260.28,0
f25b6299-434a-46df-b3d9-d039306ee2fe,45c88d57-cc06-44db-b47e-5d0641677ca4,ddf75d69-5186-4d25-97a3-dde5293aad89,1,40.06,0
2c2d5f8e-b33b-4158-8774-d4d3b6540e42,45c88d57-cc06-44db-b47e-5d0641677ca4,bbb4cf83-4782-4d17-96b6-1d3b8059c480,1,158.18,0
cfbec5a6-f172-4c13-84ec-7498b7c1ca74,45c88d57-cc06-44db-b47e-5d0641677ca4,94196b9d-97ff-4f25-825d-72368d1332d8,1,869.87,0
7788fb4f-2ab5-40d5-b5cd-079075cc67e6,7282dc8e-57b1-433b-82cd-777ba2376ea4,9d7ee48b-dbb8-4e75-a8cd-9d5b560705b5,1,38.14,0
0527aa0e-70d6-4ede-a223-548cee88602c,7282dc8e-57b1-433b-82cd-777ba2376ea4,6adad08e-ca91-4fac-9c0b-75a4e3d5baa5,1,170.82,0
4ca75f71-97fb-4af0-be4a-3fe24afdd11b,c6919338-c335-4416-9975-2515b9a1ea0a,4d02489a-3a8f-4509-badb-d86c00f895ff,1,482.77,0
26de00aa-c90b-4b81-a3db-5bcbabb3add3,932e774d-ff77-4f8d-a48b-1bdd44e49307,8f7dc366-b011-4a85-8030-fdf28867d23f,1,12.86,0
08d37c9b-303a-402c-a443-a5ef79f18923,932e774d-ff77-4f8d-a48b-1bdd44e49307,4b2cd3bf-decc-4376-b759-a841806b68de,1,263.08,0
c8f70d17-5370-4d41-84e0-363e40bbef9f,932e774d-ff77-4f8d-a48b-1bdd44e49307,14654a8f-e60c-4cc6-af43-253b9b11c077,1,48.55,0
41a71311-7f89-4087-ae12-78fde0c67537,f66b4a26-1e2f-408e-9d14-98a156fe4202,8767c7b4-96c4-4796-bebf-b6bbc1738d6e,3,490.3,0
b87888c5-543e-4252-a73f-683480c0d442,f66b4a26-1e2f-408e-9d14-98a156fe4202,5a82c9de-50c7-438f-93f2-dbf99c9250ce,1,2966.75,0
af09b287-bab5-42d6-93ea-a2eb08df6de4,95d0d969-9750-40b4-8860-eab755255a20,6c9d0c00-8a81-4d31-bc44-98bd4ea2d26b,1,40.7,0
fa172d40-0bae-413d-b0fd-36ec12732f74,95d0d969-9750-40b4-8860-eab755255a20,1d1b94d9-9ac2-448a-a008-44935156b100,2,23.94,0
d177fbdf-e99d-4b19-868d-c1f1251110b3,95d0d969-9750-40b4-8860-eab755255a20,589b46e1-1d00-4e43-b55f-a832f003f724,2,9.6,0
4d14da47-f00a-4eac-8f95-79cdc4ce46fd,c85c2d0a-4d9c-4dba-96a4-d4a16f9770a0,9d051b15-9bd6-4c54-a037-8bffb86d0f17,2,119.41,12
3c8ca8dd-9173-415d-86d9-713d92096f5c,c85c2d0a-4d9c-4dba-96a4-d4a16f9770a0,fe20687a-6c04-4621-88c7-695adc989329,1,293.44,21
8c851c84-ecb4-46e2-9d75-1a3a01f8dcd6,7e5c00a6-57be-4a6e-b121-8fb2895b8020,d3b42ff1-a2ca-4183-854a-68d9bf010626,2,1622.0,18
ecf05b17-c28d-4e5f-be72-d1e172aeaf87,7e5c00a6-57be-4a6e-b121-8fb2895b8020,c59a3efb-f772-48bd-8ba3-2d724ba9fd9d,2,33.68,6
7c2569c9-a2da-4de9-a275-a0a6f06fd3d8,7e5c00a6-57be-4a6e-b121-8fb2895b8020,c810608b-87b1-4d88-9c02-e9630e3aa59f,1,26.08,15
f133dc17-c7cf-4cd7-b0ac-1f4a9b363012,98c71d90-cb16-4e4c-b9da-eb599e5db4bd,0a28868f-c35c-48e0-b0de-ae7a937b67ee,2,558.15,8
573f9cf5-b871-43dc-9f25-c2135e25a3aa,51ba50f2-49ba-4894-9e3f-af031a558c8c,b320fbaf-c817-4992-925f-ddb865070f9a,1,208.56,10
4669584e-0b40-4d47-b174-bb3282f72cbf,51ba50f2-49ba-4894-9e3f-af031a558c8c,28f139e0-0905-4d35-ba58-da7565eefe80,4,152.16,10
f0c748b9-fbc3-4acf-89e2-4f8163d92d7c,51ba50f2-49ba-4894-9e3f-af031a558c8c,90aa5d42-eb46-41b5-9786-5b6e4222f10a,4,735.47,5
0ef115d1-a624-4f98-abe3-efdee4996861,d59b77f6-2e7b-4e24-8b7f-f210e445e2ce,c52cafc0-fc50-4fe2-b540-16389e8f627e,2,25.21,0
29bc64ac-1680-45ca-a7a8-f92970c28b01,d59b77f6-2e7b-4e24-8b7f-f210e445e2ce,f09ffe1a-e3d0-4a97-aad3-1c1b64a28c25,1,35.2,0
59069acf-9819-46e5-a02a-412dfee8a8db,d59b77f6-2e7b-4e24-8b7f-f210e445e2ce,ca3dc6a8-3a4d-413d-9bf7-bd2a5d0a28a9,3,113.56,0
b05e7f35-92be-4089-8fc9-1cbb79fdd032,d59b77f6-2e7b-4e24-8b7f-f210e445e2ce,dcb07e43-3f60-4e21-b4a8-a90317f3badd,2,11.35,0
cd84f652-e7ea-40cb-83da-3c998dcb43b4,da0ab055-8c2e-4120-b958-b5ee05ff6d98,8c2341fb-0146-487d-b82e-4f000f747c55,1,283.91,0
fc6bde21-e74e-4add-b11c-d861789ff879,72306957-8ff6-4ca1-bde2-2dd00b2d2d64,bcd0cd66-5b27-4e11-8c1c-94299074b102,1,198.17,0
bc12f0e3-d80b-4e59-93f5-8d558dc12f21,72306957-8ff6-4ca1-bde2-2dd00b2d2d64,5c7c85f2-24ce-494c-bac8-ec57d019d30d,1,1660.29,0
bc05f116-1481-4f9c-9425-1c4106b70cdb,72306957-8ff6-4ca1-bde2-2dd00b2d2d64,d1faa733-afc7-4ea1-af3d-2fdcc83eb73a,1,253.55,0
6922338c-e4b7-45eb-827b-f34b9a29450d,e6e8fd51-67e3-48d2-ae72-98436e023a37,49d23f74-4d50-4187-911a-e79f8acefa02,1,18.42,0
c366f0d7-1382-431a-965c-8252fb47484b,8dbbcb56-d13f-4d6c-bacc-87c749f65696,02f72367-18bf-49ed-a698-ed00535fc2d9,2,1129.65,0
779d14b6-781c-4b3c-a2f5-43a0ba395708,0332b30d-829a-4bba-8fd5-c24da2b2092c,d03882ab-4d2a-43be-8154-9ae64f41b968,1,265.87,0
63a9d8e2-7208-4c8b-ad96-8cc971d23528,0332b30d-829a-4bba-8fd5-c24da2b2092c,bda1ac34-603b-4f75-b3d5-4cc664a25397,1,106.29,0
dadabfdd-3d00-46e9-a983-8ed0d5f0103d,0332b30d-829a-4bba-8fd5-c24da2b2092c,4d18aaf6-704e-4bef-9be5-04ec2bcc2a35,1,1329.75,0
defa865d-37b5-4d15-8258-0672c7223425,b93bb72a-2a86-4a42-a173-2fc462725888,c794fa16-d5a0-462e-b9c0-c98d23534059,1,193.93,0
f8910230-e213-46b8-8e47-9a15764d7116,2b0d531f-2fe3-4750-a60e-eb3e16ae86f7,61b37262-1b7d-415f-b8cc-483263d50dcb,2,329.12,0
cd9f2648-5d41-4920-b423-92f7a00163c6,f414a2f7-b330-4643-bdef-cd6f23fe38bb,feb0b03e-15d2-402c-a4f0-57e5f165c06a,1,184.44,0
41e67063-4889-44d4-8489-e6a1f73a0f48,f414a2f7-b330-4643-bdef-cd6f23fe38bb,a4ee42ca-f355-4a4f-b997-71e22fc3c6c9,1,53.2,0
a2a0be2e-50bc-45e3-8900-4c58eb2bab13,f414a2f7-b330-4643-bdef-cd6f23fe38bb,1f2ff589-fd30-435e-8769-27440331d7bc,1,115.61,0
bf419263-bdc9-44af-8b7e-84ab8d62f0fd,f414a2f7-b330-4643-bdef-cd6f23fe38bb,3364aec5-a3a4-4074-b49c-5aed5c4b0c06,1,108.1,0
30b5c28b-7a2b-47e5-9206-c1e4698f530f,f414a2f7-b330-4643-bdef-cd6f23fe38bb,8d0d5725-7b47-4ebb-a36a-804f71f110b0,2,189.38,0
427c8cbf-ac88-446c-b06b-deb27bfbd5ae,25672198-5229-4475-8c5b-23e1ec2edbfd,c454badc-7c8c-4acd-af3b-cf73751dbb59,1,5.66,0
390d81e0-7fb1-42e2-8efd-4422a2099bcd,25672198-5229-4475-8c5b-23e1ec2edbfd,4299027b-afef-4a4d-9c3a-32211dc67165,1,1150.63,0
dc279d3e-543e-40fc-95c7-7f03b1a4bc43,25672198-5229-4475-8c5b-23e1ec2edbfd,974580cc-56fe-4582-b5ce-a6ed463cc6ab,1,90.94,0
0913ee05-d74a-4969-8e4b-a160f3ae9efb,25672198-5229-4475-8c5b-23e1ec2edbfd,25f46447-c6b9-4115-a99d-ea73d7bc82af,4,20.14,0
05309460-69d8-4060-b57e-e5220105e5e7,7ed8a5d0-1603-4e4f-a9e0-16cb3b2c255f,c2c66c94-c08b-4e9b-80ef-7976b4c7e91e,1,256.92,0
93b8d24e-fb87-4bfc-861a-334f1327e422,7ed8a5d0-1603-4e4f-a9e0-16cb3b2c255f,1e3f4791-de93-4ecf-9088-b8788bc41c37,1,387.55,0
e7923867-9a84-4ec7-a767-532336cf6e28,fcd480f5-893b-4e2b-a4a9-9a3c07cc244e,26e52549-bbce-45bd-b535-f6a261f51fff,1,283.0,0
18b9f92a-132e-4228-8a26-fff4200dfcab,b2d65e24-2ce5-4156-b505-225176dac094,9a73f849-f371-47fc-8b72-7a8076a04317,2,593.7,0
00b038c5-fa32-4355-9b99-2d495df4dc8f,e3dbb9f5-6366-436b-aedb-3df51318532b,3d862530-f117-4339-acfd-b28124afb845,1,370.17,22
7a7f4399-fc95-40c0-88a3-68d3443691e4,e3dbb9f5-6366-436b-aedb-3df51318532b,434a54fa-cf73-4476-91a9-d7bc53408781,3,1767.87,18
e281616a-188a-49cd-905e-dd76f697a509,34ed12fe-4d5d-4a98-8372-453c36320065,21917295-f67c-44c8-b8eb-a19568f73bbb,1,139.15,0
35bd7544-e6d2-4705-acff-f2be33debd25,34ed12fe-4d5d-4a98-8372-453c36320065,992e4ae8-dbd0-4645-896a-b7d0ed7e3a0d,2,24.19,0
58a43a97-4dc8-4e17-9174-6d8e3185b639,34ed12fe-4d5d-4a98-8372-453c36320065,239a746e-2d72-468b-b1ef-755889f731ff,2,23.11,0
058ab666-f2b4-4245-b3d4-69c3f53926cd,8049b91c-55e3-4784-b940-afa9018ca18d,4f33da9c-f7d9-489a-ad94-929d73343ef2,1,60.26,0
1b06afb0-448b-4c46-b37c-2417417cb9e2,a39990a7-2284-4fdc-ba32-04898081563a,1f46fae3-2e97-4f2c-ad5e-dcaa091002c2,1,335.36,0
8d92d51b-3e29-4da9-9dcf-41e4d3c225db,da549840-6086-4398-9a8d-81e379a3c22c,875b224b-ef5a-4ee2-8d90-551c66517a4e,1,131.83,0
d54daf4f-10ae-4f24-989b-395a8ce0ef95,da549840-6086-4398-9a8d-81e379a3c22c,a4ff4b78-c2c3-44e8-b6d9-5ce3bb2a7d4f,1,618.72,5
ac7fe023-e448-4190-b36a-628ccbd766d4,da549840-6086-4398-9a8d-81e379a3c22c,f99af119-acc7-4246-b1ae-4103e69fddde,5,250.2,30
7ff591a0-ba85-4f72-a139-c74272fbf9ce,3f03ce7e-52ca-4f7a-85e1-1e54f4647eee,c481f04b-1d63-4eab-83d0-fae79a0b1fae,1,60.97,0
f6288155-a91f-4206-996a-4c93a499024b,3f03ce7e-52ca-4f7a-85e1-1e54f4647eee,720e8614-1fd1-4c25-b7ac-6f4482c4757a,2,142.53,0
35ec4039-ef36-4cf5-960d-df5825c3455f,dd72d9cd-d076-4fd3-b697-00cb6fce3490,6e184282-0c1e-422d-aef9-f03bcb8a82de,2,277.35,0
7b271e23-f26c-4ef7-ab09-67f718dcbea6,6c56f7bc-fa8e-4ba5-bf79-e19da6b11457,c656e0e9-18ed-4bb6-812e-58e561336a2d,2,1388.76,0
17acc460-92b5-4fdc-bfe8-cc7ac6d21b68,5de1bfa2-f4cd-4731-b5cb-3fbd59392682,f6436b97-0208-49ba-b722-57f57cf3da1d,4,176.95,0
f483f7de-88f9-4d17-a69c-78543ba1964d,5de1bfa2-f4cd-4731-b5cb-3fbd59392682,f5595ddc-fd6b-4e2e-8207-a1aa00439811,4,112.68,0
f21f4b78-6420-4925-ad05-ef8ac14b9912,5de1bfa2-f4cd-4731-b5cb-3fbd59392682,5b79c12c-9eea-4087-83e7-edb5bc7732ae,4,105.45,0
a4c7d21f-0676-4f5b-8bb0-2625f5408a2c,befc089b-61b6-451a-ac76-b250fa1c052d,4023cab6-a913-41b8-bcdf-f9e9f74ee1e8,3,170.4,18
2dbecd9a-b633-400d-8124-b0084bc2168d,befc089b-61b6-451a-ac76-b250fa1c052d,fee8708e-203b-45d9-8e3d-45984c610f42,2,129.15,20
420edde1-7d81-4551-bcec-882f49e8f6a9,befc089b-61b6-451a-ac76-b250fa1c052d,9881dbbb-28dc-421f-8cd7-43165611eeda,1,53.98,0
8de2e75e-c797-4769-b46e-e8ebbbc8be21,befc089b-61b6-451a-ac76-b250fa1c052d,335b3cfe-0a15-4761-b38b-eab4b33e658a,2,223.23,6
ec8980c4-4c41-436e-a187-fd0bd586ce89,d1cb1f3b-5674-457a-bfc3-fd1af58d7d65,5157a473-7974-4a40-a4a5-fa49d4bda798,2,134.15,0
572964f7-ab37-4f3d-a801-d6e526432d69,d1cb1f3b-5674-457a-bfc3-fd1af58d7d65,799f6ad8-128d-4a31-be0d-2b48f97fc347,2,17.23,0
08b77b03-b056-4dc2-9c71-e757d567f698,d1cb1f3b-5674-457a-bfc3-fd1af58d7d65,dc5cf1e9-49e4-4609-adbe-e811af987407,1,233.77,0
662cdae2-68eb-49bb-a099-51469e8d81da,60a7a0a1-7854-476a-b16c-8eb81993a4b2,3fcb561a-6449-40e7-a015-e76433e864d7,1,1419.92,0
b33ce2f8-147d-4902-b99e-20e6d4471885,c95491dc-87a0-4471-a3d9-74e91be9d2a7,43e3bb54-e95f-4973-bad8-8d502ade75cd,3,274.82,0
f05af8dd-701a-40bc-992a-355afac8b85e,36d24577-928c-4e7d-801c-0fa1d0dbbafa,298e6fd4-8fb9-4ab5-a316-2a8ce05ae633,1,48.23,0
30d70ff9-159a-4699-bbdf-d4de04184c89,36d24577-928c-4e7d-801c-0fa1d0dbbafa,19555801-0c39-4a4f-8159-2a78e0d1c71a,1,409.68,0
43a9ed31-49c0-44c1-a9e8-82a67e142d3d,36d24577-928c-4e7d-801c-0fa1d0dbbafa,e933eb56-2e36-4c6f-971d-6ead64080823,1,440.41,0
c9650b9e-9821-48b2-90a3-78c5d081ea5d,2d251a60-3a1c-42f6-b333-c0388decbffe,5fbb2682-e873-43e3-bd48-73354df72b18,2,34.54,0
1e5e505b-dd83-4213-b0a5-ba40d56136c8,4dd804d5-c531-436d-8182-49a2ab6f1847,e3be1677-a984-44e6-971b-add56cd8af9e,3,1227.14,0
bc2c77c8-1d51-43b3-9fb5-cfec78a37597,4dd804d5-c531-436d-8182-49a2ab6f1847,dc995406-b8e0-4718-8443-1a3f22f54127,2,1769.09,0
e85ed812-1e95-4fb4-bed3-72f39932e885,02ff984f-4b81-4bed-849b-ff40d3af1cf8,05da1c9f-75b2-4ab8-8193-cd174880d0d0,2,68.96,0
77b7db44-7cff-4090-b66f-b4191a02dd74,02ff984f-4b81-4bed-849b-ff40d3af1cf8,1e34aeaf-3e7c-4706-bd64-14ec7e0ebc83,3,679.51,0
146ab02b-f43a-497d-87a9-67261ae66b1e,02ff984f-4b81-4bed-849b-ff40d3af1cf8,d7876eb0-7bfd-4c11-98a0-24d4df4ea04c,1,462.87,0
82b45879-9385-4610-9bd3-9491cea21f0e,02ff984f-4b81-4bed-849b-ff40d3af1cf8,f7dbfee4-7e9d-4a87-baad-db1c927a9028,1,41.82,0
53f8d863-17c3-421f-8723-88411b9daca0,6db745db-442d-4547-a085-7ea027ac54fe,7975232c-3eff-4948-914b-4b2991155772,1,60.07,0
f1d3dc9a-1a01-465d-b609-59b864e55603,518aad3c-f255-44d7-92b8-30817f6a32b5,c3100329-7271-4ede-a9a1-b24f0cbd9c74,5,2206.15,20
059abe2c-fcc0-4696-9648-005849a0bf4e,518aad3c-f255-44d7-92b8-30817f6a32b5,2e7da496-c7cc-406c-a80e-c2e423a14bde,2,240.1,16
55ad057d-f004-497c-b436-99ae7fd2027b,518aad3c-f255-44d7-92b8-30817f6a32b5,691ef939-c073-4fa9-8e7e-e495fd176388,1,372.33,13
e61d9f22-be21-4a4c-b1af-3d2a788b220e,7a181d38-4cc2-4ac8-9a03-0e9d79ec983c,83943ebc-abec-4525-84d4-a6fcf1b6db9d,1,2084.38,0
596b25cb-662e-49c9-a9f4-e3f41ee41677,4c8646ef-723c-40e2-913d-07c60fa56465,36240984-f532-4818-bd45-a9339aa7643c,2,257.66,22
b28365c7-59f3-48da-82e0-909e534aa4fa,4c8646ef-723c-40e2-913d-07c60fa56465,dba76bf2-2e87-4c55-a292-ddfffc778e87,1,35.09,16
9118f97a-d92e-4501-b4a2-02679a21a888,2c7006e6-e7d7-4baa-b0e6-7cd727999e19,c07b81a2-d99d-4f76-be7b-a48c3b6909f4,2,18.76,0
e4852562-16d3-431f-b3b6-ced309251b21,2c7006e6-e7d7-4baa-b0e6-7cd727999e19,162f01da-65ff-4a93-b498-6310ffb53b72,2,5.28,0
919b7037-8073-4993-9ecb-e9a23e8c1048,ec874a1c-f134-4148-a610-b3c3636c2d27,4f0583e3-d421-4498-a52f-c20aa5250385,1,237.48,0
06673ac4-28b3-4506-895c-34154c0aff38,ec874a1c-f134-4148-a610-b3c3636c2d27,316bec48-b689-467a-99e0-589abf9f7ac1,3,128.71,0
e6ea9e54-ebab-4347-94ae-19f4049c078e,ec874a1c-f134-4148-a610-b3c3636c2d27,20eac7a6-9399-4016-9c00-ce26e5642d33,1,19.16,0
72b4543e-d3bf-491a-8e9f-15ef4eeca8f0,90ab37b2-2846-4ab0-92d1-e015d8dfad0b,69b1559b-a2f4-4a56-b94e-673cd173cc4c,1,52.91,0
88c6ee86-0437-4129-9953-f2d2cf8eb23b,90ab37b2-2846-4ab0-92d1-e015d8dfad0b,37adca0c-c1e9-445a-bce9-2eb1eb134887,4,218.85,0
1a33186e-92b6-4ae3-ac2c-d67b44597a01,90ab37b2-2846-4ab0-92d1-e015d8dfad0b,a088ba4c-120a-4d83-8c2f-3dcb125807d5,1,134.42,0
c9b3470b-ac0c-4773-9a27-c4fd9e2a49ea,63b04001-1bfb-4208-b341-d3b9faaa54bf,a088ba4c-120a-4d83-8c2f-3dcb125807d5,1,144.45,0
2b34fe66-902c-4b5f-8297-e346180852f7,82ff0eb9-769c-4d5e-af1c-00a5f7fd5749,80c89bb5-a750-4f1c-ad6a-9860f2b6f521,2,132.61,7
e5871049-2f3c-4b2a-9749-58032e702aee,f2b0c2f4-e539-4d18-b2fb-02bf825ffdd5,4e7ae13e-93f1-474a-a871-5ab899072380,1,151.58,0
b28a7907-34f4-4ac2-9d31-08c0d5e8f0ec,f2b0c2f4-e539-4d18-b2fb-02bf825ffdd5,ffbc130e-a9b1-46cc-8920-c78df5f5cf3a,1,1660.75,0
2c924124-1ab1-4c2c-87ac-5b9788939aa0,804392a2-a2c6-4681-8ce8-41e63b3bdddc,cc6e3bfd-d146-476a-8d75-dfa7c05d0097,3,158.84,0
6d25d987-fa78-479a-9451-108f3b790a3d,cbd7ea22-551f-47e2-bc3e-5f375a4751f5,b3cb7393-cf08-43b0-8fd6-b62e3afc9a63,1,1635.17,0
798c4062-0691-431f-a9a4-c9ee4f635c3f,cbd7ea22-551f-47e2-bc3e-5f375a4751f5,86641b85-98c4-41aa-ae02-99e81efa86ed,1,1449.46,0
4ceb4306-d198-47fc-aee0-fc197abb9873,cbd7ea22-551f-47e2-bc3e-5f375a4751f5,1a8e516f-a526-456b-9b17-e7e794a3ac59,1,178.63,0
08fc99f9-e1f8-420a-902f-ade2773463c5,cbd7ea22-551f-47e2-bc3e-5f375a4751f5,f1a7c4ef-0c1b-4bd1-80f7-259dca9d2d8c,1,117.45,0
a550e9e0-28ca-45f3-821e-c824ff429747,cbd7ea22-551f-47e2-bc3e-5f375a4751f5,6998b21d-ed0f-4795-a1a8-43d2c7619c6b,1,984.67,0
2d48aaf3-fa77-4bb9-98dc-e409754623da,f0f737c6-19e9-4802-88b3-3b0638b60158,1ed7576d-242d-43a2-a020-9ff1d2f694ee,4,346.2,0
70c2aed6-6826-488c-ac54-ed788bb80dff,b88d57ce-9064-4806-a18c-cdf85618da16,899d8ba4-ab7c-470d-80e8-1a881ad528fd,1,37.87,0
5a4cb4ee-851d-464a-a19f-5b9cda0ff76a,7009c720-3eed-4e26-b4c2-f7f9efedaba5,53b5420b-3615-4b7c-9b0c-bda168a3c72b,1,379.46,0
4bfcc3b9-2ea1-4170-b2cf-c35cfacd41cc,7009c720-3eed-4e26-b4c2-f7f9efedaba5,61ca908a-661f-4863-a4a0-118e57e7d5ea,4,5.09,0
5502c46f-73e5-4598-bb07-06122b577fd4,cd8148bf-d6f7-4f90-a4ad-1d4b00e1a673,e34784c3-dfbf-4bdf-90f7-ab896537cf89,1,74.18,0
adb45b62-59f5-4ec6-86ab-613e0a542cf2,cd8148bf-d6f7-4f90-a4ad-1d4b00e1a673,0b0ce0c0-e2c1-4b6a-a0b8-8ecdafb0e41f,2,190.21,0
496b9ad8-f490-47fa-bc15-8d010d49a1d8,cd8148bf-d6f7-4f90-a4ad-1d4b00e1a673,e105f947-516e-47fd-bda4-c7d846a079d5,2,7.54,0
365fe951-48ac-4db3-a8a6-e3cd5da58fa9,647dd777-a020-47d5-a6bb-2025cf0a5473,33088520-d810-4316-9c7d-442d1c71b0dc,5,261.8,0
09880ea0-396b-43f5-ba83-6af293338a33,647dd777-a020-47d5-a6bb-2025cf0a5473,9c576b9c-3ee8-48ae-833a-4547760a7559,1,44.28,0
00c02372-b369-418f-87e6-e8f4b485ee10,647dd777-a020-47d5-a6bb-2025cf0a5473,56f008f3-e7cb-4845-9744-48f63b9d795e,1,29.06,0
37424691-9faa-4175-87cb-cf8f51820e98,647dd777-a020-47d5-a6bb-2025cf0a5473,234713b0-7d30-4179-9d93-4bddee81578c,3,459.16,0
dea2813d-7ede-404e-ba13-eb73dd2e7a19,647dd777-a020-47d5-a6bb-2025cf0a5473,82986ade-f68b-475b-9410-acc0979ec258,1,24.63,0
8149ce4b-173e-4ef3-8259-284dfcbd2e10,7fed1d50-7db5-4886-b73e-73982081268b,be168689-1d95-4ad0-b73a-ebc1613a81ec,1,170.9,0
9acecbc1-1c44-4fc2-b1eb-e17110020790,7fed1d50-7db5-4886-b73e-73982081268b,0fefa0cf-2585-4c4d-a48b-bef87684632d,1,88.18,0
29a9660c-e34c-49e8-9240-78ebaa66c4a7,2b314cb0-b67b-4665-a88c-b220fba7f25e,79a2e63e-d079-4711-b694-16af8874f838,3,315.74,0
5d342432-e333-49af-82a1-198b327d5c08,13d4e0cd-0b12-408b-b76a-48d5f936600e,38ba55d3-3041-4946-94da-82cca2b9c0be,1,172.37,0
b6cc60c6-5907-45c5-8364-13cd9848e078,13d4e0cd-0b12-408b-b76a-48d5f936600e,49039f36-2f33-42fc-a6f3-d9bacee55070,2,16.07,0
9e692e67-5271-44c0-a623-0e24cdc58f84,d44088d7-51fa-4fb3-b2ff-23fa937e683a,56c0abbd-6334-489a-b562-e0cd42fc3e4d,2,382.03,0
e3f99b35-28c2-4294-a0f8-6be7abae7ddd,d44088d7-51fa-4fb3-b2ff-23fa937e683a,88069e85-64f0-433f-a6fc-0bb608156819,1,57.87,0
1219fa17-a100-417c-bebf-a74e60800773,d44088d7-51fa-4fb3-b2ff-23fa937e683a,d88b6458-788d-47bd-a846-8cdb628943f3,1,122.96,0
5f474abb-0b4d-4843-9d0a-d973cbe91964,d44088d7-51fa-4fb3-b2ff-23fa937e683a,545822b0-a28e-4cb4-bc18-0a17a64e7ee2,1,536.3,0
199bf655-6a84-4c2d-943b-45d08e4ee46e,d44088d7-51fa-4fb3-b2ff-23fa937e683a,7ca2a811-4321-4995-b691-5dad18263b9d,2,672.38,0
10108823-dd7f-48e6-a4ae-87c17a92cc31,5942c5c4-6409-403b-9883-35d82f17979f,b7dab384-974c-4026-b15f-a3b2e2b28375,3,52.89,0
c5f65bb9-fade-4676-ae12-c4d0db99e6e6,db669a67-1596-406a-9076-b3a1e6399165,434a54fa-cf73-4476-91a9-d7bc53408781,1,1717.81,0
dd1ec34e-4fc7-43a8-9b1f-4526785d3bad,f0893278-9671-4711-96db-8fcdc3f777e5,825e1111-5eeb-4cd7-a6b2-112679f7912f,1,120.05,0
b536d397-3f3f-48e2-930c-cb00136707b6,f0893278-9671-4711-96db-8fcdc3f777e5,4f7a24be-cca9-4d2a-a9ac-55b2c15c7348,1,154.86,0
70784262-4302-45ce-8dc4-cbd18472abd3,f0893278-9671-4711-96db-8fcdc3f777e5,5712845f-831e-4197-9b3f-8901edf080a4,2,18.07,0
d4a9089d-ce42-47e6-b3ad-9590aa096053,1cf4b9d1-42e9-4289-843f-f023dcd625c4,a127bd26-6ca0-45fa-8efa-6c9406074515,1,163.48,0
9d7e4abd-8e16-4fc3-af0a-c9590630ff30,1cf4b9d1-42e9-4289-843f-f023dcd625c4,f7835c39-f9c6-406d-b629-a8b9cf729ee8,1,1511.59,0
cea4d7ce-7c98-44e4-9538-72960fa1c1ed,d1b3dcaf-81a6-4102-9dd6-d3d74e853d59,d7876eb0-7bfd-4c11-98a0-24d4df4ea04c,2,429.83,0
5503fea6-c058-4f44-99d4-1178ed00ebbf,d1b3dcaf-81a6-4102-9dd6-d3d74e853d59,1c0b8ea5-be6a-441a-88db-210942960218,1,23.26,0
6a23b0d6-c3a5-44a8-a3cb-2e23c417b1ea,bda1153c-4523-40d8-9c37-0caf933849b0,a7cdcbe3-abdf-4ed0-9f7c-a8a544d9d1b8,1,157.44,0
68f8d104-133b-4305-bc00-d0417e07ec0f,63509f13-aff7-46d5-9454-d8dcf9ed20e7,ab7114df-69ef-4e95-bb6d-58bd06725aee,3,20.85,0
11aff967-fd76-443d-a2ae-ce40693128dc,63509f13-aff7-46d5-9454-d8dcf9ed20e7,b5cc4308-54a5-4096-a4b8-d0e12bfe88d9,1,1773.14,0
ef389305-ee4d-4a69-8da3-450de566a420,0c2c2dbf-5e23-4ef3-ad27-58668013ac9f,f31d727a-2806-489d-a6fa-a62c6ddfde32,1,243.16,0
acd14eb7-4a76-4035-82df-949f7621b287,3ae6469f-c6de-482c-9c46-482f7f5e4010,0081efa2-0794-4359-b009-e22e98e35c34,1,178.06,0
3bc7c2b2-8fb6-4308-89ff-46182ffd7ffa,3ae6469f-c6de-482c-9c46-482f7f5e4010,7b0120d0-905f-4307-b980-2852a6452154,2,291.41,0
898c2c3f-5317-4655-9451-0a5a26a2bf07,3ae6469f-c6de-482c-9c46-482f7f5e4010,4beff2d7-75b5-49e6-8d69-522ba38fcf2a,1,89.05,0
4339d34b-c374-4232-9856-56e34bb3c6ac,b8ef25c9-5ed2-458e-b140-88ec77a71ae0,dab69893-b807-4079-b233-cfab1a19f447,1,64.58,0
3f406d3f-0b6f-48ac-8d67-fb22f003eb8a,b8ef25c9-5ed2-458e-b140-88ec77a71ae0,8758c62c-0a8a-4e3d-bcf3-3d9e9aece94c,3,19.77,0
b4519d99-c9a6-4935-87a5-589b12c0f25e,d75f91d9-e043-4b63-ade6-9d2d36bf2071,595ceb27-2dbd-43ee-96dc-3a1b1319df3d,1,54.97,9
51d66085-0ef6-4725-985c-fa64d86d2f66,d75f91d9-e043-4b63-ade6-9d2d36bf2071,03ccafd6-0340-4d76-b0ed-b1056be6c649,4,391.29,0
7173d9c8-dea4-41ad-b03e-22df7c743787,c7f9ebf4-aede-49cb-a9ec-fefc2749a37f,b5ddff17-416f-4fe0-9bd8-7d0ba022d9bc,2,84.7,0
3476d94f-9bac-4c5a-8cbe-d80e8e4cd9f9,8a662199-9376-4bc8-80db-313ba7d739fb,98f438d6-f7a1-4005-90a6-295c0a2e1c44,1,228.53,0
f9e411d6-f951-45ea-9107-35e0d26143d2,7d972127-47b0-436e-9aa7-f43ead8712b6,b4dd82ab-a0c8-426f-b27a-7714e0dc266e,1,222.39,0
35b845d0-a83d-4aab-be96-08ebfee833e0,7d972127-47b0-436e-9aa7-f43ead8712b6,18e26c98-81c4-4df1-af14-b4e3ebf987c4,1,1292.06,0
a26ff36c-2f07-4a19-898b-edab3130545d,7d972127-47b0-436e-9aa7-f43ead8712b6,a42e61ad-f584-4da3-a452-89b3fd099e58,2,32.71,0
a67ecf65-48e1-4f60-bd07-a5f0c9c61f0e,1cba9d94-e421-4245-af00-4360a7d60b79,39694ca7-887a-491a-90b7-21dd6f13a093,1,111.01,0
a19709aa-179e-4206-8a58-7597934be045,1cba9d94-e421-4245-af00-4360a7d60b79,f925424b-5281-4f63-923c-8c170f6289ee,1,66.0,0
717a2799-65ff-403f-b40c-8d626c4560f5,3a4ede1b-cfde-4d6c-b41d-4ad0fac845aa,15e206f5-0ff3-4fe6-9556-365ee9051a56,2,215.19,0
9b371974-e7ee-40e8-9886-d50596de9e98,3a4ede1b-cfde-4d6c-b41d-4ad0fac845aa,083c1d7f-0666-4a06-96aa-a36ba0b7ab9c,3,48.89,0
13da00ec-a1ea-4101-a89d-32c1638040db,3a4ede1b-cfde-4d6c-b41d-4ad0fac845aa,07ce8b5a-622d-406a-899d-b95710bbfb13,1,139.85,0
150386c5-9766-4794-91fb-91a9cc589304,3a4ede1b-cfde-4d6c-b41d-4ad0fac845aa,e66ebd24-3b2f-43ec-bea7-d5b05300ba10,4,147.29,0
9b5b9c18-2ab3-444a-93cf-9f9ec3dd70dd,3a1f208d-3e86-4d3c-94a1-c1201a50870d,063cfa84-a4a0-4375-b793-c1e8d2d792e2,1,1301.15,0
d1782ba1-f92c-43bb-811c-35ccc3277ed0,d9474564-b17b-4a14-98fc-21d435b92acb,e1d5632d-ff6e-4610-842f-d3b2f58fffde,1,83.8,0
304d80d5-3c8a-4559-bb1b-1bf4b8a0d4f3,d9474564-b17b-4a14-98fc-21d435b92acb,f26bb430-90b3-4eb5-9d43-8f42a2b86eba,2,120.2,0
fc021fad-5f3b-48a7-aba9-0e7480dd239a,d9474564-b17b-4a14-98fc-21d435b92acb,25a3df37-54d1-4ec7-8109-75bb376cf998,1,10.91,0
7723a028-d2cc-4210-9dae-dbfa2e58248f,ca872056-5069-4f7d-b734-3e5db7947abb,57ee4054-c3cd-4777-a307-1dd43478122e,1,154.98,0
afa5aa9d-ca91-4b5f-ac2a-095c71bd0d34,ef2881ec-f484-48c1-af12-267a81f65e69,29adf51d-274e-446d-aaae-0d45267471f4,2,44.11,0
fd6e51cb-0c38-4c12-8d2c-414ecf600edf,ef2881ec-f484-48c1-af12-267a81f65e69,b76ec0da-746b-47ec-859b-92e0eed4a1f3,2,218.24,0
8bce5f1a-34d6-4a1a-888d-71f7aa206731,907a5848-24a8-4544-b63f-8eef109ffc70,faeccc1b-1e03-429d-b253-6d3287478583,2,33.29,0
f9e14b72-6116-4ce2-b356-d7fecd8da1dd,907a5848-24a8-4544-b63f-8eef109ffc70,83135a0b-a8f8-4bb9-9e73-cbd8aec1437d,4,654.56,0
37fecf8a-ed93-48f3-b56d-d0452b8a1816,907a5848-24a8-4544-b63f-8eef109ffc70,fbcd94e2-f82f-4241-9679-31d4c15c8233,2,270.84,0
f80d0e64-c2a3-4453-971f-097cb31eecd3,cb94de89-98ae-4afc-847a-9dd4e5aa67cf,b0c5fce4-e011-4013-a38a-596d1de927e0,1,198.54,0
d8fd5aee-87d7-4a36-b132-17100d6689b9,cb94de89-98ae-4afc-847a-9dd4e5aa67cf,7591ccff-fa75-42e6-a6b3-485b3b22f2fa,3,56.81,0
158e7b66-36c1-4f06-90f7-328c065a4c46,b852969d-57ea-4889-82b8-aee9f417f491,a83621a4-b08c-445a-a6ad-52f457cff77a,1,16.13,0
8c740f6a-afba-4afd-b79f-afe3ec2e2745,0db22f62-e24a-4b68-a9b5-1fe2df65caf9,41158266-96c6-40b0-802e-60101b143793,1,894.22,11
11ceb85c-ea6d-465f-972f-041f92963f7b,55ced44a-9459-4f81-82c3-5cd930214dac,8a078655-b841-4f9c-bbae-3abb2e8932a3,1,178.12,0
a9521cd2-a4e8-4e0b-8901-5410cea1a3e9,a9907cda-c63e-4396-937b-d116fe156364,a82bfb82-7263-488a-b556-c7ecece11055,1,675.78,0
91bd5bfc-c88f-48e4-8cdf-c0883f61743b,a9907cda-c63e-4396-937b-d116fe156364,8c3f7470-8fc7-47b6-a1bc-d850ff08ae85,1,336.35,0
528155c9-6a11-4e2a-a8bd-bd642ef1d2f8,0bbfc441-b8f2-45f3-809f-daae2afb0897,52e732c2-22f2-43a0-9c70-b57bbcd3792d,4,13.46,0
db32b4f0-5612-4232-ad40-518d1a772948,bc4bd8b0-91c6-4161-a668-23b4cb625351,b953572d-f891-4a7e-9d6c-7d98ff3dde74,1,125.61,8
124479ab-cee8-4773-9da9-3b949ca9999a,bc4bd8b0-91c6-4161-a668-23b4cb625351,6cc4bb63-8686-40d3-9071-ba474263786c,1,273.86,12
17319af5-4c28-44ef-a1df-273260541cb5,10233c28-59d4-4845-9af0-4a76105943f7,39a0893b-1c34-4c36-958d-dbf0c7081a15,2,337.16,0
52266547-a3b3-4ad6-9ba7-61996f743cdc,10233c28-59d4-4845-9af0-4a76105943f7,d68a1fe8-2f7b-4866-92a6-9e02ba1a6b2b,1,1724.43,0
5d6b7a25-431c-4c5d-bc55-816ca9dafbca,10233c28-59d4-4845-9af0-4a76105943f7,79afdf26-4033-4e3d-a190-1b1b256f1c8c,1,115.3,0
85c031cc-7096-4c97-b0a9-5cc66845727b,10233c28-59d4-4845-9af0-4a76105943f7,7daf1809-d3e6-4f8e-aaa6-d6078985b433,2,105.31,0
8f91e798-10d5-40a4-8b56-42d524d4cefd,10233c28-59d4-4845-9af0-4a76105943f7,4a67d7b2-3f7c-406a-856e-dd47b3d5e68a,3,780.27,0
801eaa5e-490d-4b6d-a055-3ed61667f8a7,dd615711-363c-47fc-a486-be255f35ae44,623623a8-01c7-4a69-9cb1-bf508ceef336,3,35.26,0
0c297ca2-bd95-46b2-8eb9-aecc1f615b60,dd615711-363c-47fc-a486-be255f35ae44,59f3aafc-51ab-4058-a955-a0310ca7df65,2,120.78,0
e6dc7033-0e2a-42fb-ac8f-fe678c7b9473,dd615711-363c-47fc-a486-be255f35ae44,ed2e1369-1eb6-48df-9714-2f2a06a63bbd,1,1048.54,0
afb407ee-7e5d-4855-99f0-2ef93e673ea2,6a671a40-c607-4221-bafa-aefacd9b121a,d78c6c3f-71fa-4a32-8e37-84a56c2c014d,4,41.97,0
9bcbd178-2c64-4fa9-8277-9a48790fed91,6a671a40-c607-4221-bafa-aefacd9b121a,67ac1691-4ba7-4e6d-9027-959e3f4993dc,2,78.06,0
a51ba936-cc9c-45bf-8d51-185ecac39d94,338a0ba7-92fb-4228-924c-7cdaeda0a71d,b31f795d-39a9-455d-9529-404080887c2d,1,214.77,0
83ad04a7-8489-4d35-b59e-1c8ddd06035a,338a0ba7-92fb-4228-924c-7cdaeda0a71d,0e5f34f6-e37c-4575-8f1a-5186784e650a,2,50.01,0
d6c05c5b-2e76-4d20-9cd8-689c50ae4436,338a0ba7-92fb-4228-924c-7cdaeda0a71d,e84695e9-640c-45a9-8ee5-697a62282282,2,123.41,0
75eca7ed-afa0-40f9-9c87-546bbd6fdd1f,d77a52a7-d96d-4ba9-b14c-48c075596702,482bfabb-70c3-4376-8fa9-294a5bb24a79,1,143.8,0
7599e74d-d552-45ea-86c7-979127e51e97,d77a52a7-d96d-4ba9-b14c-48c075596702,f0a1f9e3-85db-4832-9de1-536aef0646fd,1,39.94,0
3103a8f8-13fb-4cdb-a6d3-67b0a07545ac,d77a52a7-d96d-4ba9-b14c-48c075596702,899d8ba4-ab7c-470d-80e8-1a881ad528fd,2,35.08,0
ac7bd5bf-2808-44d2-be76-5be617b58cf1,d77a52a7-d96d-4ba9-b14c-48c075596702,21dea5f5-3fd3-4f3b-bf9c-802226eb054b,1,233.81,0
832958f3-43de-4d0d-a975-e8970af18c4d,d77a52a7-d96d-4ba9-b14c-48c075596702,6be582bb-d727-4cbe-aea7-5f674719ef44,3,1543.94,0
cbc3624a-8452-436e-8002-340ac5367dd5,ca7e5fde-cd8a-4a55-bcf5-0789fac5ac33,b2667b94-3913-4ad2-ad34-ac5fadaa4186,1,752.03,0
b58b9a08-8fc8-4be9-823c-36b8cae4f492,ca7e5fde-cd8a-4a55-bcf5-0789fac5ac33,4c90e38c-1a98-4e32-8784-a1bb6317a2c2,1,1107.86,0
7b5d0194-91b2-49b6-ad55-fd353426d280,ca7e5fde-cd8a-4a55-bcf5-0789fac5ac33,7f6bea9b-2e83-44ab-980d-2bad91602429,1,148.39,0
a5134127-1963-4483-bc61-a5247ead3c76,ca7e5fde-cd8a-4a55-bcf5-0789fac5ac33,7f7fd7f3-a429-4d02-b319-85e7a9e1a9f0,2,345.5,0
e02a50e9-7b8e-475a-897d-d2c436621620,28447727-a017-473c-8ed9-b037ad82ff50,257714be-8a88-4c8a-901c-fd05055ca6fb,2,86.81,0
2755e704-5b97-43f9-ad3f-a0f725c94def,12d21101-5f0a-4e5e-b87e-ef014f970d94,644a5a43-6ac5-4fb7-81a8-e9e7ba8a1665,2,2811.58,0
32a75db9-1b9a-426a-9f37-a87d3ae63272,12d21101-5f0a-4e5e-b87e-ef014f970d94,bff44a99-36fb-4d4b-bb9d-7aefcaefbcda,4,205.42,0
8d8600a5-734a-4013-85fe-15ddfe7a1a78,38235ff4-21b0-4351-a9c6-6fb308ddc861,9160860d-6213-484d-a6f3-6390a9c62076,1,345.86,0
77aeb8b5-7236-445e-b750-2de68ca35c54,38235ff4-21b0-4351-a9c6-6fb308ddc861,a64b5f9c-2887-49ce-a3b1-f17d36492545,1,54.64,0
07b19aa9-ab32-4de5-8da6-d8e25e1e0a6f,e1812538-6614-487a-83df-22692ab464d2,e4d64418-fc81-4e80-ae04-526acc4b04e1,2,145.77,0
4443862f-27c6-4013-b3ba-d38edb312a9e,e1812538-6614-487a-83df-22692ab464d2,ce1b8ace-c175-4197-b154-c20ecae51fda,3,252.81,0
79c33685-c3da-4ad7-b7f8-39d6ecd744fd,e1812538-6614-487a-83df-22692ab464d2,8e3f9b20-fb75-4ba8-9690-aa7acb09171e,2,43.94,0
3fd95dce-98e7-4c6d-bf45-f351bf04796d,079e88f7-4c89-472f-aab2-a6f63a1df600,7b41f90e-6f3b-4ec0-8053-79cf954e40bd,1,828.07,0
dd84a022-6170-4698-8c26-f00b4cd48912,76229340-55ba-4105-88c4-391bef880bc3,fe940143-aef5-4933-8a58-9fb9a4a40c62,1,278.81,0
4c685684-3ce9-470f-a7fe-bc2805efef11,76229340-55ba-4105-88c4-391bef880bc3,fd2c4328-6a19-4946-84ba-9f92b97a5cc1,1,254.33,0
bf14de50-3b2e-4983-a5a4-c6e2233a7bdd,76229340-55ba-4105-88c4-391bef880bc3,4f239385-ced0-498b-833e-de1e9b67bee8,1,80.06,0
1e667992-6b12-44fc-bc01-3efdfeae50ea,9f790ce8-9f63-4e95-8340-3307cccf2a03,6260176b-c3d9-44cd-94ba-b04ca8aa774b,1,352.76,0
fa612cd4-3519-49af-8481-1eb0ba5e834c,40472af4-a331-4402-83f8-4a35469ded1e,5a090f46-8bed-4a6d-9462-be78c434306a,1,472.01,0
4b470745-fd79-4008-9f45-09e144e1a462,40472af4-a331-4402-83f8-4a35469ded1e,39a1197c-d7e0-4d76-9fee-f33051a3b48d,1,112.33,0
0a20bf0b-e60f-4b7b-b4f6-525e1554d331,40472af4-a331-4402-83f8-4a35469ded1e,55fa5465-d5b6-4380-8469-50db632003ec,2,31.37,0
cc4673d5-1082-4e1b-8610-8fca3c41b9ea,fedefdd3-096b-46f1-8b44-12df360e1997,9047f8a0-24f3-4d81-bb37-95075bbeec5c,3,82.76,0
834895fe-3ba5-40d2-a1aa-603ce7d21f04,fedefdd3-096b-46f1-8b44-12df360e1997,f2fc610e-ac3e-4877-9cdc-f5211c8a7d6c,2,220.31,0
a23e1ad1-6f3a-464b-96dc-da38eab62c5c,273035e9-61b0-4daf-8864-ae12e0bf2716,533fdaa2-1f55-42af-821a-824141e6c667,2,974.42,0
563cb4ad-9bec-4b68-be24-bfb4a61b29e0,273035e9-61b0-4daf-8864-ae12e0bf2716,64f688c0-2cc2-4059-a722-97ce7aed2bcd,2,1423.27,0
1618c046-ad57-4742-979c-79ae73ef7fe9,273035e9-61b0-4daf-8864-ae12e0bf2716,635703b6-ae49-49a3-b6b0-69d4af42e208,1,2641.96,0
63d2fe6e-25dd-4139-828e-18ab0c3d65ac,273035e9-61b0-4daf-8864-ae12e0bf2716,c88d186c-7ab2-442e-bf91-93b6f79c4df8,4,722.4,0
1307e89b-7890-4cc2-8d41-c7917bb8fc56,8d9cb252-5290-4b0d-ab8e-49ac10c421e4,b817e3f6-456b-4d3a-bac6-a64f049f2cd5,2,229.77,0
d47322c3-39ba-482f-ad55-5413b1c74bba,0309e315-d9c5-4c85-884a-87e25133a62c,3d74ef84-9ed5-483d-acd2-9b3837b1c0dd,1,141.62,0
4bbdccb2-6e1e-4cd3-b067-2c4bfe4b288b,0309e315-d9c5-4c85-884a-87e25133a62c,f8dfc937-0409-43aa-8aaa-efb0f3bddff2,2,199.08,0
4f4c4343-f477-4e0d-9553-b75875a26a19,0309e315-d9c5-4c85-884a-87e25133a62c,cb06c22d-53b1-4dbd-9227-05d010e0ee92,1,357.82,0
3f4729bd-7721-4f2a-acd4-a1c5a9d05cd7,0309e315-d9c5-4c85-884a-87e25133a62c,f01121a0-26c1-4994-becf-65b5be8fe967,2,389.31,0
af69793e-3d0f-4033-93bb-46f6ccfc2a13,49db199c-556c-4153-bdcc-62d7349e6e3d,66b0c587-b8f4-48b8-862d-4ef483c3c7c4,1,36.36,0
3e9dafe5-6471-4d13-9e5c-c0958ca46aa3,49db199c-556c-4153-bdcc-62d7349e6e3d,10a498f6-f376-4e1f-9bfc-5f9f52b3d3a0,1,50.69,0
bd2654ec-01a2-4b0c-bc01-6a7e2ef1c991,49db199c-556c-4153-bdcc-62d7349e6e3d,89e3e030-390a-495b-b1ee-8ff4550ccc79,1,187.14,0
6ecc61bc-603b-43ab-9c5e-39a0181a357f,49db199c-556c-4153-bdcc-62d7349e6e3d,a467f8a4-cae2-4a95-82d8-abdb1396b2ee,1,83.67,0
a398b31f-b813-4dcb-84cb-d4ef051bac00,4537de12-e489-455f-ae31-f0f902f15175,2dc7d9a1-09fc-430f-955b-de697ca4c770,2,1313.5,0
6f44c2a7-f7e5-4f70-821c-101281e0d3f4,4537de12-e489-455f-ae31-f0f902f15175,1ad01ef4-560e-4f25-9761-be78e8b150c9,1,77.26,0
41355e0d-1793-493a-a385-24f839ce2b36,4537de12-e489-455f-ae31-f0f902f15175,82bf3842-b5ed-4569-809e-924385b20d51,1,55.63,0
e6988e34-78fb-4fe3-b7f6-7bfaffa0aeb6,4ba36a28-0458-4e1a-a1b6-298cb583b073,cac220a9-f678-4f58-8ec5-571119d9f677,1,145.26,0
3e83b241-ad0d-450a-9df8-7fb25f251b08,8832e3f6-0986-4c86-b876-1e9fa8f4f6c4,84f811b9-9608-4d36-bbf2-5476d484ab57,1,308.81,22
8f5cbd4c-f365-4ded-a89c-f6b0fdddc711,b22891ea-3cc2-4bf4-a9d9-6d96bd0b5848,9f3572f4-bbc4-48a9-998b-44f460abfe64,2,1756.12,0
3e8e01f8-a9ea-4860-b796-301596fe56f4,390b6007-8976-4790-962f-cb0db26d20df,b3c97755-25af-4d36-b5d6-f7c332c85765,1,66.19,0
916d1f5b-3fb3-479f-9f9d-98e7b6d0c118,fd419a99-6444-407d-ada7-6d9980a67c4b,8d0774a8-30f1-45bd-8672-2ad4d9fbf289,2,471.07,0
02bde62f-b94c-40a9-a0fa-77d132333985,fd419a99-6444-407d-ada7-6d9980a67c4b,b332d126-f371-4c93-bd27-10f4c7108ced,1,103.03,0
343948c1-0d16-4484-b017-6fa8d4b1a1ce,fd419a99-6444-407d-ada7-6d9980a67c4b,ede5fa25-4f45-4db7-bb08-48b46361ad5a,2,1728.42,0
0a9f3609-64e4-4d60-b307-01d2ac1108c1,fd419a99-6444-407d-ada7-6d9980a67c4b,c32d6636-21c8-4050-b3bc-101fb10e2334,1,271.35,0
6a683a25-bcbb-47c7-8914-245543ce76a5,fd419a99-6444-407d-ada7-6d9980a67c4b,8b1b0655-91fb-46e0-9821-a967590d674a,3,1307.22,0
31632cd9-350b-499e-985c-799e53c2d7a3,29d025c8-4160-4fa7-85f2-a606e49eb90f,5184aae2-9d54-45e4-add4-920339505796,3,1076.97,0
5f8e9ff8-9637-4462-ba41-6728a84165e6,29d025c8-4160-4fa7-85f2-a606e49eb90f,a2112b76-70e5-4ec8-b1c4-39594242ad49,2,284.45,0
7fe03b35-a500-4d9d-8b5b-b3b5b9dd81ff,d905b6be-d36a-4a77-af10-753d927bfc59,146e61df-1072-4d63-8746-81e9f4c58809,1,1869.06,0
556983e2-e7dc-4368-a640-8219aff8580b,852eebc2-8355-430f-a12a-fbbcaa7ec2cf,a7950354-8816-462f-a5ff-48b9b2c42e96,1,189.26,0
26ca9a64-cf2e-48fa-aa94-e1cf2a1b63d8,852eebc2-8355-430f-a12a-fbbcaa7ec2cf,f8629927-dbba-4d2f-a783-9c1c98929a5a,1,202.72,0
ed9565fc-2206-4776-b421-52b0b6838672,852eebc2-8355-430f-a12a-fbbcaa7ec2cf,8b00391a-244e-4ea5-a211-52da9caaf131,1,28.4,0
4753c7e4-a2d4-4031-ad3e-4d3441350622,d9059c37-0629-4a09-99c5-2d6bff85600f,fa8df488-49dc-486c-a170-4ae6e22d1bb5,1,264.24,0
1b3f4355-f085-404a-a535-67c0d5a5928e,5b54a697-209c-4f87-b06b-12f7d1a901d1,8d0774a8-30f1-45bd-8672-2ad4d9fbf289,2,473.62,0
26c5bd68-1807-4036-b7a4-0561ee385689,cb864e0e-c13b-4cdf-af44-485717eb8afc,17ec8bff-cba3-4464-858f-ed4fd9c8996f,2,145.9,0
dffc6137-728e-4997-bdf4-9c12cf5eccc5,cb864e0e-c13b-4cdf-af44-485717eb8afc,9227e726-8ae5-4726-bd6e-00540bab8319,1,10.4,0
16fa938d-db36-42a1-aeda-33c1672986ec,5e4fa51b-88a3-4020-b6ed-32ff10c0732d,b56c8113-f591-45d7-880f-1cb2a4ba178a,1,426.23,0
ecfc0848-6c8b-4c81-b4b3-33dfd0886f33,5e4fa51b-88a3-4020-b6ed-32ff10c0732d,cc6d00b3-3f0c-4853-b0fd-42827e04e590,1,760.72,0
f83145b7-7116-4514-bb9a-07a583da2f42,5e4fa51b-88a3-4020-b6ed-32ff10c0732d,feb56069-bd81-424d-a413-9fe54de2cb11,1,1045.04,0
3cd06433-79e6-42c1-b357-b3c2222eb6f7,86fc6f8e-dc88-483b-b999-daf42144a79b,d3f9dc3b-b080-447a-ac9d-f1bb816cbf87,2,29.08,0
2e3f1d22-1185-4902-863e-3973793c198b,86fc6f8e-dc88-483b-b999-daf42144a79b,ddf75d69-5186-4d25-97a3-dde5293aad89,2,40.02,0
1a554edf-d686-4231-b119-063d91b17aca,5da752d4-e4b7-4b36-8fca-480e1de525e7,856b6c2d-e321-4334-8978-88b0499a71da,2,160.6,0
1eb49943-b2c3-4a2f-ac37-53ba5aad5547,5da752d4-e4b7-4b36-8fca-480e1de525e7,6fcdf234-7f1d-4f38-bd0e-d29796e1b4d3,1,57.46,0
6ace37f7-9d92-4ad7-a18f-522e67a1e74f,cda42c8d-cde3-42b0-8937-c0b6f75be6ea,93d942ca-5f53-4ed4-9f11-48a827be6306,1,1427.84,0
fb3f7fa6-c710-4b4c-acf3-0cc24d5c2126,2561e5c9-ea03-4062-b736-e560410a8f3f,114e5006-7a97-435a-a3d1-b3850293b852,1,18.68,0
0baaaba5-05e0-401a-973a-388c22baab65,96fe92cb-51e7-4349-a618-d3e3d27c6d54,2605a14e-e3db-496f-bee4-f198d67ffd90,3,165.08,0
2bc52862-e292-45a9-83bc-23a059da488f,96fe92cb-51e7-4349-a618-d3e3d27c6d54,29786b40-1c10-438e-a256-1d1ffb1a9691,2,77.38,0
3a8aa743-bafe-4d98-9dac-ebe60ac84d5c,96fe92cb-51e7-4349-a618-d3e3d27c6d54,eb9efc1b-fc5f-4959-9716-a598807bdc0f,2,963.08,0
f92cce44-1437-484a-8882-8a9b44c4eb6c,1be9a28c-0635-452d-8d64-bcc719dbe9b8,751775a6-a1d0-43c7-a6ec-4716e985c481,1,180.42,0
9a3808bf-9640-4dde-9604-22a581f94b19,1be9a28c-0635-452d-8d64-bcc719dbe9b8,f5e64c98-7402-4b74-98f7-90be9a82b01e,2,177.98,0
dd8e721f-be7a-4f6b-ac29-2c682a690590,1be9a28c-0635-452d-8d64-bcc719dbe9b8,6cd65150-8ad3-44f0-a984-64a815c24148,3,449.32,0
e73a7bd7-b8a1-429f-9d7a-513b76e32bbe,bba53102-4689-4800-9f8c-04676e2780fd,b5608126-224c-4d29-98cc-efbdac48af67,2,444.14,0
9d0b01af-3533-4778-ad80-b8d7b1a137f5,35fb7add-6032-4cca-aeb3-0377c9d808ba,1b20dcbd-3e5e-4c6a-bfe6-7a139754da3a,1,215.78,0
0ebadcd0-cc18-433b-8ef8-ff3f42ae69e8,35fb7add-6032-4cca-aeb3-0377c9d808ba,bbb4cf83-4782-4d17-96b6-1d3b8059c480,2,156.17,0
0321c06a-e7de-46d7-b7b9-99181a3336ce,36d4f781-c4ca-424b-86ff-e53fb60e22a2,239be9da-0902-4868-bc3c-b9aa16dae057,1,35.03,0
8228a754-a0f0-435e-af17-bde4466ab8e2,36d4f781-c4ca-424b-86ff-e53fb60e22a2,55aafcfe-be11-4749-a254-e92a9c8f02bf,1,60.07,0
75d42765-e88d-492d-a2a4-1b73aea3494b,9bc0f6ae-4170-44e8-b495-6a4f25194327,b21ed556-83a7-4d39-9e7d-ede386d8045b,3,779.01,0
560d63c2-8c6b-4011-b8c5-c1a75df86530,88c03471-4197-40ad-987b-8337617fc235,327b9f88-91bb-4696-b9e1-a866470445ef,3,183.04,0
14d991cb-9b40-444a-84ea-364e56b87364,88c03471-4197-40ad-987b-8337617fc235,6efe6f38-e86f-469e-9200-3bf8fb6cd567,1,35.11,0
5a5196fe-82ee-4fe9-a962-7f7a390808cf,88c03471-4197-40ad-987b-8337617fc235,6be582bb-d727-4cbe-aea7-5f674719ef44,2,1571.05,9
34d97921-6e52-4a57-b975-ebd55a8ab153,88c03471-4197-40ad-987b-8337617fc235,2a395922-f2d8-4dad-a6a9-b7f6c36dcbe1,1,10.9,6
3110631d-5520-438e-a691-dd188a18427b,40261897-a21b-41df-b484-c2d65f7fdcc4,6bf23560-2e12-476f-a419-1cf751a669fe,1,241.96,0
e2d69755-ba97-478f-9ff7-7592256250ce,40261897-a21b-41df-b484-c2d65f7fdcc4,9160860d-6213-484d-a6f3-6390a9c62076,2,328.88,0
38c75e84-ee5d-452b-af84-586ac83ba875,a4d8a735-988d-40fe-b0cf-1da2274b02ac,4ab962ba-d3c1-4749-bb8e-3d6551f7efae,1,41.23,0
9b28a6f3-9cd2-4900-bc87-4907d4ee9654,a4d8a735-988d-40fe-b0cf-1da2274b02ac,82986ade-f68b-475b-9410-acc0979ec258,1,27.15,0
af60def3-c4bf-462d-b414-84f92ded381d,49c712f2-4ea7-4439-a127-3f402f5e43a3,d9e08397-ac1e-4199-a5e3-86e96801aa95,2,295.66,0
a70ccf32-1a3e-4540-ad4d-f0d55676f49b,97c3e1a7-ebfa-4f55-961d-7de30cf2b0b9,6739c93a-0b27-4423-a980-ca5b342d9b57,2,216.68,0
67f0a004-cf61-4369-a936-235344ac6816,e194c855-25e6-4a43-8b6b-7bf80fef66c1,9f40493d-c2e5-49c7-8906-b04c6014f29c,3,42.71,0
5fce52cc-24be-4708-8343-b24e8b1b32f8,e194c855-25e6-4a43-8b6b-7bf80fef66c1,344a1fb4-216a-4322-b62d-4b654d49a05a,2,31.02,0
4ddd18cc-b3f8-4528-83da-0cf6dd554e7c,724b94b4-a4c2-4a4f-b35f-339c6aaeffe0,c6c75bee-1cf5-4762-b960-c57547e4973b,1,536.58,0
6470234f-3c00-4350-895c-b1d3bc29e40a,923c36cd-5081-4a02-9951-029375963b61,6f60b252-4fae-482f-befa-d0f1e8f982eb,1,31.68,26
420ac99f-bb29-4109-978b-757eb4856da4,923c36cd-5081-4a02-9951-029375963b61,880fe063-0b8c-46a6-9b91-7f1a778e1f68,1,74.7,0
75639de3-37f3-461e-989f-6ee76b5b978a,923c36cd-5081-4a02-9951-029375963b61,cb59f795-7530-47ee-98ae-221c2c5803ab,2,1260.04,21
a92297d4-e711-49f8-b8be-e26fa8599893,923c36cd-5081-4a02-9951-029375963b61,05697172-79a3-454b-95a0-6b0f8bc63738,1,233.99,0
d3b2e83f-06ad-40fc-9f7e-242686823b64,923c36cd-5081-4a02-9951-029375963b61,a126d257-096b-43db-902b-ea11fde3fc85,1,416.87,0
4c40fcfa-dd52-4501-825c-937ba410f73f,a1583907-4a0c-43d1-9e0f-2a0885c49800,3b0775f6-b898-4327-a111-380b0800cdf5,5,24.39,0
2863fc42-3488-4508-8ed9-41abb4e61230,a1583907-4a0c-43d1-9e0f-2a0885c49800,40a52275-89bd-4955-b99f-f5b288d98a67,1,71.95,0
069c1869-29cd-4ba5-8637-04f16454c2fc,d42d0cde-6e2f-44ff-b89b-d25ac2e4e8f4,8e382279-4c39-458b-a430-3becb4aaa0c6,1,63.18,5
86b2d6f1-5cb8-45e4-87f3-06c2c049cdb7,d42d0cde-6e2f-44ff-b89b-d25ac2e4e8f4,4ca186e6-7c75-400b-af8d-f08033d32d03,2,42.56,0
b94d05d5-a832-405e-b9bc-f7eb2c8e059b,d42d0cde-6e2f-44ff-b89b-d25ac2e4e8f4,02342e1d-0194-4957-a8bf-a8f7f44df1aa,1,605.12,0
85424719-52f9-4d12-b5ea-fc09bce61b48,d42d0cde-6e2f-44ff-b89b-d25ac2e4e8f4,6d2660ee-b41e-4553-8b4d-a7ee1e162fe4,4,338.84,0
1c149404-d237-49c8-9f6a-8c20a99b4b7a,000b02f4-f04c-4aaf-bd93-78234e4ff683,99e55133-d34f-4896-8142-4ba6e998766b,4,150.63,30
55ba2d19-506b-47fc-add8-9f05fdabfc28,000b02f4-f04c-4aaf-bd93-78234e4ff683,2e4a83dd-fdc8-4d09-926d-a7bafbb7868a,1,160.97,0
4cacb094-133a-49c9-b818-ea22a832ee20,02bd6664-e8f8-489d-9a9b-d28226a9e211,43491408-6ec7-4975-91db-f829c64d723e,2,468.85,0
099dc6f1-99b4-4dd2-96ad-41b7694454da,22fdce16-2f2c-4d26-a154-45af09555ab8,460aa3dd-d3bd-4f6f-8c6f-216f92de7193,2,461.59,0
5beae67e-dded-47f5-9b39-0d33fbb4dfe0,22fdce16-2f2c-4d26-a154-45af09555ab8,a7eae900-b1d7-4f55-a536-093473a0fb42,3,53.99,0
897596df-e8d1-441f-9b80-2e3f6007f28b,22fdce16-2f2c-4d26-a154-45af09555ab8,96e0bd3a-2fdb-48cc-81c7-c6d9df841767,1,127.5,0
29034231-6e23-4fac-9f78-89095768b5e2,22fdce16-2f2c-4d26-a154-45af09555ab8,74e36156-42f6-4a5f-8343-a7dbb48a5d4d,1,258.69,0
82a23a42-827b-400d-99a2-3cad4669c328,8da49b8c-3d95-450d-9fba-bcfac592928c,681e061f-6a00-4ee4-8e4e-d44d8e395ffe,3,23.59,0
74e2386b-5bdd-4361-b850-2630080e8ef4,e64a4aa3-40b4-4d00-80e5-8dd5e41e476a,7feb4566-b038-4285-970e-079bc58846c6,1,274.89,0
1d5aa9f7-152a-41f0-8641-ecf0400bb406,bfcbc77c-f60a-4b75-ab15-0bfeec6cc1e1,212297c5-0fe1-46f6-b4af-76c4488d59e2,2,271.19,0
05543178-0d4a-4505-aa3d-2f8f7ae14be9,163baaa7-b029-4ed4-9238-9724f300ec1f,bf9c65b5-124b-40a7-b200-abd24b134300,2,221.28,0
719fdbc4-95b4-44f8-816d-2210fa624a8a,00871605-07cc-47a7-ac9a-d01572370a63,8f4ad548-bb6f-4742-92ea-242cdea3ee18,2,1237.7,0
4dabf54c-8c63-43d6-82c1-d648023425b9,00871605-07cc-47a7-ac9a-d01572370a63,6d534a70-c3ac-4a4e-86d4-cc922fd386ce,1,1615.26,0
54230bf0-77d4-4f8a-8ac6-481eec2c73c5,909ca521-570b-4ccd-9ece-4f6c3bd89101,8e0bc92e-defe-4d0f-8c0b-f3dcf453a4ef,1,150.93,0
9a218e38-92a5-4d2c-9831-1c139c3dd60f,f3ceba0d-f8bf-481d-a82d-8b61ea73d3fa,f0bdc088-5912-4358-a1fe-bbd7ae400e06,3,163.49,0
b5961ee3-3fba-4048-a82f-0c4ab72c770e,f3ceba0d-f8bf-481d-a82d-8b61ea73d3fa,ea5dd571-b7e4-4a84-a33f-55e4cc0f2bb1,1,1103.23,0
b9543ae7-7457-43d9-a0a9-15663181a5b9,756e8f49-3864-4f82-86af-fee3cc67779a,27c69fb5-5929-44c6-bf6f-8c17458c77bd,2,724.27,0
c548784e-97e2-400f-9cbd-f27705786183,756e8f49-3864-4f82-86af-fee3cc67779a,7ea23222-4cc9-4a97-aa66-d7d93f72a632,4,49.62,0
95a9ab45-a90d-469d-9e1d-59a5a0ac70af,756e8f49-3864-4f82-86af-fee3cc67779a,25928c97-58ba-48b8-9133-a3a803099fe6,1,117.13,0
e05c5a61-e382-457b-a07c-1395104b69a5,bc2456f3-d777-4b6f-be3f-6f199ce4d964,3d752c79-3b4c-4804-ac93-18133ff67f94,4,227.12,0
2f2e1287-fd39-446c-9cd3-46e0a75b50a6,bc2456f3-d777-4b6f-be3f-6f199ce4d964,54c35211-5c78-4a9e-8870-c31ac0b1664d,3,142.7,0
38a77980-6d97-43dd-8450-7aa18bda7844,bc2456f3-d777-4b6f-be3f-6f199ce4d964,faea3cbc-3657-4091-be47-bdaa56770e0f,1,524.36,0
db727991-30db-4a9d-9cbf-192f61c9607c,31105140-5c2e-4c4d-bc2b-e03381b0a858,0798ba1f-39d7-4abf-8f08-9956c3ea5460,1,263.53,0
a09df1be-e35d-4ffb-a5b2-1a933ea68fa1,31105140-5c2e-4c4d-bc2b-e03381b0a858,f49d243a-bb0d-4b47-b16b-f1acfe95f3dc,1,49.92,0
b92d6df5-c971-462f-b78d-7de615be23b5,31105140-5c2e-4c4d-bc2b-e03381b0a858,470a7198-23cc-41a8-939d-39905e14b702,1,182.47,0
13b44059-04ff-43e8-8e12-989793cd1f30,31105140-5c2e-4c4d-bc2b-e03381b0a858,91501cdd-2203-43a1-b312-360e3c8dcb97,1,32.68,0
d6f3c2b0-44f6-4bad-a3d8-dd47c38ed2af,31105140-5c2e-4c4d-bc2b-e03381b0a858,78a5a574-1851-40a7-8be4-0d5e9feccbdd,3,2928.08,0
cd98bce7-a730-473a-a93a-b4a097ba6d04,59af0e9f-de80-4c6b-bd4b-3be23d406cd8,5c81514e-b53b-4fa9-98e3-7d0838ad33b1,1,42.51,0
cedbc177-39c8-415c-8f2d-91c4ac8b44da,60a97d4c-caff-4d2f-9cc4-845042c7311d,1e188361-d502-47a8-be7c-659727fc4f02,1,30.33,0
d11459a8-fbb0-4ee7-9722-2544df41cf10,60a97d4c-caff-4d2f-9cc4-845042c7311d,52deb047-e24a-4fd8-81ce-5a146d40d7cf,1,78.55,0
54beee94-7629-458d-9a4d-2f98ba28c3b0,60a97d4c-caff-4d2f-9cc4-845042c7311d,adcb1385-d164-408c-af1d-1039c2226ef6,2,139.91,0
4a554aac-99af-444d-bddc-baff8f867c4d,60a97d4c-caff-4d2f-9cc4-845042c7311d,37b0d4af-bf2e-4a1f-b393-7d7961e24840,1,525.48,0
6302a682-8ccd-466c-b222-60574b885acf,60a97d4c-caff-4d2f-9cc4-845042c7311d,589b46e1-1d00-4e43-b55f-a832f003f724,2,8.65,0
a41d7d4c-71f4-4ca4-ba13-a79dd5be56e1,257a8901-5271-4cbe-b592-dbf90c4fceb0,5ed35af6-a3d5-4bfd-8602-fb5af259a131,1,99.89,0
bb8b1a5f-9a91-4183-821b-ddc12d757fe9,257a8901-5271-4cbe-b592-dbf90c4fceb0,689cf147-5f7e-4dea-b9c8-2ee381fbab64,1,285.55,0
d179d82d-0b78-478f-9549-3dbae722f55c,52e35ef5-96b3-4b7c-9521-31b866a5ec51,c94f8c98-af8e-4778-ae06-db4b16fcfd8d,2,44.21,0
2bb742ad-3bf2-4e8e-b81d-a1f3b210d85f,52e35ef5-96b3-4b7c-9521-31b866a5ec51,5e8f4b31-1ca6-4e3c-95eb-22c3b9b976e1,1,152.93,0
bb0779d7-b159-49a5-9b01-ffd842a00716,f94ccc53-45ca-4fc0-8021-3ecb4a60abb1,2c1a80cb-16fe-48cc-af4e-6ae5d98c77c7,3,1716.23,0
ad66a709-5fdb-4d35-bfc8-58882d845f6f,d655e69e-82b7-4f21-9877-2c8fe11878db,6249a421-8998-4134-a1df-d41c1c7d194f,2,2080.28,0
1694ce9b-172e-441e-bac6-475df3aa5a3c,d655e69e-82b7-4f21-9877-2c8fe11878db,c6454030-7a77-4e74-94a8-96754ccda684,2,781.02,0
bcbd322f-0abf-4afd-8c14-b3dd7d2752c7,d655e69e-82b7-4f21-9877-2c8fe11878db,eabc3b88-12b5-45af-8a7b-c1f4ff5db0c8,1,295.09,0
56eba7ee-6d56-477e-ae26-b737158b3525,cf0c59ed-1942-40a9-a732-c35d03ce5b77,916391ef-6678-43f7-9d2e-f252353e82ed,2,132.13,0
6c43580d-f500-42cb-8ef8-a3f257cd9e23,cf0c59ed-1942-40a9-a732-c35d03ce5b77,65d2d469-69fe-4267-94be-d6b144d391e3,1,80.35,0
65b6b814-4ed2-4f3b-8f85-da0bd08923b5,cf0c59ed-1942-40a9-a732-c35d03ce5b77,83b65bc9-5bef-4b83-b669-af415ca9080e,2,244.52,0
13ce16fa-3fa7-4bb9-bef3-cf84da28e615,cf0c59ed-1942-40a9-a732-c35d03ce5b77,b2a126e0-71c5-4d8e-8c82-502a18d268e2,1,87.87,0
7c8ee782-a56a-4eba-9d1c-6f4a7a869567,a7a91c8d-7967-4092-b108-8d73ada54ba2,da4cd397-ceb7-49dc-a9a6-4345ddeb0c07,2,36.39,0
23edeab5-9f34-4c56-90ee-06b8306d2824,a7a91c8d-7967-4092-b108-8d73ada54ba2,af858b33-34d0-4603-9f20-794ac72766ed,2,44.28,8
4e17eba8-f6a8-4055-90fe-da4ba7ad9b65,a7a91c8d-7967-4092-b108-8d73ada54ba2,85198312-5247-4183-a3ad-d9c1575d9652,4,1351.13,0
dd4989ba-cff4-41e7-b92d-af5004116142,89712894-e650-405d-84d5-9f31f35fa6ae,3ee9c4d1-17ec-430c-93f7-b17b081ad848,2,1528.54,0
23ada957-343f-4db9-bec9-86f655648b8c,971a9b7b-0d71-4180-b0d7-c29783f4f160,36240984-f532-4818-bd45-a9339aa7643c,1,255.8,0
723d93b5-4468-4b72-bb86-a71e6bc1373f,f2e7e928-4ca0-4223-adb9-26f121a084b4,b993fe38-a1b5-4cf4-b825-f0eae10d88a6,1,57.44,0
ab77d89a-9da9-4917-bc95-e6fa598b21d8,f2e7e928-4ca0-4223-adb9-26f121a084b4,ce9400c3-943e-47cc-a9ba-119e3e9c9308,1,37.96,0
cc2e3b5a-f36e-4ecd-9fbb-607824b660ab,f2e7e928-4ca0-4223-adb9-26f121a084b4,75d88823-ff34-4be8-a82f-2740888cd590,2,22.17,0
d8280cc2-0e09-4222-8723-6a400432c87b,f2e7e928-4ca0-4223-adb9-26f121a084b4,665f08d3-26d0-4b5b-9503-f85ea8c39f45,2,175.93,0
038888af-a84a-4045-b973-28d7350b9a88,f2e7e928-4ca0-4223-adb9-26f121a084b4,85198312-5247-4183-a3ad-d9c1575d9652,2,1385.24,0
bf910001-b1cb-4c46-b800-bb8a93fbeb9d,373e74c3-968e-48d3-93f9-55f9bb4ab9d7,8af7b25a-ce71-48b9-8ce7-7fb664254454,1,580.51,0
5f51bd92-b94a-4021-b2ed-7bc481e5c5da,dec69c8c-0551-4457-88b3-64038ad98fbc,f7bc03dc-4201-4307-9fff-e6ac152788e8,2,178.82,0
284179d5-cce7-4eac-9fd5-e4ce8e845a57,dec69c8c-0551-4457-88b3-64038ad98fbc,ac84cd01-cdf8-478a-aa94-78653709ca22,1,16.18,0
3bc39ca8-6c47-4e93-ac05-ae7e5b36217b,af833edc-26bf-4591-b018-e919962794bb,28c4d580-611e-4bd8-baf2-06b3cf564687,1,106.23,0
c8008df5-a2ba-46b7-bc62-0a38ae66da21,af833edc-26bf-4591-b018-e919962794bb,b2062809-0062-44f4-9b3c-8d03117a8e93,2,500.05,0
0891f972-264e-4826-b2b3-21677825ac2c,af833edc-26bf-4591-b018-e919962794bb,986e4e44-938b-4872-bea7-5a6cc59b07c4,1,23.07,0
bd7e4ede-9d92-4011-9900-dfc0f492ede8,af833edc-26bf-4591-b018-e919962794bb,e4bc6ab2-4c0e-4d38-b8a9-deb8df113282,1,657.6,0
1bc31582-e4ad-4926-8666-7ef7d42f6d75,5b6264e0-fca7-4cab-b674-259bc98e760f,0572d75f-f278-423f-9d34-a7f8eb8775a1,1,159.88,0
da83fa85-a716-4900-8990-510d18f8e4e8,5b6264e0-fca7-4cab-b674-259bc98e760f,63b5fc34-c28b-425f-8887-723f116281b4,2,506.56,0
e0073463-1154-4a29-8bc4-e2c6025217cf,5b6264e0-fca7-4cab-b674-259bc98e760f,ce07cdfa-e772-465c-b611-3085e631570b,1,619.81,0
d94810b9-cf10-4063-897f-6b5fcfb353ae,5b6264e0-fca7-4cab-b674-259bc98e760f,8e0bf3ac-bf94-43dd-841f-aa513cf8d6b4,1,411.68,0
81a853c0-9195-4502-8f8d-dad8811780e0,eb24ab7b-5555-4194-bbde-f0c018d5d399,a418c561-2eee-4609-82aa-1b16c73e13c2,1,715.65,0
8f93ca4d-cdd3-4203-8759-0eeea2e47de5,eb24ab7b-5555-4194-bbde-f0c018d5d399,851d2250-3be4-43b7-bc38-1402286b69ee,1,175.91,0
d2296c69-8bbe-4036-b165-0351bde4cfaf,a91bba83-2de6-475b-99cd-69675e2c3f93,1cfb1d27-0a8a-4c9e-9410-b6d0f1c19407,3,1012.38,0
5e5927d5-4236-450d-9f6f-6d02a662fd20,a91bba83-2de6-475b-99cd-69675e2c3f93,ddf75d69-5186-4d25-97a3-dde5293aad89,1,38.05,0
c1cec631-f633-4f9b-8303-b768ad67d850,5a5952ef-b21f-46ae-b121-7cbaf99e7292,729944ea-7d96-4379-8e92-22e9047a5fae,1,18.33,0
4eadf991-4d65-4a6d-a567-f2a7cbbad8c8,5a5952ef-b21f-46ae-b121-7cbaf99e7292,fcd8b6c0-a425-45dc-bac1-7f59501273fc,1,329.35,0
1fa6813e-5b0b-4424-9315-a22ea9272739,5a5952ef-b21f-46ae-b121-7cbaf99e7292,734f025c-8cf4-4789-a1d9-24192ecd99d7,1,545.81,0
56f9acb1-4a82-45e8-ba8c-51d814b4ff53,5a5952ef-b21f-46ae-b121-7cbaf99e7292,f354aefb-65f2-4764-bdae-9c6a9827dbb8,1,564.43,0
06f0cf21-633a-4b91-a73f-52a54f0f6109,0f57206c-8fa9-49b7-bebb-b8ef8274b4da,6ebddef4-9ac5-42c4-82ce-9b24511ac6b4,1,257.45,0
419877a5-21dc-4982-b20a-885ca21c1dc3,0f57206c-8fa9-49b7-bebb-b8ef8274b4da,472efd33-90f7-4d15-9e51-ff9a1e5fb946,2,42.3,0
da5e5eaf-8208-411c-ad9a-96cea32fc4f1,0f57206c-8fa9-49b7-bebb-b8ef8274b4da,3c429655-40c2-4d4e-a986-6c8531be4ee0,4,27.57,0
85c11b45-293e-4adb-8c53-4886945c66b3,fd809b31-2626-42ce-93c0-043d38653abb,0572d75f-f278-423f-9d34-a7f8eb8775a1,1,183.23,0
4596ae92-365c-4e2d-a62c-972163f86276,b54d02f6-2eea-4286-80f5-635dafe4d531,faea3cbc-3657-4091-be47-bdaa56770e0f,1,536.56,0
d08ac657-acd7-4772-b818-ec9c3e070762,b54d02f6-2eea-4286-80f5-635dafe4d531,e9d05212-7da1-4f16-b784-4beda5ffa6c6,1,44.28,0
5cbc23fd-1a09-4e66-81bc-7607a2ae1f00,70a01794-fe02-4b12-9103-469ee7017f7b,db4cc2e8-dea3-45eb-a2b2-5a62e9967dd6,3,407.56,5
c9397729-d301-4c0d-a706-3868a8380cfe,70a01794-fe02-4b12-9103-469ee7017f7b,9fb89a41-b872-4962-a232-96fef8bece70,4,1944.46,0
743b8a45-8b99-4ac6-8c90-7388ce2b8f77,70a01794-fe02-4b12-9103-469ee7017f7b,a45a1adc-abe9-46c4-8ae2-e06d4b19c4a7,2,455.56,8
aaf0f8f0-bec7-420f-bd0b-eb5ff5af1ea0,70a01794-fe02-4b12-9103-469ee7017f7b,7771a7c0-2f0e-47bc-9029-5f7a5453e0ac,1,261.72,19
6c55c405-b724-43e2-a9c3-1d70f870f748,6abb4fe8-20df-42b5-b974-b22920771aee,05da1c9f-75b2-4ab8-8193-cd174880d0d0,1,62.26,0
afcc827a-cf38-4fea-9d1b-88b03998febc,6abb4fe8-20df-42b5-b974-b22920771aee,0746a1b4-77fe-4101-a0bc-7b7c848e5c58,1,1315.9,0
8fbaaeca-2876-4a4f-a7e5-19a09ee4ff30,6abb4fe8-20df-42b5-b974-b22920771aee,eeec7840-031e-456c-9daa-921f5cbaefc8,1,75.15,0
2d69e3e1-982f-4a64-a54e-212b7870773d,6abb4fe8-20df-42b5-b974-b22920771aee,533fdaa2-1f55-42af-821a-824141e6c667,1,992.55,0
f83366b1-972d-4dfa-8c2f-3df62ff00783,6abb4fe8-20df-42b5-b974-b22920771aee,79e6ea46-9333-4e7b-9c4e-dfa7f7973faf,1,91.71,0
8a6a0a94-03ea-45d9-87f4-3e1cac60e1a4,4369e429-7f49-4759-b8d0-60320e35f075,482bfabb-70c3-4376-8fa9-294a5bb24a79,1,145.86,26
2c3dca10-f46c-4c12-b9f7-49f630ec54a3,4369e429-7f49-4759-b8d0-60320e35f075,3fe42775-bc01-4d37-b1db-fe440b5dd286,4,31.23,0
f810fac3-0e59-40e0-9b82-e923859f3753,4369e429-7f49-4759-b8d0-60320e35f075,560263ad-8679-45d1-b45c-93829e7283f6,1,418.74,14
56350ac9-0ab0-49ec-bc44-a8d0a142642f,1a9a884c-cf14-4bfd-a534-12efd74dbbd6,5b30ea20-563f-4fd4-927e-b8735924822a,1,1872.0,0
11941fd2-65e9-438b-8fb9-eda477e5b045,4c05e409-d58b-48cf-acde-d9ba9aa0ddaa,50c057af-3449-48c0-ac86-0d74ec30a707,1,164.21,0
9938dda2-5d22-4377-a550-cc6253070b9d,81cff11b-4db2-446c-b3b1-81e74df92a33,f627f5b5-7563-4752-bba0-df4069fd2340,1,29.22,0
97acdbbe-488a-4412-9bea-eded467aa529,81cff11b-4db2-446c-b3b1-81e74df92a33,40b9597c-5e25-4bc7-bd05-650b28797b55,1,128.16,0
2e19980c-4831-4830-9fb0-10dcbfac941e,81cff11b-4db2-446c-b3b1-81e74df92a33,dee6bf16-4438-496f-a209-5a39fe8987ed,3,45.77,0
1eba6774-9f8d-425e-8525-8fc17afc5935,81cff11b-4db2-446c-b3b1-81e74df92a33,bb357c56-1a62-4e90-ba13-2ad77754392f,1,123.23,0
1d313fea-0bbb-4cb4-9464-7f5488572bab,3e183a59-4eac-43b3-91c6-07a6bd1de178,29385932-8b12-4941-b3dd-19d308e0dd16,3,255.14,0
e59b663b-a120-41b1-a047-2f3eff1f3150,3e183a59-4eac-43b3-91c6-07a6bd1de178,bd82fa92-110e-44ca-8dc2-b85fbf10bc1d,1,27.58,0
22a68521-5905-4073-b700-e4ab9bf02fda,96a61dd4-9ca6-4aeb-a6fb-ab95cba8a24f,83d20b09-ac2e-416a-816f-1fb3de14c6fd,1,550.73,0
b20bbe5f-fd5b-47a3-aea0-393873335322,96a61dd4-9ca6-4aeb-a6fb-ab95cba8a24f,ee29df34-6792-4512-afe8-a2b68c121552,5,60.31,0
329c1eda-f4b9-4c4e-bc97-bc1e86c973a6,96a61dd4-9ca6-4aeb-a6fb-ab95cba8a24f,5c956fe6-22e6-423d-b3af-cd2f46d644d5,1,417.77,0
474f0162-51d2-42be-95f4-5b09b0eb884e,96a61dd4-9ca6-4aeb-a6fb-ab95cba8a24f,c9891625-5006-4d34-83e3-4783d237f09d,2,32.11,0
fb111c68-815b-4687-9842-ca09ed7d584c,092580b0-da31-4edc-a9a9-178ca01ea379,5a82c9de-50c7-438f-93f2-dbf99c9250ce,1,2810.91,0
bf89da2a-6dc9-4c2c-92a5-e61065cc05a0,16a1a9e6-5048-413b-b523-7dd3eb516c53,65b867dd-7a47-4c95-8127-7da5496ac126,1,112.41,0
7b436b61-d3f6-4fd4-b5a6-8791a50db3f5,16a1a9e6-5048-413b-b523-7dd3eb516c53,7660a6b5-863f-4df2-b22f-21e51f47e507,2,73.87,0
e1e0aa46-0d55-4de7-9232-f39f6b6ec602,16a1a9e6-5048-413b-b523-7dd3eb516c53,c48d5cd3-d99b-4aa4-a3cd-a48ddde1911b,2,119.02,0
14601483-424b-4c19-89c8-751dd3219a9b,16a1a9e6-5048-413b-b523-7dd3eb516c53,cf7053c7-897d-4d9e-bd4d-5cb012acdd8f,1,1530.58,0
8738727a-7f23-45cb-b919-aad751974ddc,16a1a9e6-5048-413b-b523-7dd3eb516c53,981c2fb6-7aba-4942-be61-84674e4e147c,1,38.48,0
23334d2d-a57a-4946-9105-5c4d1c42fd82,be723578-5b9f-45b0-839f-333824a4cb43,48b50e97-1d33-45fa-90cb-c9dec65f76ad,1,265.48,0
0f053b4b-6155-4382-88fe-1abd95e3fe42,be723578-5b9f-45b0-839f-333824a4cb43,f01121a0-26c1-4994-becf-65b5be8fe967,5,387.01,0
3809b776-176d-4ebf-8f2d-9d5aa1901c9c,be723578-5b9f-45b0-839f-333824a4cb43,bbd0155f-413d-4bf8-a12d-7904fc96f0b3,1,86.57,0
ade0c151-08c8-4c6d-bab5-91e88cb2d3c6,be723578-5b9f-45b0-839f-333824a4cb43,e201230f-b8f5-4cf0-a9e8-37818f988dfd,2,275.24,0
9c2fc7e8-40c6-437f-85d7-eabae5a3878a,d8b5cfc0-e18b-4823-91a7-d1f296201b64,5b9bde4b-924f-478e-bc1a-4a79c31965f1,1,298.53,0
5f0af4b4-b707-4b51-86ea-211a27fa663a,d8b5cfc0-e18b-4823-91a7-d1f296201b64,6d48311f-e35c-493c-b72d-8b69a2aee431,1,401.45,0
b0e0d1ab-77b8-44d6-b387-475c0c30ec6a,d8b5cfc0-e18b-4823-91a7-d1f296201b64,9297fc53-d5da-421a-974c-5b2bd491a9aa,4,22.05,0
222b6c9a-862b-42e1-9b0f-db4745a5b130,d8b5cfc0-e18b-4823-91a7-d1f296201b64,7f7fd7f3-a429-4d02-b319-85e7a9e1a9f0,1,339.93,0
02b42c93-0a59-4d65-91db-09beab4d1300,d8b5cfc0-e18b-4823-91a7-d1f296201b64,378bb017-d481-4107-8665-bc934e8237e1,1,113.02,0
2db603a3-a2e0-4fe1-9948-ff82e9f75564,a471b6ed-d061-41b4-ab2c-45e2b2107510,d612902f-1af7-41e9-bae2-b5f3b6afac3f,2,577.21,0
4d2d81b9-b8ee-4129-844e-f3f776ccd9d6,3e535b5b-baea-451f-9a62-05d55c63e698,6695712b-8b87-4e3c-b849-9860065ddc6e,2,247.97,0
9b9b3666-63bf-40fc-ab66-36246198d0aa,3e535b5b-baea-451f-9a62-05d55c63e698,c328575e-cb21-4cd6-a7ec-9f9b0a085d7c,2,29.02,0
81d3f91f-1dbf-4291-b8f6-f5a4004b3895,3e535b5b-baea-451f-9a62-05d55c63e698,ce07cdfa-e772-465c-b611-3085e631570b,4,600.89,0
3974e612-6be2-40eb-aae8-19436089e120,af26a1fc-84f4-4f9a-9291-1216a974d328,b12de475-a8bd-48f7-ab24-cfcf74da9b4e,1,37.22,0
0dfdd9bf-2b8d-4f46-a782-2cd0a0871b98,af26a1fc-84f4-4f9a-9291-1216a974d328,ad1a8fd3-6114-4cbe-837b-67f9941aec99,1,27.06,0
87e07e05-30a4-4ae3-ab0e-9c1363291d30,dc6670a9-8c14-4b4b-b8e1-84489ec2c0d6,19dfc49d-e0eb-45d5-9c7d-c6e853abf80b,3,50.91,0
acf4e6dc-c32a-45fd-89f2-d7b35821d81c,dc6670a9-8c14-4b4b-b8e1-84489ec2c0d6,35375c3b-7d3f-4d47-b808-f7ed68113f66,1,65.25,0
333a4b2b-f567-46fa-aa5e-9cdbd11183b5,dc6670a9-8c14-4b4b-b8e1-84489ec2c0d6,fff3d994-f69d-4710-9dd2-9cb850ac6792,1,946.94,0
b714003e-0392-4157-a286-5f2e72d1c8fa,dc6670a9-8c14-4b4b-b8e1-84489ec2c0d6,25bb036a-2c0f-469d-b0c3-591ca0f9ddb1,1,479.35,0
108c4d02-0a60-4261-ad49-9cb2ab91ba3b,fd6ba136-bdda-40af-92c3-e78337291028,7557dc91-8544-4fe5-9ce5-4b61f06f719c,2,22.51,0
53edcce6-e3b0-4433-ab9d-4cd6a7042258,fd6ba136-bdda-40af-92c3-e78337291028,804330b3-1f08-49e6-9dc4-51ab4f813e4e,2,1614.05,0
6e0d8616-df61-4cf9-a2a9-e91e5df26f79,43f56dcf-e094-4259-97f6-7bdc5acff5f4,f81ab423-f168-4bcd-9b6d-971f9c054e88,1,351.22,0
80688bde-e4fb-4a24-a9a6-0b0bcb33b41b,43f56dcf-e094-4259-97f6-7bdc5acff5f4,d68a1fe8-2f7b-4866-92a6-9e02ba1a6b2b,1,1914.78,0
791f3659-e96e-40d8-972e-0d99fcc27955,7283a52f-020e-42ba-b2e8-af2a940ecdc5,6639b609-b346-4b85-9043-df4690586811,1,487.52,11
9ae996ce-a191-410b-af56-33a9e9162d76,fc684a1f-f9e6-407c-afff-ad7590bf42cf,1c3adb58-f317-4fe0-a09c-7f82e06ed179,4,216.25,5
1811b782-3173-4a39-9ced-9decce767fb6,c9f74549-8dc2-4594-b888-4ec792dae36c,da9a48c3-c866-4d02-8590-5e454cc59c15,3,95.97,0
c353eb4a-b888-411d-b49a-e4b0e8c37280,26b65dd6-b86f-4955-bd42-0f7b684e0758,9984efa1-92de-490f-a8f8-21590354442b,1,477.82,0
b1e66b1f-7353-47b2-8120-31fdc83d4560,26b65dd6-b86f-4955-bd42-0f7b684e0758,789438de-c6c5-4caa-a985-57e331830159,1,159.07,0
7c2fe07f-2558-493f-bd8e-90fbc137190d,26b65dd6-b86f-4955-bd42-0f7b684e0758,c7997337-38b7-4977-b80e-ddaeeb704a1d,1,559.98,0
852f0c6f-6e78-4da0-9bdc-e490cebd661c,367c008b-40eb-40ff-91fc-38f2ae86b10a,f375f198-7f7b-4eba-a257-7d4058b2e651,1,28.24,0
da439a3f-3655-4e49-912b-bd36e03337f0,7dd83010-3cc1-4d5e-b538-5c4f13a9ad79,58321cb8-d567-4e54-986f-864930b09919,2,116.32,0
01123e5d-08ef-422a-965e-4fcd0d0f2f4b,565eff8e-bfd7-4345-ae42-fce3d4cee690,7ad2fde6-c173-4fc9-afd3-54d2518c93dd,1,218.48,0
2cb67727-5774-4b18-b23e-10856095045f,dca6b21b-690d-48b2-bfb5-8f6527694ca6,be094f79-be28-435f-ae62-47f44dc851d2,1,90.93,0
1f9c1c58-0482-476a-a01c-f8899f7403ad,f53befc1-6e62-4742-8212-8628a7b0f65a,db75ae85-c759-45eb-8157-db61cdbd1dc2,1,166.32,0
39100aa8-4cfd-4ec0-bbd3-c59bdb95e93b,f53befc1-6e62-4742-8212-8628a7b0f65a,40a3e0b1-c1bc-49bc-ba1c-97fad2d28f6f,1,168.66,0
8448ab5b-cc5b-49f9-972b-f932062cd6a3,368a3d83-aa4c-4e9e-94f2-969acd9aed66,69ea0718-176b-49cd-a2f0-edba72d0ec1e,3,125.13,5
91ec391c-a278-432d-81c7-d1ab683cf9be,0cf297af-806f-45ae-a2db-241911876fec,1ed29091-4b32-42e0-9dec-413ca0456947,2,173.35,0
ff628a84-ceed-429c-9d21-361007a99a8e,0cf297af-806f-45ae-a2db-241911876fec,caa549cf-942f-418f-a777-58abf22c253e,3,242.09,0
04211910-cd45-431a-bc00-db2d66c5ab3b,0cf297af-806f-45ae-a2db-241911876fec,ec795b1b-c5fa-48e6-b36d-c526fa7907ec,1,1814.0,0
9e570252-de41-47f9-94a9-bcb865ff6cc8,e3b93ce2-c8b0-4333-873a-b717d7f95b63,a5223477-4597-4a57-9157-e5723b52c6db,2,464.18,0
07460581-ca18-4656-bc6a-921bfbfd9388,e3b93ce2-c8b0-4333-873a-b717d7f95b63,3f14c6ef-115b-4e89-b3c7-08e0eb60ed93,1,17.3,0
1a4478dc-c8e1-454e-b882-359405f6b22d,69d8874e-e28e-4892-8eb3-22bd9dc222e9,6260176b-c3d9-44cd-94ba-b04ca8aa774b,1,361.75,0
99203884-fdfd-446d-a965-98d3dc027785,69d8874e-e28e-4892-8eb3-22bd9dc222e9,3c6da67b-c8a1-4cd4-a6f9-fc10e10cdd9e,1,162.81,0
496d8f11-98ca-4f4b-bb6f-797335c452cf,69d8874e-e28e-4892-8eb3-22bd9dc222e9,87ebd35f-c186-439f-983c-635c1ecc957b,1,869.97,0
f03478c3-7223-4bd6-81fb-b19228976823,6d7a985a-d9e6-4ad7-aab1-9f6d56714ea0,5ee0cdb4-6c18-4e09-9d2e-109b440f10fc,3,111.03,5
e1b15dd9-237d-4769-aadf-6acee09152af,8804dde2-4059-4708-8c85-be71a4cfe2ee,3e8b0322-d917-4c41-b480-c1c6b4027a01,2,208.1,0
0433bcc3-1f60-46c1-8bb1-d244906f75e1,3e133bf6-6996-4e02-b916-64d253b213c5,41aaa5a5-07ad-42ad-a6a3-e0b675d1ae75,2,11.14,8
0a38b652-e5d9-4fc6-891b-37cf6f7f18ba,3e133bf6-6996-4e02-b916-64d253b213c5,5157a473-7974-4a40-a4a5-fa49d4bda798,1,128.67,7
9e5fc15b-79a0-4c57-a7ed-9e4d714c569e,1a247193-3457-4e9c-96a2-5742ae342a27,ac2103cc-f7db-49c9-a457-41a822dd7217,2,579.38,0
6de451ff-4580-493e-a2d0-b9f5960dce4d,1a247193-3457-4e9c-96a2-5742ae342a27,ecdf5541-a473-4414-9d56-76f1dcdbdf1f,1,69.97,0
cc9dec19-74f0-4e04-b486-0cc0b07c517f,1a247193-3457-4e9c-96a2-5742ae342a27,954c0959-85c6-4574-9b61-13ce7edcfd2b,1,219.69,0
16b56e91-7328-49fd-83a2-1f357deb9f47,29407dc1-8594-48df-9c0c-e0b0d3f6fbcc,3e519700-8cb5-4d71-9151-6bf9d901f60f,2,636.67,0
fd78350d-8b1d-4d81-b40e-625315d6bbc0,29407dc1-8594-48df-9c0c-e0b0d3f6fbcc,b72473ef-86dd-4ec2-a3b2-f7f910ad5a9d,1,960.56,0
7b4434d4-96a4-40d2-8851-2613299ab73d,8f0b97eb-058d-48ea-a476-fc50d8cc0f9d,25ec5213-8995-4d48-b52c-6de009403434,1,39.43,0
e9a50299-8d58-4c43-8209-3e18c21675d8,8f0b97eb-058d-48ea-a476-fc50d8cc0f9d,2dd93fbe-ffa9-4e2c-a34a-1a750200bf0e,2,1282.38,0
b571d7ae-eaab-40ec-b86f-e165e1313b1b,6c27f428-11d0-40a7-8b25-e31c4572ceea,f13d2219-0a58-4f23-83a3-ffc802199d57,1,135.83,0
f4cfb3a7-189a-46ac-933c-f18245f1b7e7,5be23643-6ea0-4e57-beec-7709ff48ba5b,e7c7ff64-53f2-4dcd-971a-b2a037ca2ae2,2,41.94,0
09f047c3-f579-4793-8926-eccdf51a16f3,5be23643-6ea0-4e57-beec-7709ff48ba5b,38a58fb1-6bf4-4830-a832-829e5c363c9a,2,398.08,0
b4cfd7bb-c694-4ae6-844b-8dd28d24cd1f,734e3e11-1321-4aa0-83b1-fda93b4c020a,5340ebeb-8ead-42da-b26c-f68f850b86fc,2,428.53,10
e29de010-ad60-4b12-9d2a-98ea85d7983d,734e3e11-1321-4aa0-83b1-fda93b4c020a,16ff1b75-b783-4103-9f17-e0f43ab2906c,1,308.19,20
fbff09c0-bca9-4c57-8345-6ef6d3664dab,fd3f8b42-ef48-41cb-8499-0fa222cff437,d5f94b64-5c61-4843-a097-88ee674e68ea,2,29.95,0
fdbd96ef-0432-43a2-a91c-980c8052e0ed,fd3f8b42-ef48-41cb-8499-0fa222cff437,7dd6cdbc-37d1-4020-8f7e-92da52d8d62e,1,83.21,0
b98db42a-ff87-410a-9441-32a9e8d2cf8e,fd3f8b42-ef48-41cb-8499-0fa222cff437,c7997337-38b7-4977-b80e-ddaeeb704a1d,2,515.14,0
f2ff15a1-b961-4921-8b74-490bed8ee978,fd3f8b42-ef48-41cb-8499-0fa222cff437,b8350707-d6c0-466e-bfe4-4bf672ff175e,1,1521.35,0
a947229f-8bc2-49f6-95b2-20302214eaee,fd3f8b42-ef48-41cb-8499-0fa222cff437,f2150a25-097a-4963-aa7d-48c8696367b2,2,21.94,0
4e92ba51-ddad-4284-887a-6ed613265232,fc1f016b-e583-46dd-afe3-da36c35cfb71,6bbfcb57-cd96-4cec-9ccb-60b4c5c5de74,1,599.52,0
f944f12d-38fe-46a8-a588-01eb77287b1d,fc1f016b-e583-46dd-afe3-da36c35cfb71,6c72fd65-1f64-44d0-a5ce-4a096e9ca08e,2,178.54,0
962e4a48-2a73-40f6-80c6-0dbe45075143,fc1f016b-e583-46dd-afe3-da36c35cfb71,8e09902b-c422-4020-8d3a-d7bc3d697efa,2,280.25,24
deeffe05-ee3e-4c1c-b58f-86214519dece,33f6295b-81ff-491d-9b8e-740351beb801,1b277bc6-0165-4262-a9c7-a4ce738f5607,2,88.09,0
5014c15d-4898-4c37-8811-812a0801eaf5,b7bc0114-b5c9-4551-87a0-203c9664cacf,ac5a5cfd-7e3b-4471-a668-03992073fa9b,1,1501.71,0
244a3f11-f03d-4317-994c-077fdade5fa4,9d8c5fa4-8ffc-451f-a14c-f1c7366de6c7,b8073988-3519-47dd-8bd9-f1f701c9ccc4,1,118.26,0
23494f1c-a27b-4941-91d5-16547499553e,a2d9898e-de30-4256-af9f-219162607c4d,d7c2f5ac-6f47-4062-8450-e8937bfafcc5,1,252.92,0
16038d9c-df6c-4435-9255-8bcf96f9ffa4,a2d9898e-de30-4256-af9f-219162607c4d,d283fde6-7a41-402a-9d89-4ef7d3ccf683,4,70.15,0
ac32635f-a292-47c1-9612-88803e35180d,a2d9898e-de30-4256-af9f-219162607c4d,11eaa289-cddf-4c7f-8948-46b9cea0f885,1,212.81,0
e4f06566-7864-4312-b036-f70f632ef586,0d249235-0fca-4c4c-9075-734e1c04fb03,68167d1f-5306-4f6f-ac46-ef15fe1181bf,2,1095.1,0
fe617785-ae34-427a-bd20-2a5722f07e12,7cfd03af-64ce-457b-a452-9d8c1cb77847,24946182-238a-4c3b-9d48-a120a2799aa4,3,41.95,0
c65c9c40-8bee-4088-af3e-f8a774c2bdae,96b16622-9aa5-4a9a-b395-4411c1669193,1112504e-5497-44e9-b27c-d64805eb9089,2,1956.66,0
e6d3aed5-6380-41e7-a047-7a5622355d8f,b0ba5bf9-a905-48a8-a75d-04efcc0ce70e,6fa0a2e9-f632-4d31-b54b-a635acf66cea,3,955.39,0
2a862a3f-a92e-41dd-9fb6-a298483258b5,b0ba5bf9-a905-48a8-a75d-04efcc0ce70e,f80400b8-42af-4007-91e1-4042dea52215,1,117.82,0
50f4abad-2dd0-4647-a0f7-82634ca74ec3,b0ba5bf9-a905-48a8-a75d-04efcc0ce70e,0c2da3fd-f0d7-4e85-8cf2-5c4a93d04eb4,3,65.76,0
1f663c23-276d-4837-8786-4562618533e2,73c3da8c-925f-4afd-9395-f8f23dbe4397,5afac846-9262-460c-9737-7672b801e858,2,121.36,0
a25d8305-a664-424c-ace1-7952f962ec35,73c3da8c-925f-4afd-9395-f8f23dbe4397,e9234368-a30c-4ad4-a028-c56fea099c67,1,1362.2,0
354d34f9-7d0a-472b-876b-3cb4b96b703b,73c3da8c-925f-4afd-9395-f8f23dbe4397,a510936f-e917-4348-a18a-fa04d3c88372,2,630.42,0
8d07db12-5c43-4936-84a7-c332bd6e1d58,73c3da8c-925f-4afd-9395-f8f23dbe4397,be95f48b-8044-4b05-96a7-036fb55970a6,2,14.06,0
cc157096-54d8-420f-8507-b4bda08efaec,ddc07588-1943-45fd-9f74-4f02e2813f4b,af3d0471-07a9-4d06-9a38-ebf5500d253d,2,277.98,0
f5a0e970-fd58-4fbc-aa12-ac114b43dd2a,ddc07588-1943-45fd-9f74-4f02e2813f4b,a7928347-a0ee-4296-8a86-d63a4f221947,1,180.79,0
51d81fec-c35e-4a72-a8f7-a8426408fbcb,6be1eb93-dba8-45b8-88cb-2991d4f3d4d0,d9d6ee90-ac42-46fa-9f34-c4dd42ff7c5e,2,49.7,0
9f8f7fea-9d22-4b1c-bd9d-a37809077c00,27e715ff-7f7b-48e5-a12a-30a5df42f82e,0230da16-e620-4c3c-a6a4-1f6e3fd6dc24,1,831.51,11
051979f6-c252-4c07-9717-ded5fdc72e6e,27e715ff-7f7b-48e5-a12a-30a5df42f82e,6529bf25-cf26-41df-87a8-30ab30034336,1,74.29,0
24ff5970-78c8-45d4-be95-100e9fa62ec5,69b9971b-1f5f-454c-8592-9310cd89148b,8f4ad548-bb6f-4742-92ea-242cdea3ee18,2,1379.8,0
42f451cb-8897-4d52-b88b-ae1dfc322fbb,69b9971b-1f5f-454c-8592-9310cd89148b,776e2416-2a70-4f8f-8e48-7758756278e1,2,24.75,0
0ab4b7c5-3774-487b-bbc8-6a65b1bcffd4,69b9971b-1f5f-454c-8592-9310cd89148b,2a74c251-5e2f-4bdd-95e1-5c3c4c037b86,1,64.35,0
8d4ec5d3-1c31-403c-bc03-17c63540c453,d67bd4ae-3373-417c-a6cd-17c41bb59668,9f993dd3-6afe-4517-8b46-e921687b2100,1,95.67,0
01c3f3e4-f627-4941-879a-da635791c375,7bdc7452-b79a-4be9-b6c3-ef35f84c7ac0,167d2939-f9da-4430-a231-f4e5c9286f0f,2,193.89,0
63031839-485e-4691-bfc7-73a48281ada9,7bdc7452-b79a-4be9-b6c3-ef35f84c7ac0,1395e721-5687-4c31-8be3-5d605f473f4a,1,215.32,0
5ec82767-7d0e-4241-8543-fd52fc5c38d6,7bdc7452-b79a-4be9-b6c3-ef35f84c7ac0,93d39576-c84a-4d19-ba90-eb335590d5e5,2,1163.1,0
38bb6d6a-3251-4262-ad34-60a53a5766c6,09113432-9568-4a18-8dee-79b37c583077,2a7af6cb-2eeb-4616-b9e7-a69a98a67c28,1,434.09,0
6381141a-2cb8-4b34-9699-e40b1fa9ceba,09113432-9568-4a18-8dee-79b37c583077,6b898852-676c-43fe-8bae-da8be7596180,1,2918.92,0
2a46d376-2095-4eb4-8906-027d8d25aefc,09113432-9568-4a18-8dee-79b37c583077,42f629d8-b238-4927-9103-cad0c1827646,1,182.11,0
a2734e32-db24-4113-90d2-13e70a98f96d,09113432-9568-4a18-8dee-79b37c583077,7b8b67c2-aced-4ee2-96b3-ad3419151cca,2,1164.67,0
78902394-19ae-4a42-9792-c93caa00bcb4,668fb6e9-77f5-442e-82bc-d1c7381aead4,e000085d-d5b5-47a2-aff1-071f9ddd7f50,1,319.38,0
269902cf-dac4-47ce-a006-61012181847f,8ddf0ab8-de21-4444-ac3f-0353561e5f46,41fdec94-8659-4f9b-b08f-6ef09c624c98,3,9.68,0
6c37a823-ee6f-4d7e-92df-8b6650920945,bb48bbaa-9587-434f-be60-245107abdcfb,0a2656c2-78da-46ec-854e-1c49ec8936e3,2,444.45,0
b85f8c09-386f-4f7c-999e-0744b421130e,bb48bbaa-9587-434f-be60-245107abdcfb,f5f36f0b-edb5-49ec-8e81-94063863cd5c,1,330.48,0
4a9f9918-4495-464f-9721-3d94b0d270fd,bb48bbaa-9587-434f-be60-245107abdcfb,1ab2473a-740c-4dd2-bd2b-ce2bf93ccc6f,2,400.91,0
aaafc624-e29b-4ebd-9417-51cd71ee5590,ba7abc86-47a4-422e-8924-3e2f7c9072f2,b56a92c0-c465-4418-bd72-479e7874bee8,2,1368.8,0
b3ce404c-e307-4e37-8348-8181c3006e7a,ba7abc86-47a4-422e-8924-3e2f7c9072f2,a129490f-3a83-41ca-b2f6-dde498017b59,1,5.83,0
743d3c03-5b54-4092-98a2-86b5d028baa1,8cc2d7e4-ee34-4ee8-af7d-4030124ac74b,6bd2935f-e194-430f-8592-cee5d4503ad9,2,439.45,0
9067f2a1-5899-4b2c-a169-f0eed682359b,8cc2d7e4-ee34-4ee8-af7d-4030124ac74b,4ce20ee7-3e86-464b-a103-09e032c1fb77,2,100.33,0
b711dcb9-cc4a-488e-bc85-d6e01aa560a0,34b1a47d-1133-4c9b-a757-81588f65a739,f6dbe727-8761-49e2-93af-b97e155a577d,5,255.0,0
f0f81639-b3dc-4b03-b9a2-888ee2e17be4,34b1a47d-1133-4c9b-a757-81588f65a739,f5df5bf5-6020-4f15-a478-f3014944b030,5,272.58,0
01c2effd-cb15-4155-99d5-d79d3773cd2d,72a3a050-3831-42b4-93b1-84d2ae97de71,18fb83f9-7a9e-478e-8de8-012b08d376e7,1,197.09,0
4438ee2f-caef-4277-af25-c328428e3766,72a3a050-3831-42b4-93b1-84d2ae97de71,5aeb3846-c553-412c-bf22-5ff0162ed9f0,3,1296.52,0
f58c667e-b42a-4949-9483-1789177a5571,72a3a050-3831-42b4-93b1-84d2ae97de71,f2dd4fd8-8f6f-47e3-9f44-956e6c2fa974,3,42.78,0
711aa381-f7a7-48e0-ac2a-ad8f18be9917,623b2ba5-c16c-4824-bfa0-d86ccfcf41f5,5863df64-ee77-4361-bd55-8df61fe7392e,1,1127.92,0
2c2a50c4-113d-41cd-84ec-aee33fd871db,ac555f23-2f66-44b4-949b-d406d3d0be94,8448f6c5-8270-4e86-8d34-9eabf2b527fc,1,51.13,0
0f1765ea-5ca5-42b2-81a8-58aeebb07c33,ac555f23-2f66-44b4-949b-d406d3d0be94,258a2108-8a87-440b-8af1-3269938d6d4b,1,81.13,0
eb078ab0-681d-42c0-895b-de24e30c9ea7,ac555f23-2f66-44b4-949b-d406d3d0be94,6cf136bc-9ba9-4790-b7f9-e3fc3b6bec7a,1,110.15,0
aad111d5-3a17-43fa-b91a-290efacd779d,2c024f0d-8e94-4072-bd08-c429443b3ea3,7ca69a3f-a36b-41e8-8876-5e997e92d34b,1,150.63,0
f3243362-6539-41ee-b551-ce0b045f6190,2c024f0d-8e94-4072-bd08-c429443b3ea3,2605a14e-e3db-496f-bee4-f198d67ffd90,1,172.55,0
fecc29c2-df8d-440b-88ce-83341aa70914,cf2fb6fb-ba10-4d9c-9368-6a6c85907ec5,52c907c8-e066-422a-9697-9938445414cc,1,112.51,0
7765122b-8bc8-4b4f-b26d-77df546464e4,5edb14ed-a8ab-402b-b82d-ab78c7fa2a76,16f792f0-3d01-45c1-ac2a-e110477322ee,2,128.42,24
a3fbe297-8cd4-4a01-9ecb-69060fd42543,5edb14ed-a8ab-402b-b82d-ab78c7fa2a76,3c756df8-ccc5-47ec-9f88-d3033a2ba5ae,4,267.31,0
01fc34e8-57c6-4d6c-832a-fc5fa78777b8,5edb14ed-a8ab-402b-b82d-ab78c7fa2a76,9b88931d-c9dd-4f2b-8745-3c9ea5553607,1,68.24,22
3c110568-559a-438e-9799-c221dda2818c,5edb14ed-a8ab-402b-b82d-ab78c7fa2a76,097f28e5-5606-4157-b177-c24d891add55,5,434.93,7
c620af52-271d-4019-b00a-10871933114b,5edb14ed-a8ab-402b-b82d-ab78c7fa2a76,75d88823-ff34-4be8-a82f-2740888cd590,1,23.87,0
c089891e-c779-4c47-a9e5-015f9caf230e,664d9a50-a999-47b1-9b0c-48ba1e961d33,296f4520-8465-4642-9002-2c421a7bb097,1,58.4,0
1fd9682c-38fe-44dd-9c98-41840ba91065,664d9a50-a999-47b1-9b0c-48ba1e961d33,0e9efcb9-e851-4fd0-b2cf-2d2fbece5f83,1,653.89,0
b0e631cc-75b0-44ea-bd27-8fa637aba5d1,d0e309a0-47dd-4e84-bcf6-6cfb2cf6b7dd,4519730c-db58-406f-85e2-c74c4315c11e,1,264.45,0
845a62c1-5c67-4da8-b95b-0f3dcb0fc0e9,d0e309a0-47dd-4e84-bcf6-6cfb2cf6b7dd,5992d87d-221c-4ae2-bdef-caa52bc8f79e,3,211.73,0
98284c04-6f94-4134-8e78-cc2c1e9ab5ca,14f2ff53-ab56-4943-8380-375bca1141f9,25928c97-58ba-48b8-9133-a3a803099fe6,3,108.8,0
db38db24-f6dc-4db1-ab0d-ed8af9afd674,89b63574-54d7-4f12-8c71-c19d9008744c,004bf763-fcfe-4333-90ef-c910fb5db024,1,304.36,7
bd4fbcee-c2e8-4ccb-8557-a8161f699e2f,7e9d8539-a67a-49a9-b8e5-146c68c2abf2,3bd5fda8-9a24-40a6-beb7-cdd9a5e9e4d1,2,216.45,0
777943a5-1181-44e8-b9a0-ab477ccba6ab,0e76d1cc-8cb8-45f9-84ba-60e396c9a9d4,0f4bd8c4-9991-4512-bb4b-9e8bf3f09f6d,1,31.98,0
82a49d04-60bb-41c9-b2d3-486313f56dea,0e76d1cc-8cb8-45f9-84ba-60e396c9a9d4,14aabe66-d416-4fb8-a247-2bc5412b65ba,1,19.06,0
cd8aab79-c6c9-4a41-ad4b-16eab9ff9df6,dd67af3e-b2fc-47fc-8cae-19cf03e65df6,fbd02eee-3c30-4e71-b792-4f3f42be5516,2,142.46,0
ea21ba1d-30d8-43fe-bdd6-20430d8724ca,dd67af3e-b2fc-47fc-8cae-19cf03e65df6,619ac9b1-ea16-427c-8e75-a4fe82b7a40b,1,115.19,0
2233ee4c-63c8-44da-9e0a-19d194acbc8f,dd67af3e-b2fc-47fc-8cae-19cf03e65df6,5676b622-7550-4404-a2ab-14d0e3c0274d,1,39.52,0
a466317a-c2ee-4bcb-80ef-07764e9c060f,0acd1d24-b975-4720-9fef-42d66e7c8583,6633feb0-3798-4b51-bd61-9553fe50f968,3,96.56,0
6854c0ad-5a20-44b5-bf87-6920b6ca579f,0acd1d24-b975-4720-9fef-42d66e7c8583,a7950354-8816-462f-a5ff-48b9b2c42e96,1,197.0,0
245b3481-07c6-4fe6-805c-c4ffa6d6e02b,0acd1d24-b975-4720-9fef-42d66e7c8583,00a43f38-2c91-4a65-9a3e-fdb1e6a680d2,1,176.68,27
3a452d14-7b5e-41da-b328-f05b16cc2345,0acd1d24-b975-4720-9fef-42d66e7c8583,e33a7af5-3e00-4c92-947b-10756e0113d0,1,65.34,14
4edc0227-3367-439a-820c-aff0dd0d9b3f,0acd1d24-b975-4720-9fef-42d66e7c8583,d9210255-3d10-4f5d-8bd6-40758af9009f,1,225.67,26
0550c538-a5ff-4a1d-abfd-3d2c8884ab8b,a80d86b2-a718-4822-a811-2cf5d52a1265,c48d5cd3-d99b-4aa4-a3cd-a48ddde1911b,3,135.35,0
37790c7e-afd6-4104-91fd-4cdefd0f1a34,a80d86b2-a718-4822-a811-2cf5d52a1265,8085a733-98b2-4b94-813e-c30aebfd6674,1,4.94,0
17741e15-2235-4bdb-9645-5129248638c4,5a609cca-6d1f-451a-8b35-f2e0f481c046,6af8acef-8d83-43e4-82ac-b4c1f87917c8,1,110.79,5
402e2f72-28a7-4183-a39b-022d3864ec55,5a609cca-6d1f-451a-8b35-f2e0f481c046,b8b065e4-9208-454e-bba1-a23321940fc4,2,100.05,0
e24bdda8-e3df-48dc-92a5-c55217a649b6,746db5e6-b074-4c39-83e1-8cd0e679b6ac,a73aeea9-6ee6-4c3a-a9c7-e77e44707547,1,252.6,0
076cf86a-6118-4dc8-930f-32a17c2ef9ee,a860c9c6-b7aa-4f6e-a665-0ad2477350c3,641ea584-023f-4da1-a445-6c37bc390e84,2,314.48,0
0a6a4615-a56a-44ee-b711-7ea6e0529368,a860c9c6-b7aa-4f6e-a665-0ad2477350c3,15e206f5-0ff3-4fe6-9556-365ee9051a56,2,203.79,8
5c50d0b9-966e-455a-aafc-a21113563f07,5f7c3062-a6de-42f0-8a90-29635e4a9c95,31ff8a6f-0849-4465-a7f3-e13980d9e049,1,1928.67,0
208738dd-1618-44cb-9204-59b7e210c632,f6723729-9d35-4670-a53b-cde766484768,a18a33db-4a7d-4a2d-b701-c32162e776df,1,487.76,0
e45091bb-9ae1-4d8d-861a-513e0a70691d,f6723729-9d35-4670-a53b-cde766484768,2162eaf0-bfc0-4632-b619-53f9d06bc012,3,243.72,0
052d61ce-054b-4c5b-b3e7-4cdbc8a9e629,f6723729-9d35-4670-a53b-cde766484768,3fe42775-bc01-4d37-b1db-fe440b5dd286,3,30.97,0
6cff2202-7750-4bc1-acb6-aa4284bf6ed2,8382c406-e55f-463b-966e-db0d05179dfa,dcc90292-db4f-4528-ad95-1a519139c39d,1,1043.35,0
2984f396-0b5f-4b53-b4ac-caf0ac403a26,8382c406-e55f-463b-966e-db0d05179dfa,fab91a0d-6b0f-4df4-bc59-ef1739e43d9d,2,174.62,0
9d22534d-f350-46d9-9455-1cfd6819fae1,c9d37100-4cd0-48f8-bcdf-83b3712672d0,419fe6b8-2ba3-4de4-a72c-1907f2ce7cd2,1,69.43,0
89a59b54-e3a6-4463-89c5-0470ff621eb2,c9d37100-4cd0-48f8-bcdf-83b3712672d0,6371b1d9-904c-4d81-acc4-3a6febeae421,1,1434.34,0
187e4ecf-cc35-4a8f-84a6-68d5f91ad0ec,c9d37100-4cd0-48f8-bcdf-83b3712672d0,c454badc-7c8c-4acd-af3b-cf73751dbb59,1,5.06,0
790bfe6c-410f-449e-ab71-5969be535728,c9d37100-4cd0-48f8-bcdf-83b3712672d0,2d73cf5d-cc58-4661-a06c-6c7b22c83a25,2,1812.98,0
868f67ed-b89e-4ba6-a130-92a03df0ec0d,4325a140-5354-4a7a-964c-74fb3ea44724,b6c988f5-f3fe-407e-86f1-167e939382a8,1,1608.51,0
ca9bfaf0-5ff8-4f7c-b5c9-368ef38bd2ec,4325a140-5354-4a7a-964c-74fb3ea44724,8beaf647-26dc-4866-b1c3-fab342a4e7ba,2,80.49,0
cdf80e69-1832-4f5f-8bfd-1b02264da388,4325a140-5354-4a7a-964c-74fb3ea44724,5ee0cdb4-6c18-4e09-9d2e-109b440f10fc,1,99.35,0
b3fde7e3-c1a1-499d-9c94-800cc83a7d98,4325a140-5354-4a7a-964c-74fb3ea44724,e9fb1160-21cb-4a4a-9d71-98c74691a426,1,408.16,0
287c3f40-6d1a-444f-9be8-46e2bda2fa5e,36c16820-15c4-4061-a9b6-761a9f3523a3,33a39763-8512-4c71-a080-100ce755d465,1,27.96,0
b8f658b7-ce1c-4e40-afab-c0f0d47401a2,36c16820-15c4-4061-a9b6-761a9f3523a3,131e07cf-d29d-4fff-9d9c-e5c7581b1af1,2,433.15,0
2ef2048d-b744-4fef-9f3a-fc3330fee993,b8eff6ab-89c6-4cc4-aa49-09d3d61a3efb,a1ec3836-93a6-46b5-8eb5-15127bc62448,1,656.25,0
f3801494-92d4-49b5-98ed-dde1b79f6a0e,86ef6808-a3b6-4b8d-b1a0-ecb71b978818,6d771ea2-220f-4c9b-8798-c8f6d0d4bcfe,2,26.1,0
c0b703ad-28a8-47a6-bb6b-f76448e1cab6,c66aa92e-0afd-4ef9-a898-8c6d51b1b7c2,a6e654b8-f580-41a9-b296-836d81ffc96c,1,85.9,0
476e9aa4-0793-4a8a-a0e0-143d30cff1e2,c66aa92e-0afd-4ef9-a898-8c6d51b1b7c2,e4d65458-a2cc-4be8-99a2-e0d851770909,1,552.45,0
81458681-5cea-46b0-a1d9-90f08bd6be67,c66aa92e-0afd-4ef9-a898-8c6d51b1b7c2,f7cd21f8-f1cc-4b06-985f-f26ac6b81dc1,2,1109.75,0
ccb516d4-7748-44ca-9043-26d063bbec75,038dcc68-78e5-427a-ba55-759858b5c637,1d5e0749-afd0-4dda-acc9-ec9810fa6f8e,3,90.28,0
518070fc-cdc4-408d-9d7c-b3d0db1ec6de,8052bedc-b783-4c52-b5a9-454c9541dc12,a6c1715a-167d-4810-91e7-ec13c55f7c05,1,123.09,0
79f2a400-c7e4-41cd-b820-a8a0c3a43e06,8052bedc-b783-4c52-b5a9-454c9541dc12,92bab7e8-1ebf-49dc-a597-12f184371007,2,311.07,0
c5014a66-2f43-4ae8-850d-b91a551212a1,0b6fd7e4-3932-4faa-8aca-0ea14c3fd3c8,2cbd4269-e441-4026-a86f-7193790e23e7,4,426.88,0
02e8e305-9d5d-4c11-9c37-cddaf7b2b476,0b6fd7e4-3932-4faa-8aca-0ea14c3fd3c8,ec436b10-dd2f-4ff3-a2e7-4dca065e3af8,2,71.84,0
34ab8f75-57cb-4460-b0f8-47f44f54cffc,0b6fd7e4-3932-4faa-8aca-0ea14c3fd3c8,6e797bd6-516c-4544-b83c-f21902597213,4,126.96,0
ce53446f-e589-42da-8160-bb7fc6832472,0b6fd7e4-3932-4faa-8aca-0ea14c3fd3c8,923df866-882f-436e-83a1-dcd1edfc4f7d,1,1693.9,0
792e3995-f672-4edc-bf2e-e09383368473,ac39edb1-e31c-4e0d-a937-72ddc4f9a61c,e000085d-d5b5-47a2-aff1-071f9ddd7f50,1,347.01,0
083881ee-88df-40cb-9615-fad131e99227,ac39edb1-e31c-4e0d-a937-72ddc4f9a61c,a911d0c7-a0a9-440f-a38b-bf3000fa8f96,1,87.48,0
41c232f4-0d73-4db4-90d4-5e28b0640bf3,ac39edb1-e31c-4e0d-a937-72ddc4f9a61c,aa593d02-60cc-43e4-91ad-f89f483824f8,1,1536.43,0
852136c5-c598-4f96-a1db-ee9fe28d58a6,ac39edb1-e31c-4e0d-a937-72ddc4f9a61c,626fd839-df33-46c4-a5c9-9b053b0249e3,1,51.14,0
44639f91-03ab-4472-b04d-69aca0482364,c0a4d6ff-a3df-42d2-87c0-809e18ffeeb5,eb720c3d-312d-407d-ac5a-46fecd66e9e8,2,151.47,0
f71147e7-7e1d-4f5c-ac7d-e905158418de,5093270a-d83c-42c0-8ffd-c4900f3ea52d,ea15ecbb-67a5-4d16-9c8e-7a3c7d665233,4,67.21,0
9174b9b8-b676-4bc0-b428-5c0b20ea0dc5,4c4bac8b-49d9-4cf2-a88c-6968780ff126,9f6a4d7a-cbba-4817-9e94-4cb6a5e96c54,2,405.72,0
7aaac574-ef25-4385-8a5f-462c74ec2fb6,4c4bac8b-49d9-4cf2-a88c-6968780ff126,1addf63d-9a9e-4b50-9ab0-bec09cf88867,1,1884.83,0
9387789e-8bd0-4a46-8245-385e3f73da12,d4144a29-3f7e-4e60-ba46-4b0d4c677be0,07b5b724-e818-4e78-9d2b-d58be8429e59,4,132.49,0
2d7f0d43-effa-4534-8fef-4eb1b3a42510,d5db051f-d6bd-4b00-841d-16c395d0bfa3,18e26c98-81c4-4df1-af14-b4e3ebf987c4,5,1274.41,0
ea468d97-9bb7-4c09-a373-90b89764ddaf,13640d26-8093-4924-8078-fe3988487bda,29937424-20ba-4816-87ef-85ede3dd321e,1,52.12,0
f8cad9f4-5eaa-42b0-9ec2-ccec8f1ec626,9b362d50-dee7-4390-a751-51731855fdb7,6928ea77-743a-4d6a-9d14-b2ff51d9fdd2,1,134.21,0
c4a2a3d8-f2be-4ca3-a7ea-ce9feb54b6b3,9b362d50-dee7-4390-a751-51731855fdb7,d56f870b-45e6-4e01-9f08-d286a4e0afe9,1,391.92,0
4e12fd10-2929-440b-8e2f-537e2b4c7c42,9b362d50-dee7-4390-a751-51731855fdb7,48fbc411-7de9-43ec-9957-9cdb6b3b8413,2,1192.19,0
d5b61624-ae69-4ad5-9d3d-95febd6dcfad,e538e06b-4838-4516-9798-158f062e8b67,24d05188-3704-41cd-9275-e8360e58ac56,1,186.92,0
757ecdfb-f28b-4f2c-9fb6-ba9026271271,0362c7ed-ee63-4245-86ae-1bab23a5c58e,3d49a2c1-2723-4c8c-95ed-48b85e76b5a2,2,1032.62,0
38ccf33d-7ec9-4dea-916b-99d8e717df0d,0362c7ed-ee63-4245-86ae-1bab23a5c58e,88619b7f-bfe0-49ca-8155-4ac42f313378,1,139.14,0
ba8894bb-b18c-450a-adad-d617329c650a,0015dd6c-d153-47a1-b056-a63e5b821889,774633f0-6518-4c98-b2a5-8d2cc3499724,2,61.26,0
282b06c4-3042-4d19-ba01-ce1fe68a8ea6,0015dd6c-d153-47a1-b056-a63e5b821889,39a0893b-1c34-4c36-958d-dbf0c7081a15,2,361.9,0
c0500029-1249-4420-b1ef-f549a410c7f5,1736654a-505e-4bd0-bd40-873b95e51ed8,b576aedf-319f-4fd2-b3c9-1b620b79a313,1,131.27,0
5e013429-50d0-4691-bc70-1fcca9890523,462dd97e-07b2-4c00-a662-b90b6081bffa,88289475-e5ac-42af-bd5e-ea75b5b6b910,1,725.29,0
52c71643-209e-4ceb-8e4b-7bae0d077c05,462dd97e-07b2-4c00-a662-b90b6081bffa,48b50e97-1d33-45fa-90cb-c9dec65f76ad,1,261.72,0
a6b3877a-75cb-4fca-b8d0-9769c0606283,a51806a1-3e2c-426a-9be5-0f0e1c069db0,d6e975df-5485-4e7d-9a0b-dc9517c1afa1,1,1005.06,0
77963d48-b6c5-4420-9509-1f51eb8352df,b1354cfe-d6f8-4a73-82a7-38a574cb16be,833bad43-a7d4-4a22-b589-f49e3a9c9e1d,2,29.83,0
7c9def76-fab2-4f4b-aee6-1e4e6b0fd921,b1354cfe-d6f8-4a73-82a7-38a574cb16be,7ff6c1d6-9ae6-4680-a699-5d606c3a571a,1,156.73,0
736c42fe-a310-4942-8dd1-301a203306b1,b1354cfe-d6f8-4a73-82a7-38a574cb16be,57111a16-22e5-4d40-9ccd-8390406355f5,4,1063.98,0
d8c0109a-7fb5-4372-ac1f-604660c6a29c,6a249c3c-98e1-4ba2-b0e0-51c771ec7447,92b82f43-8b61-40c4-b6e7-1603f5850d8a,1,1169.32,0
45985369-8e89-452e-893f-d94b60f7df66,1e3bf690-b289-4907-aaa1-5dcc3b236402,8e757825-cb60-4e9b-b31b-ae7975026366,1,43.49,0
bcaa51c1-0ce1-4b8c-934c-bbd60777d0b0,1e3bf690-b289-4907-aaa1-5dcc3b236402,f50f63f0-4eaa-43d6-bf27-beb06d8b21fe,3,468.48,0
ea990247-967c-4c8e-9796-a2656b62181f,581917d0-3af6-4edd-b8c0-d4064203fd7f,ca986537-ede5-4836-9f2b-a45da10b37fe,1,507.08,0
0f607f8b-c467-4033-bfd0-822cf78463b3,581917d0-3af6-4edd-b8c0-d4064203fd7f,aeddbd46-d5a8-445e-be7b-625c9640bfbf,1,146.05,0
3560d43f-72c9-49cb-aab3-94b2d02044a4,581917d0-3af6-4edd-b8c0-d4064203fd7f,13f95cb1-86a7-47eb-80be-89ffde5acc34,1,750.68,0
4f935f54-8056-40ee-9dbc-ec5350a8c278,581917d0-3af6-4edd-b8c0-d4064203fd7f,64083718-56f5-4914-8359-efbd70b55dcb,2,1087.09,0
4326b545-dc3a-4e2f-a2e0-fd1b55fcd38b,6a9c8577-6ac1-4327-897f-02c413f6cbdb,8ee4723c-8e6d-449a-834c-5bba173756d9,1,970.48,0
9bdc0d2e-3423-4782-be58-f6e9ad6d9308,03018eae-a048-4aa1-bd44-a175b1bd95db,74e61d23-279d-4200-88f7-c8822a032853,1,313.8,0
feecfef9-2f05-4bea-90ea-113d87c20514,03018eae-a048-4aa1-bd44-a175b1bd95db,bc28286b-6e06-4b5b-b539-24fbe72571aa,2,200.33,0
39bd0b0b-05df-4446-a678-2a72fb6a4423,03018eae-a048-4aa1-bd44-a175b1bd95db,fe20687a-6c04-4621-88c7-695adc989329,1,325.94,0
5f5916a3-bbf8-43b2-b111-b29768d714ba,03018eae-a048-4aa1-bd44-a175b1bd95db,de45cb2b-f02e-4933-afb0-28447b7bc344,2,19.85,0
0152ed26-9484-4369-9c97-a654712dc176,03018eae-a048-4aa1-bd44-a175b1bd95db,25c90edf-bf5d-4381-848a-ed3e4a33ea8b,2,442.6,0
e3be7966-fd9d-43ad-b3fe-5ae58226b55a,eeb5087f-cd3b-48a5-816b-d03c06792eaf,38e55467-b660-423a-be7e-c063d30addbc,2,422.01,0
b99b8bbd-38ef-4ffa-a332-27bae3bcc341,ed26631d-f566-42c2-bcde-024ca3e3efc4,1303e8cc-046a-471e-8529-b3cd9882c048,2,252.24,0
ec848d28-1280-4190-9de8-809fddf6cb02,ed26631d-f566-42c2-bcde-024ca3e3efc4,acd450d6-cdb1-436c-bb75-0eba09fc0d57,1,1981.27,0
6b1ecc5a-71b8-4d42-937f-1ce19c75f1f1,ed26631d-f566-42c2-bcde-024ca3e3efc4,0a586efb-62b1-4b50-97e0-1d7dc4806495,1,28.41,0
149bc6f8-1f12-4db4-b888-cec73e76eaa6,7e8da8c6-d5a4-4990-9364-c60e3d139a16,938fb9d3-e74c-4917-ad00-4549a344c712,2,209.43,0
b5fbfc75-9bb3-40f4-8bd5-67402c39fa7e,7e8da8c6-d5a4-4990-9364-c60e3d139a16,cc6c5c99-eaba-4fee-976a-d26e73f1ee02,1,1783.87,0
29ffc95a-2343-4117-8493-3e9c9bd68bbe,7e8da8c6-d5a4-4990-9364-c60e3d139a16,ce4e5ffa-fe07-45f1-b1da-5d23cd1a5f1d,1,243.37,0
5c479034-136b-4236-93e1-3cd98d52acc7,7e8da8c6-d5a4-4990-9364-c60e3d139a16,42fb426b-1113-4a97-8570-9121c1e51c5b,1,28.56,0
7bd75705-5079-49af-978e-cecb3b59e670,efa0a491-503b-46f0-a72a-0c37b93bd1de,6ff795c3-a651-449c-9651-939564568007,2,136.81,0
f6deb7b3-264b-4fe5-b10e-19dcc19cd65a,281ac626-23cc-4088-81bd-36ee025595e6,69b1559b-a2f4-4a56-b94e-673cd173cc4c,1,52.77,0
7fdd75d6-3a61-49bb-90fc-73685d6ea03e,281ac626-23cc-4088-81bd-36ee025595e6,0230da16-e620-4c3c-a6a4-1f6e3fd6dc24,1,941.02,0
0ec6d053-4c38-4bd9-b04c-4344185aa1e8,281ac626-23cc-4088-81bd-36ee025595e6,245ad939-7b0f-4524-ba15-1cac6809d954,1,1993.37,0
a5fefc97-12af-4e04-98ef-92c669256ddd,ce2f61b5-a25f-4bb2-bcdf-5563ef570144,d2474429-3b95-421a-8a6c-9afb9967b628,1,89.57,0
8c5e8073-6ef4-4604-9770-518bd03a20b2,ce2f61b5-a25f-4bb2-bcdf-5563ef570144,d56f870b-45e6-4e01-9f08-d286a4e0afe9,1,401.47,0
15211679-dadb-4b0d-a3a1-14285eba2804,fd8c1164-ad0d-43ca-ad0b-05f24ddfff90,bdbe0a5f-dd00-4602-a22b-82e6edcded10,2,227.68,0
ef251f7a-7743-4d31-b7e6-8ef591402037,fd8c1164-ad0d-43ca-ad0b-05f24ddfff90,1e515b60-24d7-442a-8690-3a2f685e70f1,1,170.29,0
805eb965-208b-4de8-98bc-8acc70c2abdf,4fb9ff5c-c977-4e87-9205-06f72e52c2ec,bd4b3896-7ca2-40f3-9bf4-1b82d0d40ee2,1,916.97,0
bd3085cf-51fe-4a8a-bf0b-4794a0a837c0,4fb9ff5c-c977-4e87-9205-06f72e52c2ec,e8c21822-f15b-4a5d-b1d0-ea155fa7600b,3,182.77,0
5f1178d3-db30-4a24-abff-0b78f14cfeb2,4d063a1e-8ef1-41ed-a530-285d6c039ef5,a51fb7f7-2eb3-4b4b-b36f-26d06e81aa5b,2,9.15,0
f4b2bdc5-30e6-443f-bddf-4e2d10225d4f,0c576b11-298d-457c-959a-078bc5d0742e,7aaa3ca8-e2b9-43fb-b103-9836b23e9f07,1,440.81,0
94e5e073-42a6-4d92-af4b-48409ccad717,81f4c550-332e-4fd9-9ad8-6794ae0f52ad,741ee682-f844-497a-8d72-7b2a00222a10,5,15.64,0
5e5861f1-205c-4c22-a085-04ef0316a4f3,81f4c550-332e-4fd9-9ad8-6794ae0f52ad,113efe5b-0397-40fd-bfb9-2900725fcef8,1,97.16,0
54b4e725-1bb7-4b66-bf43-107d3c8989bc,5251032b-67af-46a3-ad58-7440e3d86f1a,1f2b2b4c-6bda-4ece-a657-e85fac96403f,4,214.02,0
350b95c0-a803-42d2-9b7b-7a1ec45b9d79,5251032b-67af-46a3-ad58-7440e3d86f1a,4bd7bb6d-a908-4ce0-b517-2924fd1bec60,1,6.19,0
a3941f4d-50b4-47ff-b82d-ecf62505fd7e,c9f12ea1-96b1-4f0a-9e2d-efede4380465,f0a1f9e3-85db-4832-9de1-536aef0646fd,1,41.29,0
1dd64a3f-1ffc-4f33-8ab6-e6c539c6ff50,c9f12ea1-96b1-4f0a-9e2d-efede4380465,5eb32689-74c0-4ed7-8985-7ebd8adc29b9,3,36.6,0
ef18d7e2-b739-40a7-af3b-a432ead89b97,81336bce-d396-496c-8224-631aee6bf3e7,7e9f1512-006b-4bd9-a782-21f3e529ad4b,3,931.03,0
68dd6e43-6f36-4580-a019-c9900c95bed6,e48d76a3-f7f8-4ba1-b986-5a9b00afdc74,624e86a4-316d-4fc0-ae05-dccd41bc1f7e,1,262.6,0
8c2bcc62-7594-424e-bd21-5fc001714dd5,980299e7-15ce-4e1d-a2f5-e1c53c5954d1,8b207540-7b00-4dd0-9a3f-adc3cf720bf0,5,521.74,0
51d45a7e-4bea-4197-a1c2-bd88801ab18f,980299e7-15ce-4e1d-a2f5-e1c53c5954d1,8eb9b86e-983d-424f-aaa6-ca1eadc9c0c4,2,293.81,0
2513d3a5-df0d-4dd2-b78b-9a5adbad553b,980299e7-15ce-4e1d-a2f5-e1c53c5954d1,3a5715d5-60d7-4fa3-8a8f-84a7837253d3,5,377.22,0
70672d7f-2812-49a4-87bd-65443cbe4cf8,fb0d97e2-0215-4945-ae0e-ec03b2d291a5,c82611eb-6808-40e0-87c4-4a62e66784b2,1,418.52,0
6ce92f42-55c3-44eb-9371-875c48e376c9,fb0d97e2-0215-4945-ae0e-ec03b2d291a5,327216b0-5e96-4960-bd70-981673999531,4,27.89,0
a23855f5-52be-47f5-b29b-f2b0a92df4ad,1942fce3-161a-4c32-9703-98fa0951142e,81da0bc9-017f-49f4-b310-116ddc8b6e2c,1,22.26,0
571e6d14-aa39-4f67-b883-3eb29ad19f9d,11969763-6c48-4b6e-b08c-cfd83eebf57a,3c756df8-ccc5-47ec-9f88-d3033a2ba5ae,1,275.63,0
582695e7-35ba-4dd3-835e-d058c34d60c9,11969763-6c48-4b6e-b08c-cfd83eebf57a,c79fa45e-0084-4894-8b1a-cce64d5be0bf,2,206.32,0
cf8b5e93-8076-4688-9ce4-da6474a5a56d,11969763-6c48-4b6e-b08c-cfd83eebf57a,9e80155b-373b-48fb-aa63-6e25337adceb,1,193.56,0
b72de3fa-3b36-4246-bcfa-0d8df06c369e,b85afd45-c776-4c6d-aff8-93d32a510630,44ff86f2-3eed-4cfc-b70a-b8fbb428b153,1,1542.41,0
c15d750c-7705-4267-b25c-36f76c31770a,b85afd45-c776-4c6d-aff8-93d32a510630,d60a140e-f538-4be3-916d-fddf0eb84d55,3,184.22,0
c93886de-2e9a-455b-8dcd-8c9a886daf33,a6672142-1b83-415f-ad29-daba538232dd,0f6ffbd2-d18d-4f33-ac01-309ef96ec24c,1,20.95,23
1c2cfc48-f7d8-4ac3-960b-b0e313281c1f,bd5eca31-4373-4020-b141-a0b164a7b62e,1d976be7-46d0-484b-af0d-a52200bd9972,1,1726.36,23
3141e1fc-dc6c-4b96-bb0c-f51b62f3765d,09a74adc-3628-4a74-b509-772c74143a59,6e825753-b3e7-447d-94ea-789d5315a09d,1,133.52,0
871801ff-28d5-4f0b-814f-4cb014a4abef,09a74adc-3628-4a74-b509-772c74143a59,403d0c46-cef9-414a-a039-23bde336ff59,5,44.29,0
b64aad61-07b2-4a15-8798-01bc40af95b2,09a74adc-3628-4a74-b509-772c74143a59,bd28ede8-8fa4-4488-9c95-84667729da9b,2,179.09,0
7a024ec7-5d09-4ccb-a12a-14198510aece,cec8c4a9-05e5-4966-b26b-3ca31dfe998f,420b1996-39b6-41f4-a13f-98f1e894d1e9,2,131.33,0
0229e720-f2d3-437c-b4d3-cbc8d1377aec,cec8c4a9-05e5-4966-b26b-3ca31dfe998f,2c85ba46-c296-4e9c-bd5d-4fde6048cec3,1,104.51,0
b559bfd6-957a-4dc4-8763-0219d9091ed7,9936b945-549c-42b7-9e83-bc5032ded6f9,cdf224e5-e190-4e43-8b00-4a1c150bc716,1,1641.93,0
9f29eb29-2c91-43c4-9291-229346269b81,9936b945-549c-42b7-9e83-bc5032ded6f9,dd6e9b70-a3a0-4ea0-84ec-ad64aed01c68,1,730.4,0
2130c4eb-5b9a-4790-b1b6-11af5bd6e8b5,9936b945-549c-42b7-9e83-bc5032ded6f9,627d7247-9b67-47d9-bdc0-2002cc5bd5b4,3,951.3,0
72877b95-91c1-42a0-b5a2-cb3e19e07add,9936b945-549c-42b7-9e83-bc5032ded6f9,0ee21d7a-c555-4ce8-87fd-7c3a24ac3f94,1,81.3,0
1d8d51e7-0e5e-4d43-9ac5-b5806acde480,53153f87-9424-4e60-a803-a38227c6cb45,8521a1ef-46a3-4885-b5c1-67d3111ea82a,1,72.36,0
c37b0fdd-2ba8-4923-b60d-a28d58bf2933,53153f87-9424-4e60-a803-a38227c6cb45,e625c1c2-41bf-44e2-89e3-15e410bc873c,4,43.3,0
bce592b3-8ca5-4114-aeb3-799f5c448fbc,53153f87-9424-4e60-a803-a38227c6cb45,9f2707c4-1bd9-4249-b0ec-41d0d281c92f,2,115.09,0
fe670946-aeac-4772-b856-66a843fd35e5,a8a49116-e396-41d8-b884-ca5a9b045ceb,da5b29af-7262-41d3-9454-9be82e6ddfbb,1,285.05,0
060a83aa-8aa8-4c07-9319-9797723610b3,a8a49116-e396-41d8-b884-ca5a9b045ceb,b9bea6b0-eefa-469e-b253-8ba12e7deec2,2,183.07,0
5130aee8-1a9e-4f1f-80e4-b68a3362b0be,a8a49116-e396-41d8-b884-ca5a9b045ceb,ee1357ed-63a8-407a-9a5e-06571dbe0a34,2,2773.13,0
9aa4e0d5-a3db-4447-910d-f479f4f35e76,a8a49116-e396-41d8-b884-ca5a9b045ceb,94d07daf-a9cd-4e28-94c9-814f5d4358a9,1,40.59,0
de35064b-32e4-4245-9059-43a74542c975,f475157e-255d-4567-ac12-92ea4f04d8ef,24c0b2f0-35b9-4941-a95a-a81f7ad87474,1,452.78,9
3a5c2c37-32cf-4ca0-a65d-69858ba947aa,f475157e-255d-4567-ac12-92ea4f04d8ef,102f8c71-f633-4c2b-a551-c87dcf31b2ab,2,287.85,7
5e3f39e2-c3df-477b-b7d1-909a9fde6f91,b265c0ee-fe6d-4508-94d3-cb0ac96895b5,679e2e41-4ff1-44e1-a93d-43a4ce6f3004,2,88.26,0
b34a5354-536b-4824-9d63-5ae016ba939d,6ee74fc1-3a4e-4bb6-9b1a-e340a8a1017e,8374ac9e-cc8e-4edc-8627-fdf9925a70e5,3,240.45,0
942ae693-e4a2-4776-9947-b038a8705aef,6ee74fc1-3a4e-4bb6-9b1a-e340a8a1017e,39694ca7-887a-491a-90b7-21dd6f13a093,2,108.21,0
05febb43-c7f2-4c04-b72f-e383dd7a32cd,63e54ae0-06a8-4511-b339-70f8e9fb74e0,720e8614-1fd1-4c25-b7ac-6f4482c4757a,3,133.88,0
6e5739ac-5d7c-4129-90ea-872cca3d529f,63e54ae0-06a8-4511-b339-70f8e9fb74e0,74dd8f15-3476-42e4-9260-ea84cfa51393,2,168.95,0
b308a1fa-04bc-4e29-88d9-fef51624b8c5,ab91a846-3933-4baa-bee9-2bf7b7c728a1,6df3cb5c-48b9-4e93-8550-810d9bfe3d61,1,1747.5,7
a9357262-93bb-4322-918b-e0c7a51c8d35,4a47a004-25f5-45e0-bc20-c3686dbd39f2,f8e3982d-68d2-4f00-bf30-d293ed08d7ba,1,32.36,0
934714fe-405c-4c6b-a2bc-a1cfc1eba700,4a47a004-25f5-45e0-bc20-c3686dbd39f2,b8a5e9b8-48cc-446c-929d-f201160b70f4,1,157.75,0
bce32758-8601-4ed4-b325-e9f0ef2c410d,93070c0c-0cfb-4ad0-9341-c8924f246b86,a5fc33b7-cfdf-42cc-afaf-301986c7ddb3,1,1913.17,0
e3543a49-e277-4153-aee0-22b3ab991deb,93070c0c-0cfb-4ad0-9341-c8924f246b86,f65774c5-71de-4176-8168-60253a1d6dab,2,173.72,0
1c038891-97d4-4b49-a4a2-716825bdf9b1,7f8e2e23-c15c-4eb5-8824-0ade5fbab462,a92aed4c-db3f-45d2-8ac5-c9f7dad22ff7,1,102.77,0
9cd015c1-f629-421a-9c51-9d80d81a2b9f,7f8e2e23-c15c-4eb5-8824-0ade5fbab462,862d196b-72d4-4be9-a931-09eb790d859a,4,77.46,0
a26340fe-25e6-4309-926e-f7176210ee08,7f8e2e23-c15c-4eb5-8824-0ade5fbab462,b14346d2-b158-42e4-b23b-602fcba23135,1,556.91,0
c4d8e144-27b2-4005-b510-76f0c8f80878,7f8e2e23-c15c-4eb5-8824-0ade5fbab462,f48a15e3-d2bd-40b4-9752-8ebb56e38da3,4,424.11,0
2e143100-350e-4c47-a06b-fab2ae1113c8,7f8e2e23-c15c-4eb5-8824-0ade5fbab462,25928c97-58ba-48b8-9133-a3a803099fe6,3,127.55,0
d9a3b4e4-0ca1-4497-aae2-bfbd252a9248,5dab7d54-9e68-41fa-81c8-806c61773d47,f67d4bf4-590f-4bac-858d-021c46664d03,1,292.28,0
1bb76c94-c3bd-4be9-8b54-dc2d6cf1fe6f,5dab7d54-9e68-41fa-81c8-806c61773d47,f58e4370-4c3e-410f-ba9c-88cc52bd9154,2,899.59,0
c74c104e-0e83-4ff0-9465-7e23c0265d89,5dab7d54-9e68-41fa-81c8-806c61773d47,496c83af-1a4d-46bd-8fe5-61f3f2649946,1,434.82,0
394d980c-3a47-4e02-b569-0bb47adf6bd1,cf3206c2-fdb3-419c-8154-0ef7d48b6919,4371f52d-0569-48fa-aa69-09246953ca59,1,38.97,0
451be962-14d1-419f-b030-509b0f1d1937,a223bf0e-6077-413c-9f15-dc197653eed2,b8c32cc0-c5c5-4e98-bd05-6d33349bdab8,1,341.2,0
bd042ca9-fbb6-4aa1-a911-3d8b6c9cdb1f,a223bf0e-6077-413c-9f15-dc197653eed2,22fb31b7-395c-44cf-b72b-54125c907012,1,212.17,0
1f462a61-78d7-4a9d-a90c-63eff7d22acf,96d363b9-6f43-456b-9c4e-d9c86efd7277,27cae104-346f-4330-8c67-ba171324951a,2,1853.62,0
f694336f-e9cd-4656-a7cb-eff20d00cb37,96d363b9-6f43-456b-9c4e-d9c86efd7277,ccf9199d-4193-406c-bcba-4da9aef3791e,1,23.0,0
ab490ffa-41b7-4c3b-b9ed-79d16ada5115,bb9fafb2-f614-4dfd-9303-d1b43c04c66e,5bfc61af-8ca9-4d0e-af2b-66a0f37e7111,1,257.01,7
2f6fa4f1-0d79-45d6-82fd-f5791907364f,bb9fafb2-f614-4dfd-9303-d1b43c04c66e,c3100329-7271-4ede-a9a1-b24f0cbd9c74,1,2043.55,11
a0cf7098-699c-478b-a82d-3bd91ded82f6,40309524-bf9d-4512-9759-f0c78a0dfcde,5b6de9d8-28d9-4334-b75e-ff8fd481fa2b,1,65.38,0
d1f3e832-5c8e-45d8-8c2f-d93a3447b561,40309524-bf9d-4512-9759-f0c78a0dfcde,87ebd35f-c186-439f-983c-635c1ecc957b,1,783.98,0
40f5d1d7-64f3-4d38-8158-b4104631220c,2014ed95-e897-4aa6-b0a8-09e70bbc0539,2663db7c-e129-405b-9d12-c3a4369a43fc,1,12.4,0
d6a1b02f-d924-4a1c-b9c5-b4867bfb60a1,2014ed95-e897-4aa6-b0a8-09e70bbc0539,4ded8162-838b-4088-b197-1372784ea68d,3,41.2,0
07dc86aa-7619-4533-8265-42e375925c51,2014ed95-e897-4aa6-b0a8-09e70bbc0539,691ef939-c073-4fa9-8e7e-e495fd176388,1,371.66,0
d38da42e-4afa-4e1a-b1cd-64d1313cdcc6,2014ed95-e897-4aa6-b0a8-09e70bbc0539,acd450d6-cdb1-436c-bb75-0eba09fc0d57,1,1900.96,0
12728227-8bf6-4495-96ad-29ccb7108a63,9cd99e73-45a0-44ca-9f55-d4dbb5727027,53569fa7-c85a-45f2-9ff3-9012fb64bd54,2,126.75,14
8f356c85-6a90-479a-9c39-84afd0bb8a9c,9cd99e73-45a0-44ca-9f55-d4dbb5727027,fe292413-a933-4eee-852c-7e4b2eb0c1f8,1,313.03,11
13245f0f-e973-4df3-8fbf-3e3c6923a49c,c2b1d445-bc86-456e-a685-144ff3c42a37,2d4d266a-5f3b-4747-b7bf-524d8560fea1,3,244.4,0
e10a7a25-4e37-44b4-b72c-eea5e5c3c819,c2b1d445-bc86-456e-a685-144ff3c42a37,3e395f09-8c91-4cc5-bddc-2207e8cf46af,2,306.75,0
cd8f1ed1-d4f2-4c55-a138-5e6c0f975598,c2b1d445-bc86-456e-a685-144ff3c42a37,4f959a35-a674-4ac6-bd20-c5bf61bf2a78,1,743.26,0
08c0b2c8-9f3b-4ef8-914b-50b6c5b5b237,c2b1d445-bc86-456e-a685-144ff3c42a37,910893fc-6864-47ba-8a2e-be7408706295,3,74.66,0
e1b9c99c-1b7c-4372-9e38-13c6ba0b71ec,c2b1d445-bc86-456e-a685-144ff3c42a37,de45caa2-56af-49f8-9565-ee56692e1b2c,1,25.37,0
2fc1aa17-c65b-41ad-91b3-414bd257c1f2,f3135405-70dd-4219-ab67-e00c186d624e,619ac9b1-ea16-427c-8e75-a4fe82b7a40b,1,100.77,0
187fc398-9b53-4f21-a105-dbed3ae39cbd,a4f29a45-eed5-4c61-aaea-b5390dc615a5,37b0d4af-bf2e-4a1f-b393-7d7961e24840,1,523.62,0
a90e293f-e8a1-4a64-87aa-a4fb2a3441a2,646aab1c-a9b4-4a6e-b156-94ba9ab9b6b2,924898b3-1dec-45d4-880d-0aa9d95edd1a,1,232.17,0
f2b70160-3901-4aa9-afe2-47c93d36d02d,646aab1c-a9b4-4a6e-b156-94ba9ab9b6b2,9cea490b-f0a8-4def-9acd-803761325d26,1,1245.73,0
0a3cece4-4ca7-4934-aef3-7f629f308fc5,41035928-92c3-4472-94db-3da19ded8160,f9124dc0-8234-480f-a933-db3ad5561b3c,1,15.5,0
adc50dc7-61cc-406c-87a5-e66ee1b76e7b,866b6020-1032-4c0f-8ded-d788a697f63c,2873c338-a4a2-40fe-8a96-84d8b6544b77,1,30.81,0
0889081e-6faa-4b37-80f7-6bdff495ea20,866b6020-1032-4c0f-8ded-d788a697f63c,89e3e030-390a-495b-b1ee-8ff4550ccc79,2,195.21,8
544d32f4-6fca-48ea-80d2-7c4d17b8a5b2,8266e1a2-84d7-4888-bb61-350e5d6591df,a7928347-a0ee-4296-8a86-d63a4f221947,2,192.47,0
958a43fc-1395-46c8-b3b1-2f8e64641182,8266e1a2-84d7-4888-bb61-350e5d6591df,8b448a79-b456-4775-ac5c-e66d1f05f5e9,1,125.52,14
9f87dc97-f158-4fa1-a771-beb2dfc8fbf6,df9e820b-f99e-4be7-916f-0b204eb15448,46bf5c3c-dad0-414a-a034-3ccd0a7b44a2,2,43.74,0
5d8e7a9e-fda3-49b8-95e4-23957dce5214,df9e820b-f99e-4be7-916f-0b204eb15448,291d64b4-9229-4dd2-a52e-a700e4e350e1,2,262.02,0
ee70543b-d276-4d3e-8063-79245a55fa2c,df9e820b-f99e-4be7-916f-0b204eb15448,4028d8e4-2879-4fd0-bd22-bf38fcdafbc3,2,54.44,0
912a308c-b9d4-4b27-843e-f3696a6bdeb5,df9e820b-f99e-4be7-916f-0b204eb15448,1f475e3b-1935-4bfe-995c-7ce511422001,4,421.22,0
2069f4c5-f554-41c1-967f-4a31444b4c61,c99f11b0-28bb-44ad-ae67-32089c9cf060,2540f7c2-dbee-4d06-b285-ea8495288d13,2,546.97,28
17e3dbf0-2adf-4977-bfdf-0b161f03bcd4,0b7ac826-85f3-4139-a0cc-f7b93e89c85c,019d04ae-9ded-484c-9ad2-77d62e963abe,1,91.04,0
a2b93a56-bcd1-4baf-8147-38ee00e6b9b9,0b7ac826-85f3-4139-a0cc-f7b93e89c85c,4b4d9448-cd17-40b8-bc95-2d420aed8081,1,513.46,0
fe93b42e-4e21-4365-8558-96332c30c2af,b192110b-a270-493d-a359-a4aac81edeb5,ce88201e-a6fe-44ad-a142-4b7729741dd3,2,718.7,0
1986cdfe-fa0e-410c-a3c0-f934e1fb1375,b192110b-a270-493d-a359-a4aac81edeb5,cb33b98a-dee8-4162-af19-36d5d8feaa28,1,29.54,0
49bbfae3-51fb-4112-bc2e-2598ba0cb174,b192110b-a270-493d-a359-a4aac81edeb5,30519d28-a7fb-4ae4-9389-2d4d1c692b0d,2,1166.52,0
f371552d-f38a-4751-8d51-c59685cccdb3,ab430beb-3307-477f-a123-ba2e799e081b,27cae104-346f-4330-8c67-ba171324951a,1,1882.53,0
bd00634a-bd34-4424-b89d-82f16f8f407e,ab430beb-3307-477f-a123-ba2e799e081b,2663db7c-e129-405b-9d12-c3a4369a43fc,1,11.71,0
4354f316-d9bc-4aa3-b7be-efeaaed1b0b1,bf194d58-ab88-450a-b335-77e9716abdd9,f5a7aec7-4277-4b6d-8eb1-d2da1b54ad87,3,219.48,0
da96884c-ba07-4927-93c8-555a88a2ba9b,131f13aa-cac7-4df0-95d7-f177125234c2,7cf7f316-862a-4334-83ca-ff94eee6a797,1,525.54,0
52b37662-9ccc-4fd7-9a0b-717d1537950d,131f13aa-cac7-4df0-95d7-f177125234c2,e1d5632d-ff6e-4610-842f-d3b2f58fffde,1,91.89,0
a8960886-17da-4e3d-9a65-e511e0abd2bb,131f13aa-cac7-4df0-95d7-f177125234c2,6eb1bb28-910f-4977-8fbf-f925abf7726d,3,128.3,0
89f9df1f-df59-46bd-a5dc-929fddcee30a,131f13aa-cac7-4df0-95d7-f177125234c2,345182ba-44ed-43b5-b20a-7e7bc3e90f73,1,63.61,0
d3f5b41c-d94c-4037-9611-eb406dd1292a,691e07a3-5fd2-4aee-a349-933fed98e160,3f601b35-5a1c-4aed-b676-ad4b3f649416,2,66.09,0
b84ef990-eed1-4c5f-8f18-4237e626a707,691e07a3-5fd2-4aee-a349-933fed98e160,3e6cf920-d0ee-442a-9b80-5ebe6ebb05ad,1,67.49,0
d380da13-6246-4408-8f9b-34ed64df07c7,ea6b96e9-7976-4e14-8d15-9cb812952081,2dc87206-6156-4309-b553-ba0b244184b3,1,558.75,0
8b0114cc-a811-4229-b25d-9bf72919fd23,ea6b96e9-7976-4e14-8d15-9cb812952081,4371f52d-0569-48fa-aa69-09246953ca59,1,40.25,0
bf225b78-8e04-4114-bc2d-a1ea2ae0634a,ea6b96e9-7976-4e14-8d15-9cb812952081,3bfe76f9-d268-4142-afbc-4c60ce715b93,1,179.36,0
06084fcb-1000-4648-813c-83ea84e51a1d,673a74ac-db9c-426e-9e1f-748e72fee7a7,ae5dceab-db4e-4ef6-beec-474d5531aaf9,2,201.99,0
c479928d-00e0-4ec4-8875-40c60123eec9,673a74ac-db9c-426e-9e1f-748e72fee7a7,9f96e3c8-3102-424d-a8c6-bfb6fb8e9422,1,279.05,0
527059d8-5c88-4156-866c-7bb45aef5f16,673a74ac-db9c-426e-9e1f-748e72fee7a7,9a52fe9c-3d4a-400d-b04e-14aaef6f6f77,1,146.44,0
3549a821-f6a5-4bfe-b190-58ac2b297651,e964539a-8ae9-44d8-983d-aa4ae5940ab0,f03cadb6-d5a7-4da9-953d-b870fe702653,3,154.77,0
15e112f7-e23d-4724-a0b5-2b9dd6a5f3c2,b2115c75-1a02-47fb-90e2-8815e1344cd3,dcff2efd-5481-4445-8cec-5fca5daabf9e,1,51.04,0
5e3bdcc0-8a0e-40cb-88b5-783ced609412,f8147599-c26c-4eee-a89d-082ff7cad857,70b80134-713b-4c24-a2e8-52c3deb390e9,3,1435.6,0
b615b14f-98c2-446b-b511-5fd15a17e459,f8147599-c26c-4eee-a89d-082ff7cad857,82c8ec23-a9fa-409e-b453-bd1eaa9add30,1,112.03,0
a1b247ac-abf0-4a14-837c-9bb6cfc09ddc,f8147599-c26c-4eee-a89d-082ff7cad857,17de7759-d540-428c-9d18-13590090c266,1,1115.93,0
c78add25-f826-4613-add9-4caf3e4076ae,4a25c103-074f-4453-b4fc-c6948fb35ead,c6940763-3703-461f-85d6-434dde2a2fff,4,313.7,0
0dcd1f91-8271-4227-81e9-e91102460f4c,4a25c103-074f-4453-b4fc-c6948fb35ead,56a0a75b-a72c-4539-9eaa-79b71893a03f,2,60.16,0
bcd0c98f-f215-4671-b971-cb355fbfbd98,4a25c103-074f-4453-b4fc-c6948fb35ead,c6c0efc6-0ab9-4435-a2f6-a6d27eb116c2,1,176.58,0
2355cddd-8154-41d3-a577-d3259b887268,c6256911-f35b-45c9-99ee-ba310dd9ac29,74004cc1-54e0-49cd-9098-34197de24721,1,127.42,0
3a5d11bf-9929-43bb-8d19-329f67b197d8,c6256911-f35b-45c9-99ee-ba310dd9ac29,31888fef-75ca-4a90-8e5c-dde454bccfbf,1,311.45,0
08c79a0f-3a86-496f-80c2-43ac28b9e54e,c6256911-f35b-45c9-99ee-ba310dd9ac29,c08800a7-c9e4-467c-a92c-645910eec2f7,1,2893.33,0
e5ba4883-c890-4b57-9a48-09dd2668e7f0,c6256911-f35b-45c9-99ee-ba310dd9ac29,7e57ba57-4669-4809-878a-404f9da6391c,2,55.3,0
d5bfab93-3b5d-406e-9835-0dd72d3cee4d,c6256911-f35b-45c9-99ee-ba310dd9ac29,914df7c0-0402-43a1-8c35-1e7d149fb42e,1,651.63,0
eb58f107-7e88-4679-bed0-b43b0ff66cf0,09858185-5fb0-44c9-9b3a-7a0e5138ba95,c6f8651f-5781-4c51-8c50-9deade618450,1,2101.88,0
541269cb-a2b0-4052-b49b-30828a58f1a3,50147566-dde7-4390-b516-ea5686bbf98d,5a26567a-0b35-4059-a7ac-253c0f06d8ea,3,130.26,0
b0a9de66-f507-4ce6-8a7f-a24f881b2b44,50147566-dde7-4390-b516-ea5686bbf98d,7dd1aebb-7e14-4050-862d-ac69b4fff1c0,1,135.99,0
7a5c1213-bfad-474d-9831-e26527995250,50147566-dde7-4390-b516-ea5686bbf98d,dee7515d-bd32-4705-825a-3a1b9cafa130,2,250.48,0
61179051-3172-47a2-8821-a833fab0da1e,50147566-dde7-4390-b516-ea5686bbf98d,f9825864-b1a8-43b4-b0ef-e2cca08d73ff,4,30.17,0
509dde5e-1393-40c7-a78f-a8340b2f2a8a,9c08c48a-f959-4172-8847-1f1271f216d0,9865e7ab-7cc2-49b6-b263-549caf8e0ccf,1,77.02,15
70ba470c-52fa-4395-9977-f81372f29c08,9c08c48a-f959-4172-8847-1f1271f216d0,7a4fa442-c6aa-4491-83dc-f15a172ed041,3,150.54,0
4fc72036-1706-4679-a8bd-8ad99f85594d,9c08c48a-f959-4172-8847-1f1271f216d0,d34725b3-37c1-4256-bf16-8f58bb5c1455,1,1683.97,25
481a5ed7-9ce0-46f8-ae12-e56cfc434d4b,b9e8da97-2f4d-4930-8a79-abcc4d4d56df,a82ca965-b4a5-4a24-8aba-f0614bb51da4,2,121.17,0
90c04b0b-a53a-4eed-a6ca-9f8ae58a41b8,56df5b5c-b7db-4e66-aecc-847b6ce4d77e,849aed02-98d4-425c-90f4-055f68a0d6c0,1,136.92,0
9dd1ec98-01d4-473f-8fe5-58f10ef1ad95,56df5b5c-b7db-4e66-aecc-847b6ce4d77e,06e035ed-5db9-4d34-8ac3-9dab64d5ae10,1,44.16,0
9ab49d5b-9445-4ec2-ad98-57730f654fb9,8440bbf1-fb47-42e5-8c0b-161256ac95f4,54ab8b47-771f-4494-8050-675d8fc9a53b,4,72.14,0
c1886f75-0723-45f2-93aa-76c1153c5185,e01ea2e7-4b58-42c1-bcaf-a8bd4354c0b4,dc2a4d19-1801-441f-b55a-091454bc61e7,1,1764.3,0
7dc13f8d-e8f8-4c73-ae74-db070309b720,e01ea2e7-4b58-42c1-bcaf-a8bd4354c0b4,4d369783-1c0d-46c8-9832-f827642717d3,1,68.74,8
6d604c18-5c54-4781-a576-4c60942d36fe,f6ce36e0-4b57-4f75-b2a8-93ded462ef96,dbf2c919-48ea-4105-844d-8bc9c14bfa58,1,353.76,0
7f4498bc-8b6f-4387-bba1-84ef4b4bdae7,f6ce36e0-4b57-4f75-b2a8-93ded462ef96,ad39e8f2-750b-4da3-ae4c-8271f79f91f5,1,1064.04,0
aced2d82-b6bc-418c-a01a-df147274b6f5,f6ce36e0-4b57-4f75-b2a8-93ded462ef96,2ffdc7f5-dacc-46ea-89f4-216b6600e84b,3,47.81,0
65d7e5c9-b413-4c53-931c-d0819159f96b,77c7c41e-eb19-4166-bbb7-9ebd6dd45308,982f3205-6282-4843-8fa2-5eedfa2d501a,1,527.13,0
9bf03638-91eb-4fec-98d5-74a762840adb,77c7c41e-eb19-4166-bbb7-9ebd6dd45308,2002615c-0b87-4a1f-8957-8f4d727fee8a,1,140.62,0
729a70f2-6010-46b6-b313-72166432ade0,77c7c41e-eb19-4166-bbb7-9ebd6dd45308,f6fda0d5-2eab-4678-9f4f-c00fb6e2d218,1,2163.92,0
015aceb6-85a2-481f-addb-70585e15c9df,4b1108d2-7666-436d-836f-3fa9c22c848a,d6ad89af-cb50-4474-a1c7-3b6087a4ecc5,4,396.76,0
1caf33c7-e793-40b1-81ba-cee5bb18687c,4b1108d2-7666-436d-836f-3fa9c22c848a,f4ae9817-8df1-433b-a681-a1854cc6d34c,1,98.72,0
07482243-8265-4fc3-b176-db3173738bea,4b1108d2-7666-436d-836f-3fa9c22c848a,eca9402d-2a7a-414a-a615-5326a48523dd,1,56.31,0
de938cab-e4c4-4652-b1eb-712593fcee43,8464bb1b-25b2-44e1-91b1-44931c80beab,8a1e2618-88da-418e-bead-fc3bd6bb8f74,2,114.83,0
c5e495eb-3c1e-48cf-b924-0742afe49aae,8464bb1b-25b2-44e1-91b1-44931c80beab,391ff788-8ab7-4cdb-9b03-e1b92dbe4570,1,291.9,0
fc5fc280-5d3d-4004-a6c6-3f96e6cdc3fb,8464bb1b-25b2-44e1-91b1-44931c80beab,fe6c461e-a68a-45c6-9276-6eb11e4b0dc3,1,259.1,0
835a2f77-2fde-4e06-b924-7bc8d150e0d1,8464bb1b-25b2-44e1-91b1-44931c80beab,a5995cfd-df98-4dbe-acf8-22b5e42c50f4,2,89.72,0
d129ea75-e5e4-4001-b59f-50e6e1b5ea03,8464bb1b-25b2-44e1-91b1-44931c80beab,9f8a89ae-2c15-436c-b4a0-3b09d9217a47,1,155.79,0
792baf7d-fbde-4c10-ae15-2224cdb372f8,6f460e53-85ec-4ccb-96b8-7cfe929dc2fe,0f35bd75-7e4b-4586-a1eb-12342ee965ff,4,172.55,0
0de1c57f-5d17-4dfa-ad00-1ad5533f2804,fb173562-4e36-4b7b-a620-af87abec51a1,0520e24d-295d-4eb6-b7fc-47bf6c291d16,2,135.52,0
2251b5e3-0763-4ae9-b80f-e66933204b80,fb173562-4e36-4b7b-a620-af87abec51a1,b3da944b-7690-4db6-9572-a720231c8104,1,275.25,0
bef28d72-55bb-4c4d-93be-15eed805ca05,e1376138-cc06-429b-821a-4ecb5f797c4f,be0dfead-aebf-4e34-bd72-da773f149450,2,1843.88,0
6a925aa1-5b94-4b8c-8581-230122c27391,e1376138-cc06-429b-821a-4ecb5f797c4f,e67eff84-c047-482c-b3a8-b5341e53910c,1,1240.83,0
ed6fcfa3-dad1-4168-8cd1-6a6fc1dfff08,e1376138-cc06-429b-821a-4ecb5f797c4f,dc0a0ae5-f78b-49f3-b6ec-80ec330d3ecc,1,79.96,0
50a73e00-cf01-4c9f-9729-72b29df57e54,e1376138-cc06-429b-821a-4ecb5f797c4f,1cc5b77c-8350-4da7-915d-473e7d0c13d1,2,28.35,0
6d2d8a0c-b5b3-442f-b9e7-c21d381710b7,e1376138-cc06-429b-821a-4ecb5f797c4f,3b2d690c-27d5-4a40-b1b5-45e72c41576d,2,250.38,0
d34908e2-c6f1-49ef-b6af-ee2780fa7fe9,bdf13cdb-ceb1-4b00-afb7-44777da04abe,443ecea0-4901-4c6b-8aeb-c733293e8102,1,134.58,0
219f51ec-5ba0-409b-882d-a66c10fc08d9,bdf13cdb-ceb1-4b00-afb7-44777da04abe,43a2bd12-9bc4-4bd7-9f56-e2fc681b3391,1,1836.18,0
f8a23916-d849-4360-b4c3-ac510da66165,9fbfae0c-6a5d-4c9a-909a-1ab96f9e5b48,01369c97-4bef-4e70-b153-e6b1470c08a7,1,893.24,0
884ca311-d9e8-437a-97bd-7d3fe1174cd6,c53a9389-df1f-4f68-99d5-8b91f3e7e4e9,d7c2f5ac-6f47-4062-8450-e8937bfafcc5,2,263.34,0
6d9e6df6-8393-4740-b4cd-481b707f7ca6,c53a9389-df1f-4f68-99d5-8b91f3e7e4e9,6bedf2c5-6209-44a7-a41b-7f2f4325a2bf,2,208.84,0
73aee7d8-da40-4401-9f1e-813e8e368f48,c53a9389-df1f-4f68-99d5-8b91f3e7e4e9,c60260e4-04e2-4b68-be77-c03f489fa5d9,2,184.95,0
9419ba38-19c2-4d62-aa0a-fee042bd6663,c53a9389-df1f-4f68-99d5-8b91f3e7e4e9,ad80aac3-b677-4595-90e2-c5a776b5b30f,1,116.33,0
783402d2-4814-425b-98e9-da0e1b62e94a,c53a9389-df1f-4f68-99d5-8b91f3e7e4e9,92f7eff8-3049-4c3c-b90f-742eabc3f872,3,51.41,0
3e0beb75-e14b-4782-b9df-d22ed4faa848,d0174ecb-24c5-431d-8a56-de8820d0ecd5,e7962ec1-d422-4b5e-b19b-caf7f671d924,1,158.76,0
dcdc49cf-1284-4282-b7cd-80706639c088,d0174ecb-24c5-431d-8a56-de8820d0ecd5,e76d5865-0394-4b44-9c48-450d1badde90,2,26.46,0
c4bf3003-1263-455a-bfc9-55581cedf3c1,d0174ecb-24c5-431d-8a56-de8820d0ecd5,97a9528b-dc8c-44a6-8256-36ebf03ea971,1,1346.31,0
56418791-5598-48ec-80ca-e8784914bc35,d0174ecb-24c5-431d-8a56-de8820d0ecd5,64a4546e-4013-45d1-8665-34800ac08b87,2,420.22,0
bcb729ad-c4fe-4915-9395-93fffab5150e,6717e7ab-ea73-4210-9efa-77993bc4e98d,ab8fbcc7-69b0-440b-99cc-9fc7657e2883,3,59.01,0
7f1f0f53-c040-4207-8109-b6f8fd557514,6717e7ab-ea73-4210-9efa-77993bc4e98d,ab970b4e-9941-4e2c-a03e-597c5b0e11b2,1,147.29,21
f7e9815f-c239-4858-a1aa-c8c765a9961f,071c3d6f-d9f5-41dd-b32a-d585d5857605,d16e2e13-98b1-489d-9225-fa48933ce2ca,1,178.37,0
b5c43d81-3001-4ea6-ab21-3b2bcdbd4cbc,071c3d6f-d9f5-41dd-b32a-d585d5857605,8ee58e5b-9fd2-4948-b9c3-51ed06996195,2,12.55,0
17d59965-d7fd-4c55-ada1-30ad9b00340a,b355d54a-833f-4295-a6f1-47682a0fbbec,176edfdf-e346-4960-b701-aacdc7bbaa58,1,39.02,0
3c56e2d0-f1e3-4c45-8abb-bd19da6286e5,b355d54a-833f-4295-a6f1-47682a0fbbec,bb357c56-1a62-4e90-ba13-2ad77754392f,1,115.75,0
fac90572-0784-4edb-963d-6a16c69a2b8f,b355d54a-833f-4295-a6f1-47682a0fbbec,3496aa5d-41c6-4810-a07b-ab0f453abf6b,1,15.96,0
630bf346-d124-4b54-8272-046aeab90f81,2ba2ca71-26bd-4098-8feb-1e3c06668ab4,720e8614-1fd1-4c25-b7ac-6f4482c4757a,4,143.84,0
57a73291-7b55-4587-a304-241864937e24,215dbcf0-20ec-46ed-959a-a35199014f78,a8bbbff2-3b7a-4eef-9e92-c3f8ecd71e3e,1,27.61,0
5820e2d9-fae5-4a9e-84d7-49612fd24934,215dbcf0-20ec-46ed-959a-a35199014f78,1ad9d75e-814b-4643-a326-10021a495d67,1,85.84,0
208281fe-d498-4171-94b8-a5b0f34fb743,215dbcf0-20ec-46ed-959a-a35199014f78,3747ac41-4510-41b6-92ca-14879b79c786,2,900.48,0
d83e68bb-db18-4728-a17b-752b5873e823,215dbcf0-20ec-46ed-959a-a35199014f78,0f89f10f-a947-4d3d-b6fa-09519af06afd,1,287.81,0
d5fa5f82-1ec5-4ee6-b098-e32ea5e7998c,c8a33f6e-c845-4da5-aa44-4e7609592dc7,e18cec4f-8f18-4838-af62-e08eb00a5b42,2,202.15,0
3e3e5b8d-35cb-4f94-b3c8-1939f16cfa31,c8a33f6e-c845-4da5-aa44-4e7609592dc7,86f95c17-37fd-4530-8244-f505ddcbc08a,1,292.96,0
93550091-222e-47a4-a432-ab8d8762cbb2,c8a33f6e-c845-4da5-aa44-4e7609592dc7,99d5be5d-4575-41af-bfff-527fa684226c,2,70.7,0
c112c5c9-81d4-45fa-9d7a-8c1908776791,4b82c2b4-8644-489b-b588-7c6c48c57707,965ab309-4611-4a41-8930-2ad74256f413,2,94.09,0
d339b3c8-abfe-44c6-9473-97828fa23f39,4b82c2b4-8644-489b-b588-7c6c48c57707,625cb2c8-51fb-4d5d-890d-ef4c7d902a4c,1,555.79,0
c2d3a55b-7fae-4efe-961b-2627ad29fd1b,a1b976e7-8fa4-4f3b-b59a-5fbb76d41270,f45d927a-f482-4722-86fb-b666bb8f26e0,4,99.07,0
7a431022-1a25-441f-bb02-4836f5f9ddde,a1b976e7-8fa4-4f3b-b59a-5fbb76d41270,e105f947-516e-47fd-bda4-c7d846a079d5,1,8.47,0
7982ecae-d210-4879-a1ed-aade252f6c29,a1b976e7-8fa4-4f3b-b59a-5fbb76d41270,c73c6789-ce22-4ca1-9ba6-32be5a6a1b2f,2,1647.32,0
ba02c363-2949-4260-ad4c-936e84630ac4,a3bf7f9e-0938-428b-bc41-9dd0a2fe7abb,9f40493d-c2e5-49c7-8906-b04c6014f29c,1,44.66,0
e7fa6d37-09c1-4420-a609-17742015c716,a3bf7f9e-0938-428b-bc41-9dd0a2fe7abb,f6553d94-7895-485a-8d6e-c698e755295b,2,71.46,0
b85c112a-94a7-4da4-838c-cb5e789e6259,a3bf7f9e-0938-428b-bc41-9dd0a2fe7abb,c6123b5d-9919-4e66-8ff9-4e47badbfc19,1,1707.23,0
e5416540-4807-46db-81c9-a558da1091c7,d5644f53-feca-4f12-bfd0-e291a980d8f7,34a57b62-d628-4247-96b4-84e3f09eaf71,1,120.6,13
1f9b1279-c34c-4540-9ffd-9edd16ddf11d,bc94329c-d0e3-45f4-a67f-ec69a1f0173c,85198312-5247-4183-a3ad-d9c1575d9652,1,1304.82,0
162d182e-3287-4c7d-a3d3-09f5a608e999,bc94329c-d0e3-45f4-a67f-ec69a1f0173c,a075c6ee-d08b-4179-9b1c-4d4e1d2fb5a7,1,252.01,0
59bf0a18-daee-408f-a78b-1b1d535c98b5,d45bd17c-c0c9-49bc-a8fd-d33831125800,3a8f6d4e-cfcd-4c81-be35-05a12abf4660,1,192.65,0
d90306cf-4a63-4bde-b8c5-6e808e667670,d45bd17c-c0c9-49bc-a8fd-d33831125800,2b6c735c-595d-41e5-807e-fdecff496a12,4,564.34,0
7d335652-ea1c-4ead-a4a2-c47cb952ad5d,d45bd17c-c0c9-49bc-a8fd-d33831125800,67b78aff-f9c0-4616-bb9a-d099e4eee069,2,1211.83,0
6b60ff5b-ba57-40c1-b7b1-b4693b3b2251,d45bd17c-c0c9-49bc-a8fd-d33831125800,974580cc-56fe-4582-b5ce-a6ed463cc6ab,2,78.18,0
26733465-c085-4bfe-9a19-130e13986db6,7158807f-f940-4586-b2e4-1505b682802e,0789a6bf-c2e3-474d-a77f-0d2875a95df8,1,278.08,28
7208bd1f-5bd3-4e7c-9aaf-6e112db51ea8,7158807f-f940-4586-b2e4-1505b682802e,92fadf9c-7762-4716-b945-6365d16e6138,5,755.41,0
2e4b9699-865c-48aa-ac5c-9ebc2e7753ba,7158807f-f940-4586-b2e4-1505b682802e,0af8cc35-7dbd-44fa-9a42-1c4265fe3bbe,1,65.85,0
18074ae5-19b0-4da8-b72d-236d2801f748,7158807f-f940-4586-b2e4-1505b682802e,dc43f4c5-0e6a-40f5-8a7d-58d2b72f3c63,1,1367.18,15
6e7ae912-4e65-43d4-b62e-218b44616b38,8e43bcdc-5600-4882-9833-7794919c0014,b1c30b49-4d01-48c4-aea3-dfae720d6b60,3,212.36,11
eaa8eda9-081f-4dc1-9521-1e3254ae7f9e,8e43bcdc-5600-4882-9833-7794919c0014,d31e89ec-361e-45b3-a070-5e7792ef463f,1,164.2,0
e9f0248b-4c11-4142-bfe7-0d857a8d558c,a052de01-c25d-4651-9b23-a3ae3f42e405,0b04bfc9-a72f-4160-8f98-dc57c5e85248,2,179.91,0
a9bac2bd-84db-4521-be0b-1c95e7728306,3fc187e1-d5c4-487c-8718-f5660f2ce357,234713b0-7d30-4179-9d93-4bddee81578c,3,478.71,0
0181a0e5-4480-40e6-a74d-39436800979c,3fc187e1-d5c4-487c-8718-f5660f2ce357,4023cab6-a913-41b8-bcdf-f9e9f74ee1e8,1,176.55,0
094a4547-65b9-49f3-a389-4ce963d03737,3fc187e1-d5c4-487c-8718-f5660f2ce357,44ee22b2-438b-42c3-a857-1286cdaf210e,2,226.03,0
7ed5be59-9aa1-4648-8b78-2cadcf601bf0,b1068c3a-4db7-4cfb-a165-45e13f5c1f28,3d7c7655-48ae-4188-99b9-fa08da7a5fbd,1,187.49,0
4e0d6c2c-297f-435f-bc4c-3056322c5bb9,b1068c3a-4db7-4cfb-a165-45e13f5c1f28,773103b5-5ae9-4078-8411-426f1cc45649,1,569.65,0
d5d166bd-a0c9-4f03-a10c-9d2302e9ebdb,b1068c3a-4db7-4cfb-a165-45e13f5c1f28,7e0f62ba-213a-4299-8e58-4178dd711264,2,218.08,0
9bb5fba3-6d4a-49c6-b270-47110aca4ae0,b1068c3a-4db7-4cfb-a165-45e13f5c1f28,3b772241-c355-4237-bd6c-ff1cfdaf279c,4,68.12,0
c9aa13e4-7044-4667-b654-79ed70e9ff95,2ef3182c-43f8-4b93-ad18-c996c25b9026,3f601b35-5a1c-4aed-b676-ad4b3f649416,5,72.24,0
832e37bd-0481-47ab-9e48-2fa321b48469,2ef3182c-43f8-4b93-ad18-c996c25b9026,2540f7c2-dbee-4d06-b285-ea8495288d13,2,515.36,0
d9d1fcd7-f088-4913-86d8-294e0f03f5fc,75c46523-f946-458a-b09b-e750bf0e46a1,4326be5f-4934-405a-a1a4-3f67ece2cef0,1,794.37,0
64f8736c-7d06-4134-bfff-cc891386c22a,75c46523-f946-458a-b09b-e750bf0e46a1,259e7b95-53c1-44e9-a227-280ca4966971,1,1030.62,0
672927f3-eef8-4aa9-afd7-3a2fae38a7d9,4f2b2690-0509-48ca-8e18-224a1d847fb4,cc3e147a-c43f-40db-a4aa-a74ffcb6de85,2,88.56,0
85f26bc6-555a-4d50-b1f9-ba767a34a4d1,4aa87d41-8fdc-45ff-9dc3-b5526bc1518e,2c9d811b-bb25-481f-8e21-d888b4e7882f,1,1005.1,30
14233587-449c-4ca0-84d7-dac3d8550e90,4aa87d41-8fdc-45ff-9dc3-b5526bc1518e,1761b077-b42e-456f-ae70-80c8553b7122,3,416.51,0
778db5d9-f52c-4df8-b9e0-a3b66f97d146,4aa87d41-8fdc-45ff-9dc3-b5526bc1518e,16446ea5-fad9-42fe-9315-9792bc08fe4c,1,237.55,24
cf349716-c54d-4eb8-a637-5535110f0e66,4aa87d41-8fdc-45ff-9dc3-b5526bc1518e,a4b79616-2efe-435d-91d1-3409bbc96c02,3,177.44,9
66bb0f69-c00c-4b86-b9f7-a6b3eedaf4ae,a73f7e56-47bd-4e22-8a9b-b91ff467d0c4,a4bc7820-ff3e-4be9-a9c2-b7a4b1e6da0e,1,26.29,0
e35c3091-587f-4b5f-83b0-ed471b012250,a73f7e56-47bd-4e22-8a9b-b91ff467d0c4,08c75dad-3553-4763-850a-00978d481f46,2,59.79,0
e842eec3-76c4-4bc5-aef6-aea437d7e947,a73f7e56-47bd-4e22-8a9b-b91ff467d0c4,a276ecbf-2990-42e2-bcb5-daea1f61d243,2,1051.11,0
cab7a7ab-55f7-43f8-97a6-51df8b955792,a73f7e56-47bd-4e22-8a9b-b91ff467d0c4,6eb5f1a8-e009-4f4e-bb32-047a1ba6e43d,1,64.71,0
a381614d-b9b9-4e4d-af81-edebdaca8458,a73f7e56-47bd-4e22-8a9b-b91ff467d0c4,b91ade6b-eaf3-4874-9988-ce7a72bf4d2a,1,966.15,0
fa15076e-3f3d-407b-9f4a-64cda9be73b0,1a8166bd-25b1-4afe-a5f0-72a6dc704fd4,8a98c694-647a-4a2d-9359-7f895ae105dd,1,144.03,0
90e94352-65c4-4816-a558-b759eb05a39b,bd81a03d-4b3c-459b-b515-2d71b86d53db,c6c75bee-1cf5-4762-b960-c57547e4973b,3,560.09,0
e7cb4c05-be07-4528-87c1-a6d977025488,bd81a03d-4b3c-459b-b515-2d71b86d53db,f50320b9-a2ed-4cbb-9267-354ba6387cf8,1,335.41,0
f886cf37-f0b6-4a5b-a282-35e914051c2a,bd81a03d-4b3c-459b-b515-2d71b86d53db,8da8bf83-5f73-4931-bd44-3821de79f904,3,42.78,0
f2a2ed9e-333e-4ee0-b01f-a61d0d94d201,bd81a03d-4b3c-459b-b515-2d71b86d53db,22f2db5c-8861-4439-9c9f-6fd953c74cab,1,139.49,0
7a614fd5-7010-4917-ac03-e9a7764de21e,bf99291c-7d70-4612-ba18-be42a2ca4817,6290e9bc-bac5-4fc9-9e02-e8152756d595,1,139.0,0
01f0ffad-690e-4963-a367-6cd8d3cc99c7,85e58e47-2b1d-44f4-a9da-11dbdbcf6c81,fa87ddfd-9689-4c26-a4f4-e731eccecfba,1,36.01,0
36e0e0da-c586-4005-9e12-39614064822b,85e58e47-2b1d-44f4-a9da-11dbdbcf6c81,639f3ff5-7f5a-4bea-be29-0da004835263,3,169.17,0
74a956e8-ea05-4092-b165-61df5fced51f,85e58e47-2b1d-44f4-a9da-11dbdbcf6c81,209292ac-1e13-4d02-8036-3a6d1d6f5d25,1,224.43,0
daa5b573-38df-4940-84cb-1918e0e7cfc7,c9cb8b46-1c3f-40ef-a2e6-a6ee5dc32dc6,f8933d0d-66b3-4e9e-b87d-951241e43a40,2,25.64,0
ade0f7a8-ad56-454a-b0fc-152108b511b2,c9cb8b46-1c3f-40ef-a2e6-a6ee5dc32dc6,6a2ab386-d35d-4b32-a137-e7172df2059c,2,81.39,0
d827c117-a403-433f-9f96-96f9a21254e7,fe406f92-d5e6-41c3-b943-3d8690b73e33,42fb426b-1113-4a97-8570-9121c1e51c5b,1,31.68,0
0615f5d6-a3c3-41d7-b1dc-b316f4665c6a,fe406f92-d5e6-41c3-b943-3d8690b73e33,aeddbd46-d5a8-445e-be7b-625c9640bfbf,1,164.13,0
2446d072-d2ab-44cd-9976-29e0a93c4484,fe406f92-d5e6-41c3-b943-3d8690b73e33,a90e37fe-00ac-45ca-b34a-ddb804b1a128,1,82.65,0
d9022e61-3c50-4c7a-bcce-4a4e7d8b215a,2324b643-6c2b-4621-8738-34cd343ed3b6,335b3cfe-0a15-4761-b38b-eab4b33e658a,1,202.37,14
6aabda15-c1bf-403c-bae0-cae0d73e5327,2324b643-6c2b-4621-8738-34cd343ed3b6,c4ac389d-9549-403d-8190-57d6aba6fb4c,1,24.25,5
93a0327f-3b22-4f8a-a9a4-876f979497d2,6baa37dc-bc55-4a0f-859f-7ab3c9d6cde2,4beff2d7-75b5-49e6-8d69-522ba38fcf2a,1,83.82,0
f6958400-cd64-4474-a875-b356fef694a0,dd00f5bc-dcbe-4f87-9e63-8019ef0cfa1c,77223761-8459-4ddb-8487-cb74f32ed70f,1,48.95,15
a562b0b5-f07f-4c50-8c50-b27072265ac2,dd00f5bc-dcbe-4f87-9e63-8019ef0cfa1c,f0bdc088-5912-4358-a1fe-bbd7ae400e06,1,183.07,0
e33c0dc2-fa08-41fb-8b68-121456bdbe6f,dd00f5bc-dcbe-4f87-9e63-8019ef0cfa1c,2f8922a8-99ea-4271-a92c-46603b4953a4,1,980.56,10
618de035-200d-4254-9917-5d1bf2c98146,80540346-9257-4f10-8ccd-cf997bb2181c,c6454030-7a77-4e74-94a8-96754ccda684,1,735.65,0
730ca22b-34e1-4d12-a499-c2b8fe005042,80540346-9257-4f10-8ccd-cf997bb2181c,9fc547d1-b7fb-4997-bf35-4f1ee409236d,1,123.52,0
1e897fe9-a77b-4c93-b5f0-a660ff4cddd0,049a7fa6-b9c2-43bd-9c7a-e62d638bc9fa,ddcb4f2b-20fd-481b-babd-0cd14bd4fa8f,1,335.3,0
7086e2ee-963d-48bc-9be7-74b229e201f7,51b6676f-e2fc-48f4-9553-00bfca22a0c9,54ab8b47-771f-4494-8050-675d8fc9a53b,1,63.73,0
61923e7c-10f2-4d5e-8f59-564ceba4d883,51b6676f-e2fc-48f4-9553-00bfca22a0c9,d025d2a6-5116-4987-ad1c-5cb8c9cf52a7,2,43.07,0
00f065c5-2a5d-439b-b462-cc7a70f6d266,32957efa-39b7-4d3b-b00d-88ef89d6b458,9ecf27d1-6ad2-4233-8a0a-9483656b50c5,1,464.76,0
175e624c-b3d4-46d1-bcd2-81b585c4572e,32957efa-39b7-4d3b-b00d-88ef89d6b458,ea15ecbb-67a5-4d16-9c8e-7a3c7d665233,1,77.32,0
119ab952-e419-453d-a0b6-08fb9523556f,6b0f1577-5e49-4510-8719-5f4f3913ad51,44412c97-7884-47f5-abc9-adea3ec00d9c,1,1846.69,0
bc0bb29b-cb58-446b-9837-c1f72e2822bc,6b0f1577-5e49-4510-8719-5f4f3913ad51,e75de47c-6815-425d-bcb0-6366ce419818,1,1349.38,0
68f8ec61-0c69-4286-940f-3fa2be29f015,6b0f1577-5e49-4510-8719-5f4f3913ad51,9d9ae0d4-80f7-49db-b496-1f7cae675154,1,282.3,0
125951fc-7d57-4d5e-81fc-2e4ceefc3f40,6b0f1577-5e49-4510-8719-5f4f3913ad51,55f23e61-4973-41cf-83e1-31e118f9016e,2,314.76,0
46374938-bccf-4112-ad90-73b036147173,8decdbb8-bfdc-4de2-b92d-fe96611cc348,a467f8a4-cae2-4a95-82d8-abdb1396b2ee,1,83.86,0
dfc56f1d-e08e-4ddf-9a28-6b90c0671e28,8decdbb8-bfdc-4de2-b92d-fe96611cc348,8af354b6-a3c1-47d8-98b1-ecd3f8efd83f,1,293.51,0
68744e53-e654-4e21-b51e-80a95eb93dc2,17dffede-e134-4b08-ab9f-3c15f265dd3d,8835e7a8-3bfe-43f2-98eb-24add9c6ba7f,2,40.59,0
c9ed6af1-02e9-4223-abf0-1f800c787f49,a9e88340-beba-46fc-9607-5de32ae7e100,dd5e16e2-4cbe-483f-8fb3-722fe978a4c3,1,518.29,0
8228d832-a70c-4461-8997-79e6be59bdba,a9e88340-beba-46fc-9607-5de32ae7e100,31fafd4e-3275-427e-af12-9effccbc2f05,1,215.34,0
6c1f1330-d33b-46b7-9355-d01a25543245,c2673cc3-71f3-4d64-8c81-e762c969a8b9,d4aa2586-48ac-4fe8-863b-51dd0671a257,2,942.45,0
6fd244ae-cf01-4f34-a884-ea72e60e3dc5,df038a87-c936-4144-83dd-f6a6925bf184,240d853c-6c03-4e79-9c8d-f0252e74c8e1,1,127.92,0
655ca9cb-caa1-46ed-9f7b-9f4ba613c576,21d0dcef-7cb4-4576-99aa-5f188e1ec84e,fa069167-53fa-4369-b460-53660dd2e242,2,62.37,0
b08495a2-9daa-46a9-ba8d-5a81cd98628a,21d0dcef-7cb4-4576-99aa-5f188e1ec84e,df07bac0-140e-43e0-8743-cdc9939c4105,1,22.98,0
5e96f67a-43c8-4567-b3f8-f954d602680a,fa6b2ef0-d86b-49c3-8483-7f6bb855f5d4,bc40570e-d9f4-4a63-9870-69f371ce605e,1,346.98,0
f1e0a026-3537-4d3c-af88-0e6c4aa518b1,fa6b2ef0-d86b-49c3-8483-7f6bb855f5d4,c153f7ca-e834-42bb-aee5-a8cca5998da2,1,187.91,0
9a192a53-06e5-4b1d-b100-e0e28e8902fa,fa6b2ef0-d86b-49c3-8483-7f6bb855f5d4,6211a9c3-3d6c-4b38-86d0-3c058e025499,3,106.74,0
16063099-1f60-4f17-996c-228f56a8ad8c,6877474a-d513-48a5-a4de-e5059f153da3,71d7a021-9684-4cc5-9dc2-85b266bc70e3,1,778.38,0
0eb605e4-f6a8-4e15-b1c4-a01a939dcb5d,6877474a-d513-48a5-a4de-e5059f153da3,3b513467-a085-40a1-afb5-4c8fc44679f8,5,263.68,0
b001fe07-af8f-45f9-b46a-ced8c87b09c3,6877474a-d513-48a5-a4de-e5059f153da3,d98d0a8a-6b14-444e-af67-7fd9f84f18f1,2,566.67,0
ecc0ee3f-56d1-4c6d-bf40-839e99a2a86f,f186e5ff-1ddb-40b2-86e1-15d97cd4aa69,bbedfeef-fe02-47d0-ae9d-8d2c2d1aff23,1,114.69,0
25c134cf-f524-4f64-8ab6-0fd75a9fb8df,f186e5ff-1ddb-40b2-86e1-15d97cd4aa69,3364aec5-a3a4-4074-b49c-5aed5c4b0c06,2,111.87,0
399eac6d-d610-4410-a1bb-31a0ae34aaef,f186e5ff-1ddb-40b2-86e1-15d97cd4aa69,1e34aeaf-3e7c-4706-bd64-14ec7e0ebc83,1,803.39,0
d6936d7f-7db5-4088-b2de-6aa3ff550d12,a6fcacf3-ad7c-46b7-93e5-f4a268503825,0adb6d73-0ae6-48c6-8449-3664b6be3210,1,2806.13,0
f106df17-7772-4b1b-aee1-5546714e6eba,a6fcacf3-ad7c-46b7-93e5-f4a268503825,83e2216e-864b-4bac-8582-a2a178aab2ae,3,7.76,0
6e14ad4f-811f-429d-b874-e13326b5f74b,a6fcacf3-ad7c-46b7-93e5-f4a268503825,7a2008f3-b1b2-4fd2-86d5-c5aa5ede1696,1,775.39,0
ca672dbb-b883-4d33-a6c2-446f64c6f14e,bee03d52-71ac-4dd8-8a79-f1ba269f11f4,114ebfe6-49aa-4dda-8d3f-b595fbe8e938,1,566.03,0
28ee84c5-6cfe-4f29-a46f-476115063841,bee03d52-71ac-4dd8-8a79-f1ba269f11f4,88393bca-8fd0-47d0-8c22-b927148ead43,1,726.63,0
f387e3e2-a6b7-4832-9fdf-e53b2362ed49,bee03d52-71ac-4dd8-8a79-f1ba269f11f4,d16e2e13-98b1-489d-9225-fa48933ce2ca,1,181.74,0
54aeee51-4d57-49e4-9b66-7566b2cfb246,5c88db09-45b8-4d40-af1e-79ab2b8b9fea,fe38a7eb-661c-4177-ba58-492abe8cba08,1,111.67,0
9c44d36f-2fd6-4b04-8f3b-1e66e9d3e8b5,5c88db09-45b8-4d40-af1e-79ab2b8b9fea,004bf763-fcfe-4333-90ef-c910fb5db024,3,349.72,0
ce39ec22-5fff-44eb-bdf9-532aa2ad5c02,5c88db09-45b8-4d40-af1e-79ab2b8b9fea,033c2fce-c364-4c7c-b4df-88c7eff3f8f5,3,481.8,0
df43fd6c-827d-49d2-bce4-ccf4f5994b56,972b4cbf-e300-40db-9a3d-646c4a3977d0,47ea17bf-307f-4df7-80f6-943182209e9f,2,58.16,0
0bd34308-f501-4e12-9062-224d47fbbc80,45be110f-6e83-4686-8e57-c2aaee4d9bca,f34ae1ec-d6a5-44fe-b788-ab17fe9318f8,1,42.83,0
f8940f14-94c4-4d93-b324-353616e05347,45be110f-6e83-4686-8e57-c2aaee4d9bca,c648ab79-ad52-4415-bf04-3af30b3572df,3,270.14,0
519d16dc-3ef9-426f-bb4b-e513bf079926,45be110f-6e83-4686-8e57-c2aaee4d9bca,8e0bc92e-defe-4d0f-8c0b-f3dcf453a4ef,1,140.18,0
21885848-9adf-480a-a3d4-0522a4d3ce83,e2f64f1b-838b-4119-8a2e-3e765e972fd8,4c1ed3b7-dfe4-4ffd-9e13-7422c1144974,1,11.29,0
77189df0-d157-4045-b066-244ac6e3eed1,e2f64f1b-838b-4119-8a2e-3e765e972fd8,92b1debf-9883-436d-a046-05678949bf4d,1,31.43,0
45f5d0ce-de2b-49d2-9806-5ea42df07d29,9e24383a-081c-45e4-9f7f-5d1861665d4a,4dc38558-9677-4472-8635-3bb4d9ad80bc,1,115.01,0
138a6b00-4bdf-49c6-93f9-30ffd7b07165,def9759e-55af-405e-b4b6-cdc0cfec2f7f,9f817bd7-a810-4c7b-81db-98ab6d9c0b6f,2,28.48,7
0b291e41-f657-4c85-b280-eed8984d9d98,def9759e-55af-405e-b4b6-cdc0cfec2f7f,8271077a-dd57-4551-921f-73e02e161354,1,164.12,5
bc66532b-bd97-4c06-b2a3-daaca58b2908,12f72a5d-e66e-4e54-b23e-ebdb190dddab,5271ddac-e350-4ae7-8a45-27e173089a33,3,723.96,0
533e0633-0dfd-4287-9b39-b9a4757f51ce,12f72a5d-e66e-4e54-b23e-ebdb190dddab,1cb4eb04-7442-4949-9a2a-5a65d9ec8110,2,492.91,0
71bd907d-2327-42f3-b5da-50401f35b01e,a406dd06-44fa-41b8-becd-36f3076d46fd,fbc2a0fe-c435-4909-b1ed-2df8d389874c,1,44.53,0
3731588f-46ff-41a8-957e-f9c533513ca5,a406dd06-44fa-41b8-becd-36f3076d46fd,321a67d7-251d-4de1-8e14-4ba23460e807,1,1063.99,0
f72cda50-7bba-4019-9f01-cd7d4b3a7e29,cafc6858-b151-4ff0-8b98-53fe3a168348,fa3c41a6-8c7a-4a7a-9122-7d18594d9893,1,255.14,0
00bfb905-495d-4c27-92f3-378914e14ff9,e0c34c1f-fbd1-499f-a337-ab12b0c37d17,cad92875-65ee-45aa-827b-942de7b6311d,2,43.09,0
703a3092-8946-4d74-a5ff-c331333b3fbc,e0c34c1f-fbd1-499f-a337-ab12b0c37d17,c23b6cfb-4f48-4342-b632-c108b1fdace8,2,1510.7,0
ebd35752-6339-477e-be07-eb6014737e5f,afa5c116-6c29-4be0-bcf8-ddb95f849751,2709b3b3-258c-4051-8694-b4c37ffad484,3,449.45,0
8ec33022-e330-40e0-802e-35c074bc2fa1,afa5c116-6c29-4be0-bcf8-ddb95f849751,4280ff87-55a9-4f71-b89d-18950558283d,1,155.19,0
283ccbb2-b520-4e67-9374-9dfb5499b51e,afa5c116-6c29-4be0-bcf8-ddb95f849751,d2f4d528-d84d-4fea-b3c3-bcc41c2b3b83,1,277.83,0
52302f32-6101-4de3-852e-4cbed7f7a2fd,4f718d5c-f77c-43c4-ac10-8b414b4c81ab,a41b53fe-f221-446b-98a3-d633866e2840,2,103.75,0
c1bde69f-79ca-413d-ad5b-3f2c4de793b8,4f718d5c-f77c-43c4-ac10-8b414b4c81ab,e76d5865-0394-4b44-9c48-450d1badde90,2,23.66,0
84f2024b-05bf-4d7e-840c-f898354d0103,4f718d5c-f77c-43c4-ac10-8b414b4c81ab,2cbd4269-e441-4026-a86f-7193790e23e7,1,458.87,0
d994586f-91d1-43f0-8a43-94082d656e14,4f718d5c-f77c-43c4-ac10-8b414b4c81ab,8a1e2618-88da-418e-bead-fc3bd6bb8f74,2,104.88,0
c28a48f9-f773-4987-bf49-6b63b68416d4,7adadb2a-566a-4b3a-a0b1-5031d261607d,c82611eb-6808-40e0-87c4-4a62e66784b2,1,378.05,0
db1046cb-99ac-4a46-8a53-22a1ec351dfc,7adadb2a-566a-4b3a-a0b1-5031d261607d,2742c196-4343-49b8-b642-914b2fcea9ae,2,217.6,0
80037a18-26a9-42ea-9d6b-1e113faacded,7adadb2a-566a-4b3a-a0b1-5031d261607d,d88b6458-788d-47bd-a846-8cdb628943f3,2,122.93,0
9cbd480e-80af-499b-b050-b230c5433de9,66638a87-1108-4695-b4c1-ed1937e46d14,066cb960-6395-4e20-aa53-ee2b1204c310,1,30.69,0
0c0e7bc3-f2b2-41c1-9594-24cffd63914b,6493b3dd-5db7-4f61-9cfb-e4940a0e428c,66c35290-61d5-4b9d-b264-fd5ed4f2f235,2,24.38,30
51f93a1b-724b-4589-9b93-9e7a0facfac1,18c0ecc0-99eb-4425-9a7f-03fa1df27991,6e955c60-daa8-4550-9cd2-d4f7cfd1ed03,3,479.3,0
2bcced9b-6384-4d19-8d62-0e163f7a589e,18c0ecc0-99eb-4425-9a7f-03fa1df27991,d96a1672-6c5b-43fb-a157-a680ec044f9c,2,899.49,0
f332a489-1725-49e1-ad7f-c23dd45d3159,18c0ecc0-99eb-4425-9a7f-03fa1df27991,fbd02eee-3c30-4e71-b792-4f3f42be5516,1,142.06,0
c6a316e8-14a9-4108-a783-b75460536976,19f02b12-86ba-43ec-88eb-b1a4f730bf93,3db8e256-18b4-41f4-81de-25b318e28094,1,460.37,14
fcf8c5b9-c6c7-46ba-9903-dd94de13d422,19f02b12-86ba-43ec-88eb-b1a4f730bf93,7ada296a-6fd7-44ab-b405-53913c5b777c,1,121.27,0
8e2d8853-2578-4481-b585-40e6ae57baec,19f02b12-86ba-43ec-88eb-b1a4f730bf93,a64b5f9c-2887-49ce-a3b1-f17d36492545,1,58.35,0
28f1cee4-8ab9-447d-bd45-e4c28581000e,590c10d7-9f43-4657-b925-51e861c6ff57,31fafd4e-3275-427e-af12-9effccbc2f05,1,194.07,0
e69d7b79-5079-4e79-a192-d64a1bb72575,590c10d7-9f43-4657-b925-51e861c6ff57,d3fd7c96-8e24-414f-bb71-2c39d90ccc43,1,523.82,0
0aebea40-4af9-426b-94f7-0d0d864d1feb,590c10d7-9f43-4657-b925-51e861c6ff57,f57d18b4-2914-4c60-9ac6-4c3d7f23e38c,2,72.99,0
45811001-41bf-459a-ad9a-707659df72bb,f961c107-05c3-4139-8913-1f8e6d718d49,6b71e25f-bf9a-4d89-bf05-bd8ad48aa6bd,1,447.54,0
484e02b9-9ee1-4ea8-977d-c2fabcce83a7,f961c107-05c3-4139-8913-1f8e6d718d49,a82ca965-b4a5-4a24-8aba-f0614bb51da4,3,131.13,0
aa22746e-d03c-4529-8d3a-00e153892a5c,f961c107-05c3-4139-8913-1f8e6d718d49,f1117a6c-6eef-47de-9433-f27f83fd19dd,1,613.06,0
9bba7f91-de27-447a-ad94-84d6bca184a7,f961c107-05c3-4139-8913-1f8e6d718d49,64cf8842-7127-45a2-94ae-c00701fc4536,1,59.94,0
ae86d8f4-b0e3-4324-90c8-529e831428de,a698ad0c-ab48-4dcc-8871-5b777be054aa,a1500cec-a855-4919-8637-743d96ec82ae,2,126.96,21
3e86900b-104a-4af0-a52f-8df11e51a88f,a698ad0c-ab48-4dcc-8871-5b777be054aa,1f7a6d2c-5011-4213-a3a3-b5f7b8a96931,1,21.21,24
175d6426-dd49-40f7-ac61-48ca1dd58e04,d078504a-53cc-44f1-9ab5-7f6559c45b85,e751ead0-2178-4676-bd95-6f4cb4d29ce6,1,55.2,0
a3c66fe0-563e-4570-ba85-8064ca5da45d,4bba904d-31d8-4cff-9f3e-70e93a5d647a,9e755948-e365-44d9-8ab0-957323a20e44,4,195.22,0
d17a1ad0-a6f4-4b72-bd6a-a51289f9f894,d7eba269-fb07-46b7-af0f-8383bedf8bc5,faea3cbc-3657-4091-be47-bdaa56770e0f,5,537.29,0
b98d4d89-9f86-4ecb-8ddc-34e562e91901,d7eba269-fb07-46b7-af0f-8383bedf8bc5,335e3c9a-d007-4c54-8512-1bc0a778119a,1,35.85,0
2561beba-e015-4b35-936b-4f9c96d24f2e,d7eba269-fb07-46b7-af0f-8383bedf8bc5,7b65f6a0-459d-43ac-a0b8-9cf50f300218,2,1233.75,0
05bc1b0e-7fb5-4351-9e7b-ec742facf362,81fcffff-4b81-4909-8aa1-f54a4b63a053,34000166-d7f4-4759-b8e3-832807fc6d0d,2,148.81,0
76374dd2-e1c6-4d73-a7e9-42fddfa4b579,81fcffff-4b81-4909-8aa1-f54a4b63a053,49e5c8ac-f88b-4624-9e72-14c1716d2d6e,1,28.28,0
856af68b-8934-452a-b086-effdcdf44dd6,81fcffff-4b81-4909-8aa1-f54a4b63a053,d775aa95-1fa0-4af2-b4ba-fb861cff6518,1,71.44,0
b8047f37-9ea5-4e44-ad83-42cd173482ce,81fcffff-4b81-4909-8aa1-f54a4b63a053,9929fc44-ebd4-406c-ac23-7fd3d69c9a71,1,86.14,0
4bbbfd66-9f48-4e2d-bca2-7d922c4ec85a,ea6c40ca-098b-43db-b2f0-9535ce7ed5cb,c28fa685-8894-4d9f-a038-778a1bc33bc0,2,141.74,0
2d3feafe-c1e3-4ff5-b832-421b3520505d,ea6c40ca-098b-43db-b2f0-9535ce7ed5cb,8eb9b86e-983d-424f-aaa6-ca1eadc9c0c4,3,297.76,0
8f70823f-050e-4259-96eb-2ef935ff67e1,df423847-c74b-4ec1-9256-2ec322712f10,c52cafc0-fc50-4fe2-b540-16389e8f627e,1,25.56,0
6bcc3eb4-a52c-4a1e-9a36-dbbf55cf7a73,c79ff341-761b-40e9-9eb8-1e6a5bd1d19a,1a9430d9-4b44-4f33-a2eb-eebfaaaee757,1,28.29,0
07deefd8-cf4f-4e92-b441-ecfc28a8b882,c79ff341-761b-40e9-9eb8-1e6a5bd1d19a,f1117a6c-6eef-47de-9433-f27f83fd19dd,3,641.49,0
743d41db-af5f-45ab-9ccc-07664c26d491,731ddd7e-de92-4197-afbe-d69824e10086,6a0945c1-136a-461d-995a-556bcf1cc22b,1,118.73,0
83d6f0e7-d484-47b4-a337-05145330b72d,731ddd7e-de92-4197-afbe-d69824e10086,8d9a032c-87f7-4e7b-8444-e3846eee251f,1,420.05,29
2bd3f2ee-8f93-4c5c-b363-ecddd2507efd,731ddd7e-de92-4197-afbe-d69824e10086,ae6372cd-3016-456e-af38-e8222120b60a,1,89.59,17
2ecb3044-8cd3-4ce9-b24c-134fc6dcd496,e49a0dc7-aaf1-4844-a5bf-4f84c6f7d346,82be65a8-f1dc-4dce-8939-22ee9a2ff526,2,18.14,0
f004afe6-1041-4e0e-86e9-1d3ac9342e4f,e49a0dc7-aaf1-4844-a5bf-4f84c6f7d346,b68e5978-8404-49a9-89ce-a507a9a50996,1,17.78,0
eba5f18c-27e8-41ae-ad77-b8c84d5d3095,dbe83634-4ac9-4fb9-826a-5b914a6f708a,a7f98613-bf7f-41ce-bd40-0b4563a73edd,2,91.93,0
64062f46-03a1-4afa-b194-9ad7602fd7fa,7bca0ffc-3eb2-43e2-8a7c-b502ae25b7b4,e9bbb5ca-f991-483f-a8bf-bd17fc29a88b,1,181.03,0
3c618568-24db-4057-8a38-d26384f93007,7bca0ffc-3eb2-43e2-8a7c-b502ae25b7b4,0813ffbe-d153-4c54-b121-f333746c304c,1,910.84,0
35c5e396-5193-4eb0-9a80-ac7ce6fe1626,c73177fd-da2f-463b-b3fe-8fd18486fc4b,e68f423a-78be-49ec-8347-109d1ae7aa12,3,13.12,0
80f4a0de-534c-4cbd-9f36-b43cc04ec01f,c73177fd-da2f-463b-b3fe-8fd18486fc4b,1f2e37a7-85ab-4e0f-91ba-fc6d65bc78b3,1,1897.5,0
671097a9-da34-429b-926d-581ca555b611,c73177fd-da2f-463b-b3fe-8fd18486fc4b,1466c449-a866-4926-aef5-8b9cd77672e2,1,375.08,0
912db4ee-873c-4eba-acf3-67accb9714a5,c73177fd-da2f-463b-b3fe-8fd18486fc4b,5efb081e-38a7-4928-8d23-5d8199819c71,1,28.96,0
425d4d69-6b8e-4ce8-89ab-f27023b797ea,0b7c2d61-347f-46f3-ab10-3c1f90ef0ce8,b2b7f734-59de-4b2f-9ff4-b5357d9c73db,2,66.8,8
d23373a9-07aa-4923-b3af-a59177103245,c5ac6ff6-f5fb-4403-8411-675bd877361a,875b224b-ef5a-4ee2-8d90-551c66517a4e,1,126.89,0
d8ca82db-916d-4cb5-9713-bb3dd7cec521,c5ac6ff6-f5fb-4403-8411-675bd877361a,0073fd12-cf66-4103-a403-6d4e41727e58,1,809.05,0
df4a7158-2555-4645-b091-cf2fb46ac83d,ac852088-0791-4fce-9786-674a3f9d344a,e4d9672c-601b-4a9f-98fa-f90e67e04d59,4,267.18,0
d840780a-68e4-4974-809e-55968a4814b0,f76df4fe-b242-49ba-bcab-a52561cf5456,beab71e5-209c-48e3-a074-34609d2204bf,1,151.74,0
ad7aa228-be22-404b-9ac0-780a7786e0d4,5922d554-10b5-4ec1-8739-741f3673b365,e7b8b735-16d6-4b8c-8f01-7b07fc2804c5,2,736.02,0
9326fabb-2bcf-44aa-b25d-5d56a2edb310,5922d554-10b5-4ec1-8739-741f3673b365,feddcee5-f200-4600-8bac-d2c89cf7cd25,1,23.43,0
2e98d6c8-d7b5-4c79-b9ce-3c05e62e0026,5922d554-10b5-4ec1-8739-741f3673b365,9d831634-7d90-4ca4-bee9-3aced3e64474,1,390.05,0
9a99a8c5-5fc4-49f2-bd2a-bee18c272c7f,738859a5-189b-416e-93de-1be0c326bfbe,ac78f81d-fdc4-499b-84a6-3542f1d2a3b8,2,167.49,0
dc1cb8c4-de82-4b48-a168-3cfbf9202419,35d8f697-557e-4c65-bfcb-291d7633b5ba,f26bb430-90b3-4eb5-9d43-8f42a2b86eba,4,111.41,9
aa581766-7a13-475b-8473-085fdf3cfeee,b69bc1bc-bf17-4261-8a64-66c0fba355ab,298e6fd4-8fb9-4ab5-a316-2a8ce05ae633,2,49.01,0
10f0f212-aebc-4b34-8c96-2495b741ffa4,89394689-cf58-41e1-bf99-9d02d554b97d,74661393-9df6-46c9-aaf3-5796ef3238c1,1,26.37,0
0d39bd8e-b208-4234-bd14-af82a12ee4de,89394689-cf58-41e1-bf99-9d02d554b97d,d93d1ba5-efe1-47c5-8d1a-25ec671804c1,4,72.7,0
1d0e93bf-4f9a-4be7-88b6-385504a8de80,634c57dd-aa98-4142-bbe4-e046dc39be03,03878f47-a809-48ab-b496-d09c3df203c1,1,1983.48,0
7d9eaff6-3b58-436b-828f-1efbdc7cab68,78013119-8a4c-480c-8108-a2addfbfa894,79dd1461-a718-4cf9-bc1b-76b8d3c0054f,3,1719.85,0
b892eedc-65c3-42f2-8728-a1728971d976,78013119-8a4c-480c-8108-a2addfbfa894,bc28286b-6e06-4b5b-b539-24fbe72571aa,1,186.0,0
4997f37b-d72a-4282-936b-784e7f27882d,78013119-8a4c-480c-8108-a2addfbfa894,c01d354f-470b-4dfa-b6b4-2e1f21632511,2,29.05,0
451860ad-8ef3-4877-bac1-bfb44e664143,78013119-8a4c-480c-8108-a2addfbfa894,9cd476d8-8f81-44e1-ab18-066c140e12a3,4,8.43,0
213be133-cdf2-438e-8ea7-5e7b87e9a741,78013119-8a4c-480c-8108-a2addfbfa894,fca3315c-278d-49b5-a65f-d796432dec0f,1,83.0,0
4514aaf1-6c2b-4cee-b576-47d30dd9e071,8fac1f45-f059-4b18-a6ee-a2a2f308a9cd,f3af2332-17cf-4bc3-b2bb-d228baf4ab53,2,115.01,0
62fb3898-a537-4837-9750-2866f8039f9e,8fac1f45-f059-4b18-a6ee-a2a2f308a9cd,f03cadb6-d5a7-4da9-953d-b870fe702653,2,139.58,0
496ebbd0-3aca-4598-930a-1cad33f3c55d,8fac1f45-f059-4b18-a6ee-a2a2f308a9cd,0572d75f-f278-423f-9d34-a7f8eb8775a1,1,156.97,0
1c1c2e91-b30d-4d22-916b-ef606ad45fef,8fac1f45-f059-4b18-a6ee-a2a2f308a9cd,164b3db4-6995-4caa-af27-c7790098bea7,1,526.74,0
6d0c4458-b023-498d-934c-611d7a378886,8fac1f45-f059-4b18-a6ee-a2a2f308a9cd,4e3192e8-e37c-4f85-9e86-a42544bf3c34,2,126.93,0
940d513c-0000-4992-860f-acf35314e492,e74b87cc-5fb2-442a-8072-374028254974,24479238-c5fa-45b2-82db-86555920b769,1,1855.41,0
00669785-88ca-459c-a345-ae386b184229,998dc442-e648-406e-be83-b420f2f81c01,e9076be3-3794-4ffa-bb6f-b52e45a7e70f,1,31.79,0
c78afe8e-5264-4fad-aad9-dbd58b02d4ca,998dc442-e648-406e-be83-b420f2f81c01,1b6f1326-c264-4b9a-92d3-6df7e228d077,2,253.32,0
cb80cb78-3c0f-47f8-a656-9b3b86cb2840,af88331f-a89d-4e4a-9624-0ca7001bcce5,7557dc91-8544-4fe5-9ce5-4b61f06f719c,1,24.93,28
c1a691e9-bf81-4d99-bc5d-f449553ca294,af88331f-a89d-4e4a-9624-0ca7001bcce5,03d7881b-69d2-4592-9741-1764541cf7cd,4,85.26,0
83f80868-8e02-46aa-ad1e-6c6b56336b00,af88331f-a89d-4e4a-9624-0ca7001bcce5,413e1d47-505a-4d76-817b-742697f92d1d,1,1208.38,7
f66a1530-ccd4-47e0-8757-4e0d93bb3e85,bdcb7837-cdfc-4de0-9309-f662b4e02620,94871bbd-40a3-4d24-817a-032c75b1cc8a,1,1486.86,0
5b01aabe-333e-4ba5-98ba-60305f8b494c,bdcb7837-cdfc-4de0-9309-f662b4e02620,7034980c-5175-4a20-a427-2d71bc795b8e,2,41.48,0
b463a082-e0a6-4fd3-9df4-eadb98f5dc88,5bc6f1ac-cd5c-4cb6-8ef8-0c26a047f7bc,d7848d71-3200-4482-8259-e2c0c4c971e3,1,459.9,0
a1e2b34d-65be-4ab9-8fed-9992ff570c9c,5bc6f1ac-cd5c-4cb6-8ef8-0c26a047f7bc,95917386-ae87-49af-84a0-5377750ef4d7,2,52.18,0
a76db7e4-b1fb-4340-a2d1-1bbb67640d63,5bc6f1ac-cd5c-4cb6-8ef8-0c26a047f7bc,966bf468-405b-47ad-9ea2-c4c558345ad1,1,69.78,0
2597541f-dc16-4a0f-8ade-42563eecf69b,5bc6f1ac-cd5c-4cb6-8ef8-0c26a047f7bc,7cdf9d4b-74eb-484b-ac33-1962fbce85d7,2,178.12,0
57ffc8bc-daf0-4b91-bed1-4adac1bf34ae,5bc6f1ac-cd5c-4cb6-8ef8-0c26a047f7bc,e77ac362-b4bb-456a-9dc9-d272255a833b,1,404.11,0
bb3be9b5-a25a-4d93-83bf-79e55152608a,0d297b87-c857-4c75-adde-159ea8898d89,728a1384-b3ed-4f1e-a538-0d0410d9cff0,1,216.43,0
8829d9c4-d2af-4a05-9851-e5fe7b6de297,0d297b87-c857-4c75-adde-159ea8898d89,966bf468-405b-47ad-9ea2-c4c558345ad1,3,71.35,0
e4dcbbf2-4f86-483c-83c7-896f4413dd93,227edd4d-8475-4f6f-8359-999ffb8afc22,5b2ac475-fc36-4e6c-bc21-04df4bb7d0e8,1,28.63,0
5d0dc63c-4b26-4af6-aca1-e65d492812d9,227edd4d-8475-4f6f-8359-999ffb8afc22,b1b8ca14-f199-4130-bdbc-721c01061e16,1,61.98,0
572f255f-bdbe-47bc-9983-2ad75d5b5703,227edd4d-8475-4f6f-8359-999ffb8afc22,ffe70257-51f7-4a8c-b7ca-3f396dcb0a13,3,77.64,0
bc467087-9ecf-4ad6-8442-b7271d685b14,d7a2a5f7-e90f-4925-be32-40ca7dbf847e,a31b3e1a-2e8e-48ad-950b-18cbba902420,1,29.14,0
02a4f5d7-9ad3-4c40-9eb1-413a280697b6,d7a2a5f7-e90f-4925-be32-40ca7dbf847e,0b9919e3-b842-4d06-92f6-c49ea8ecac79,1,57.16,0
1daadf1e-d71e-46c8-b27e-b37f41fad1f7,3c62048b-fcc1-4df9-92bc-38f251c7ea1a,64dafa38-644d-42e9-b77a-3f180aa0913c,1,100.8,0
4696da25-e3f7-4bf0-8701-7c80d78ea7f4,3c62048b-fcc1-4df9-92bc-38f251c7ea1a,3b854c89-b9cc-452f-a673-96b44a54f876,1,52.88,0
56bee300-8731-4d23-880d-4de7a5d4a36f,3c62048b-fcc1-4df9-92bc-38f251c7ea1a,79a52d4e-660f-4038-b693-f35ff6a0a9cc,1,148.64,0
3fef1d40-2f7f-4b21-8ad5-10cd2165639e,185a5cdd-4654-4e90-88d1-4001367bbfcb,11209ce2-5ea3-4809-8709-7077ed377ea8,1,121.81,8
e22f1eac-4f81-4211-adc5-4cc8854b5cb0,185a5cdd-4654-4e90-88d1-4001367bbfcb,9175a0db-4ee6-4fee-b5a7-1ca88e2ad2b2,1,68.06,7
52a47ba5-7c13-46a3-b64d-6b6fbd03162c,f7c7d3a6-f3c0-474a-879b-adc176b9d169,2e86e454-23a7-4fe1-811f-e6244fa1a10f,1,286.78,0
83beedbe-f69b-4cea-b95d-1e078cc02174,894e4e8b-c59a-4a0a-9abf-1e12b1113613,00b27199-793a-4c95-9563-bce98f879323,1,37.09,8
331c5f25-adb0-40bf-a635-5712b7b8b89d,2caf6fd3-f083-4faf-ba8c-a384e0e9c1e1,f18ef8a6-059c-4b20-b555-1c8721422f12,1,34.77,0
6de9f95d-b137-49f3-af47-c99ae42a7eea,2caf6fd3-f083-4faf-ba8c-a384e0e9c1e1,2ca83104-0c4a-432f-b656-8df41fd05d40,4,108.73,0
b54554f5-d2b7-4c85-86b9-a225a1b2a514,2caf6fd3-f083-4faf-ba8c-a384e0e9c1e1,628932c0-fe67-482b-b666-a20815fe07c9,3,36.49,0
a5d0f934-bb83-47d4-ba17-fc34ea6bfa72,2caf6fd3-f083-4faf-ba8c-a384e0e9c1e1,32a01095-fcbc-4d5b-a48b-cfd291581638,2,1200.62,0
ac4c9ac3-7f70-4207-9900-5beff0fd8949,2caf6fd3-f083-4faf-ba8c-a384e0e9c1e1,93ac9027-d031-40af-adc2-277c7b24b1a0,1,607.73,0
cf3ebe4f-5687-4d0a-82d4-9ffac42d7dfc,acccf69f-9fb6-47a5-8e7f-fefaafcea3f0,5ac70792-1e70-4ab1-9e08-6d54376397e1,1,23.68,0
2dec3c86-8f74-4bcc-990c-f06cd96f03ac,9d78167d-a5cf-4131-9299-5a7522bd264f,4d17ad32-2e34-4e75-b7d8-3bdbef1bbdec,2,57.66,0
12dfdd9a-ad99-4199-a55e-ea7823a64132,9d78167d-a5cf-4131-9299-5a7522bd264f,bbb4cf83-4782-4d17-96b6-1d3b8059c480,2,156.41,0
b6f4b697-6ac3-4577-8359-db1e15dd4c3a,9d78167d-a5cf-4131-9299-5a7522bd264f,beab71e5-209c-48e3-a074-34609d2204bf,1,152.66,0
827d7d0b-b07d-4bbb-9e0c-2168201ea3fb,9d78167d-a5cf-4131-9299-5a7522bd264f,114b9106-c953-4281-be17-2c672a2ab7ab,1,141.18,0
d9477683-cdfb-433d-afaf-a20d692c5d58,9d78167d-a5cf-4131-9299-5a7522bd264f,36daaee5-9f83-4692-8358-dc735530f27e,1,19.34,0
e56c44f7-c51d-45e0-bafb-434e148d8537,ffd79ab4-0dbb-4c4d-aaeb-b5db048c1e44,36159ece-38f2-4592-a72f-56f376831ee7,3,373.36,0
84cc3ebd-b4ac-4ce5-9fda-ec808b36d195,9dd067ae-5ba8-48b8-b1e1-425149575435,5c8ad488-2644-42be-a2e2-3c4f0f16d18a,1,216.77,0
d8b5defb-22d5-482a-a166-a87cad255f01,9dd067ae-5ba8-48b8-b1e1-425149575435,d7f9155d-c37e-4994-a632-751187c5d413,3,79.67,0
ba727d02-30ef-4576-a890-8d0c155e1392,28afc00d-89db-4902-a706-c93c6fb28d66,955265eb-386c-4eff-9bf6-ffcc6dde8f4d,1,386.56,0
d1e627b1-9b6a-43c7-9ca3-c86e835a68cf,8645bb8c-c84a-4012-b4b4-6a307d89c0d9,64e6b42c-e6de-45e0-be43-072e696f8d01,2,179.17,0
6e4c2707-28d4-46f7-9b73-74386c1b05a2,8645bb8c-c84a-4012-b4b4-6a307d89c0d9,d64e789d-6c20-4ee7-9e4c-8be5cad736fc,1,357.53,0
3c6628c1-2b5b-40ad-988e-e3dd18075811,8645bb8c-c84a-4012-b4b4-6a307d89c0d9,a6db2a97-b600-41b2-82bb-59d38829333a,2,362.01,0
8c64ef99-d6b4-4864-a257-97d287f0565e,8645bb8c-c84a-4012-b4b4-6a307d89c0d9,8e675ae0-e991-4829-b571-7abc374d6196,1,1460.31,0
04ada85a-6939-4fde-aec4-a645afe21d43,fe332bc6-8807-4c89-bdb1-305e64be2df3,7227e52e-3020-4756-910d-6dc9abb2023a,1,46.27,0
61c237cc-f5ec-41fe-b1cb-c376140283cb,fe332bc6-8807-4c89-bdb1-305e64be2df3,bb1a6729-586f-4d85-98df-f4a43e613d25,3,937.91,0
ae6d30cb-1d76-48d9-a535-236faf56f7b3,69869c53-dfe0-4165-b221-67779ced942a,0520e24d-295d-4eb6-b7fc-47bf6c291d16,1,147.31,0
fafd6ee3-5681-4365-8d6f-bb228be95718,69869c53-dfe0-4165-b221-67779ced942a,9bda4b68-9ced-43c2-ac91-39c6346e26d7,1,41.25,0
4f518af9-5999-402f-a40c-31fdc31e6306,69869c53-dfe0-4165-b221-67779ced942a,b3ac2f1b-0287-4c20-a0a5-6c8ff54d12ac,1,253.56,0
522db8eb-6b0e-4a2f-879e-d5d9792141f5,69869c53-dfe0-4165-b221-67779ced942a,60dec865-0d75-4a68-8197-081ddb81e1df,5,49.91,0
c23ce20f-fd49-4b25-b32c-e8239019f7c5,d8be5f15-fabe-4ae4-91b7-8bf7dbd221db,70338b88-2720-4d1a-89da-36ef85b7e79a,1,362.28,0
fd586851-8a68-4b88-a097-c3e67a2131c9,81bf85b8-7eff-4691-bf19-208866aa112d,0caafa3a-e804-4fd2-a336-d669f900feb3,1,738.75,6
7cfc3071-9cbd-4945-b400-1a9d1285bebe,81bf85b8-7eff-4691-bf19-208866aa112d,c1f38272-13ac-421f-944a-c5f1ef76d460,1,122.02,10
3e632ebf-a5f7-410b-9d75-bc069267553f,81bf85b8-7eff-4691-bf19-208866aa112d,4217d3ff-6e1f-4a91-9f1d-e2603e24a4c8,3,433.83,27
f083843b-af1d-48bf-b190-3926aeae7a85,1f8e20af-2310-4e52-ae0a-33e9a61f1216,24b187bb-e8aa-4665-9230-aacc66a3ef2d,1,739.86,0
f1da5a17-d188-4a91-bafd-7147eac35748,212a9b11-3838-47b7-8bbb-76d6bf0e3b97,5e4b67d0-c0f9-4fe3-a181-70a70d6e7834,2,170.81,0
09733039-6fed-46ad-b5ee-9a419d9f3c8d,212a9b11-3838-47b7-8bbb-76d6bf0e3b97,344a1fb4-216a-4322-b62d-4b654d49a05a,2,30.34,0
28f8931b-18c8-401c-8329-eded539d2530,0898f950-d227-4f8c-991d-11be1cbadeeb,5ff1dec9-0cef-4ce1-8b33-b3454d683b0a,1,211.71,0
ad574d2d-0ad9-4c15-987d-dcf2d10f23b0,c1213f3c-3f1e-4e55-8aac-d623f72eb407,1e527453-81e7-4de8-9271-02f1ad0fa362,2,207.3,0
12775f46-4deb-4bfa-b7dc-0cb49279d8f4,c1213f3c-3f1e-4e55-8aac-d623f72eb407,42e37fd9-46c4-410d-8679-6f07921104f5,1,187.3,0
4cd01fbc-f748-48c0-9e27-4ac6061db6e5,81942968-5947-4258-b101-995f446630d5,83bee226-da7d-415d-a730-bcce271df54f,1,193.07,0
723a4263-1df3-46b7-b070-0feb4022b1a0,81942968-5947-4258-b101-995f446630d5,104aff42-2397-49fa-9f53-494b9fcb2843,5,84.79,0
b1fb1dc9-ab5d-48f5-b55c-44e328d6676c,81942968-5947-4258-b101-995f446630d5,db6d5e1c-9912-4b19-a69a-5bcce4d62af0,3,815.04,0
54665d91-1c83-474b-a766-add83aeabafa,2eb021b7-512b-411a-b7bc-516a3f3b5a5e,146e61df-1072-4d63-8746-81e9f4c58809,1,1852.39,0
b16316e2-6f44-419c-a7bf-a63c578ef6c5,fee302cd-9321-43be-80f5-4ec7a81039ce,dab69893-b807-4079-b233-cfab1a19f447,1,64.17,0
773dea5c-55ab-4aa2-ad42-8ea42add95ab,fee302cd-9321-43be-80f5-4ec7a81039ce,1c51d3c1-8ddb-4ab2-b8ca-b59bfc95e230,2,570.28,0
0279e4d4-6415-4c0c-bf71-fe4e06e3a369,fee302cd-9321-43be-80f5-4ec7a81039ce,1b365a9b-efb2-4a49-b4d8-be7b69751cd5,1,52.38,0
221052f0-cb43-440a-9bc9-6c5e7724aa15,741460d0-6161-4f0a-8c5d-34e719b960df,357abb7d-58d6-4c91-8b8c-496284048a0d,1,20.78,0
1f3231b1-2cdd-4574-aacb-0844fc1510e6,66da1db6-ad6f-45c1-a795-8a4252b2ba8d,dcaf8ef8-c8be-406c-a2ce-e5b6d2d9bbeb,2,133.86,22
399d0dbe-e5b8-4953-aa12-0a8843eb918e,66da1db6-ad6f-45c1-a795-8a4252b2ba8d,dab69893-b807-4079-b233-cfab1a19f447,2,70.17,0
8a1f02cc-5a76-40d6-8e03-278d2d2a70b7,7e98b8e2-d849-4c35-a147-4d7c1783dc1f,a5d2ee3b-f138-4e2c-a9be-6a4910a6196d,2,22.8,0
247c98d1-1959-4bda-b746-ee0d3e897abf,7e98b8e2-d849-4c35-a147-4d7c1783dc1f,dbb4f8f7-9b97-4658-bfa5-ab7566c404c7,3,222.55,0
d2c1b6b1-223b-412c-8a82-33d269385ba7,98d92f55-85af-4e2f-ac34-b4d222607c01,7b8b67c2-aced-4ee2-96b3-ad3419151cca,3,1295.11,0
6d646483-afb3-4be8-8bb9-0428e13de3e8,98d92f55-85af-4e2f-ac34-b4d222607c01,1227258a-6c77-4dd3-988c-1f0800ea0839,1,84.13,0
a2a9b5a4-735b-4ba1-8a95-4e17f795b8a8,98d92f55-85af-4e2f-ac34-b4d222607c01,ec008a85-6b7b-44d7-96eb-8ba1daf179d2,1,474.48,0
f08d286b-d3a0-40d4-9fa1-6ca1da65d501,98d92f55-85af-4e2f-ac34-b4d222607c01,657291d5-c204-4a22-ab81-eb993557e50f,2,1560.81,0
0f88e4a5-6708-4047-850a-d9630b807a25,fbac43ef-1690-4cba-b512-8d1c9815e7a0,2ea600ff-242b-4459-bb62-47a5cda7db55,1,138.97,0
c4260264-c83d-4ba5-9182-f68631448b95,fbac43ef-1690-4cba-b512-8d1c9815e7a0,db1e415f-37b6-479d-b110-e9f7c0936033,1,32.45,0
a4ecfd33-3108-4d9c-b1d9-3ac682f145ca,fbac43ef-1690-4cba-b512-8d1c9815e7a0,94871bbd-40a3-4d24-817a-032c75b1cc8a,4,1356.84,0
6ccf7307-5a42-46f9-9ee1-115acc6e92d8,fbac43ef-1690-4cba-b512-8d1c9815e7a0,8a1e2618-88da-418e-bead-fc3bd6bb8f74,2,120.85,0
290c0809-8a46-4e47-a744-c52f3e34c00f,c9c1e5e7-2b75-4390-baf8-b698b0d7a7c6,057951fe-ef28-41c2-b44a-00387c707044,1,157.06,0
cc64f409-0dd6-434c-8b3a-db0e4de168f0,99eab0ae-b83d-4a26-be87-c3222473880e,0e227c33-075e-4a73-a0d0-c24edcedff23,1,53.91,0
c2b0ce36-f915-4dd4-8c3d-55def61c229e,99eab0ae-b83d-4a26-be87-c3222473880e,5a443e00-3544-406a-ad1e-53fde70b1a07,1,79.81,0
bf032c11-c21b-4810-96da-ffe7dd59f7af,99eab0ae-b83d-4a26-be87-c3222473880e,cef92340-e02e-4231-a686-8c6e5b8fe39f,3,1367.54,0
4557acf4-d8dc-4553-9003-4be1ba928761,155fe748-e836-4e6b-853a-cb7220f186c1,b6a6d5d3-0667-4c85-af96-2616d5886b22,1,16.32,0
7bf0d547-89d2-4580-a428-19782487f708,3391b1ab-0c16-4c25-96f4-1a5dda802544,013c055a-be29-4276-8e7e-9899d65b4f44,1,247.25,0
b69783c6-5701-4914-b1af-c5e3a66d5040,3391b1ab-0c16-4c25-96f4-1a5dda802544,bd435403-6996-40fb-8311-7ea216015d7e,1,51.13,0
1d2484df-2fd7-4928-9318-67d587abc481,3391b1ab-0c16-4c25-96f4-1a5dda802544,0fefa0cf-2585-4c4d-a48b-bef87684632d,2,91.1,0
15eee599-6c46-44eb-a917-a9173889eb74,3391b1ab-0c16-4c25-96f4-1a5dda802544,9255902d-5bc7-4c9f-ae73-9d0cc3827fa5,4,118.9,0
faad5d19-11c2-431a-94ce-85b0761da2ab,3391b1ab-0c16-4c25-96f4-1a5dda802544,fc9941e5-e727-4b87-9d51-11e84a3a677e,2,17.66,0
c967a89e-72b5-4d71-8612-38f91cc3a11d,e68ea92c-fb84-4e61-b347-8158cc4e5173,dfe33b7b-89bb-4496-bad2-af678ddb297c,1,178.12,5
77e18d39-0901-4be1-b10f-8af239337f47,e68ea92c-fb84-4e61-b347-8158cc4e5173,a1ecdc28-80e7-4b41-9914-124279393c39,3,6.13,0
4bceb141-ee8b-4bb3-ba21-743348566586,64c5bc8f-5e2e-453a-a969-f62826d30853,761e6102-10dd-4d41-9ce7-50e89ef7f3fc,2,158.9,18
46992cc8-4eb2-4f02-9ed2-8cb82c656a17,4df9cd24-8d39-4279-adbd-5504ee0705d6,012b45d8-1901-4c7f-89fd-a1813079e199,2,187.64,0
16b148b5-88b8-48cd-b8b6-352ad68775eb,1dcea748-820a-4336-95ae-1e8f95243465,27903306-9430-4cd9-9051-2c66c8305246,3,26.95,0
04447767-3538-47b0-a793-40a3010051c2,1dcea748-820a-4336-95ae-1e8f95243465,7e0f62ba-213a-4299-8e58-4178dd711264,2,204.85,0
a6a10e36-095f-4bff-aeff-f19c47aab1a5,1dcea748-820a-4336-95ae-1e8f95243465,1d71f2e1-19d8-45c1-be39-6123efe9f373,2,26.42,0
c5826812-6b30-4a9d-a25a-2c838d9461f4,1dcea748-820a-4336-95ae-1e8f95243465,114ebfe6-49aa-4dda-8d3f-b595fbe8e938,3,615.05,0
e2ab7ea3-5a12-4c9f-8f96-663c37a28153,cfeddbc3-1630-40aa-a53c-d188f29433cf,21cb4c56-27eb-4e94-99a4-3b0a5d8bd15f,3,178.55,0
c1244a91-18a7-44f9-9d06-85fc453f26bd,cfeddbc3-1630-40aa-a53c-d188f29433cf,98ffc526-c64b-485c-ae1e-8164a7952370,1,22.73,0
b1a3a0b2-3570-488e-b7a5-88deafbe9dde,cfeddbc3-1630-40aa-a53c-d188f29433cf,2e32bf45-d2f9-452c-90e7-5ad2976db580,2,1362.42,0
fe2bb2b0-86c8-4a16-a0c9-cfada0e96e38,cfeddbc3-1630-40aa-a53c-d188f29433cf,2dc87206-6156-4309-b553-ba0b244184b3,2,603.83,0
debced2d-8c46-4979-a530-c438e7e74b96,cfeddbc3-1630-40aa-a53c-d188f29433cf,0d999f40-7f47-45d8-8d86-988331b4ebf0,1,23.96,0
10e5d2cc-7f7d-4883-9350-16357c82f5d4,d557fd20-5d12-4ab8-a0f3-961fc1c15d1d,cc81b89a-5759-4cee-8e45-d3812e23e998,1,128.62,0
f69d5130-3565-4304-8b23-f3cc495b9c78,d557fd20-5d12-4ab8-a0f3-961fc1c15d1d,55f23e61-4973-41cf-83e1-31e118f9016e,3,358.02,0
b76ede89-5fd0-455a-a5a1-f4f9483d85a1,1cf13485-51ec-4670-9ca6-952aa7f91030,98e39e55-d3c4-4038-9c7b-8478877181d6,1,418.79,0
205bbd48-a24c-4f3a-8220-8fcf5ab446ce,1cf13485-51ec-4670-9ca6-952aa7f91030,d74c688c-2b8c-4b71-bd7d-9ee1bdb9bb6d,1,116.66,0
779a18d3-b661-4e00-bfe0-112dc84047bb,059ece42-965e-45de-8a18-11ec6b26c7d9,fd8328e8-646b-44cf-8fc9-b9f472eef9e3,1,93.3,0
66bbce57-df7b-4454-9b9a-577e3af83bb8,7e6e4b80-2198-4f08-aef9-fc6f7c0fc308,bd746b3d-5b0e-4ee7-af2d-e25cc92a7cd2,1,512.18,0
c8d6b69b-32f9-46f3-87b3-644b71209a90,d0ff3a6f-4ab4-418c-af40-e4f73eafce39,dd55d876-bad1-4e23-9176-a103c0e97c57,1,275.36,14
3591f648-2ee4-4f78-b823-43c1569b33e3,d0ff3a6f-4ab4-418c-af40-e4f73eafce39,804330b3-1f08-49e6-9dc4-51ab4f813e4e,1,1670.36,0
c8c44837-07d1-40e7-8d33-004edfc9fd7f,0784b4c8-a303-4940-b4af-2753ec364a4f,f7e0d54b-a775-4fa2-98df-c6ea0f107c47,1,283.39,0
70b4e33b-d713-4d69-af86-ebfc83df802a,0784b4c8-a303-4940-b4af-2753ec364a4f,fd8328e8-646b-44cf-8fc9-b9f472eef9e3,2,79.75,0
2a430d75-d478-4fe5-9975-4c545005c7dd,9ad54b8e-6d0d-41bd-9923-40f16427b5b0,79c6cc91-0dc4-4a08-951a-a4e057fdc624,3,2684.69,0
e0ae74d2-6a77-4839-ae0d-c0d225f76694,9ad54b8e-6d0d-41bd-9923-40f16427b5b0,4554d79e-1f74-4960-ae60-90e35a5d1c9f,2,14.99,0
8cef9075-89e5-4a39-8106-4d6cf9c5c0f2,9ad54b8e-6d0d-41bd-9923-40f16427b5b0,8f73fefd-2f91-4bd5-bac2-02dc6c9064a3,2,257.1,0
b1879f7c-e8f6-4b5b-ad4f-5ea3f70bb921,4faaa377-7433-4845-98b6-25c7b7415b5f,4f927ab1-4f57-4d50-9110-94580745fe82,2,51.85,0
8eabc7ed-0bc7-4bc3-8e1a-141ff0732d15,ab7c6a63-9115-49d0-b582-0c32b3e55d31,5dc2b2a7-69c1-4826-b3b7-b823444d677e,1,227.36,0
a5569984-e0ec-481a-9269-fc4ee4f0ed79,ab7c6a63-9115-49d0-b582-0c32b3e55d31,9783d764-e8c1-4c2b-85d1-82e8066e4abf,1,18.81,0
b3bf6b8a-3f3e-4513-9126-30bae5c1c3de,8d9aaf5d-6753-4354-9644-27bcaea1ed66,d45ab308-49f0-4008-b684-ac997f5dd5fe,1,167.86,15
ed5c94c3-80b9-473d-ad89-3f173af938ef,0ed3e8c7-7679-4491-a49c-3421099e9c1f,59401194-3a8c-47b8-86ae-b0ab45aa953c,1,58.68,0
36d88856-21fb-4b31-973c-1e33bdc20825,095c625a-f365-4de0-a4b9-24281d17a6a0,705a4304-848c-46fb-85c7-aec1ece1a41a,1,81.68,0
5d22fd3c-e955-4688-8a7b-bdf857dbc410,095c625a-f365-4de0-a4b9-24281d17a6a0,8ca2088e-ec31-4c0c-96a9-568fd9a13696,4,55.75,6
f95cfa8e-1c41-400f-8892-9634fae25d71,095c625a-f365-4de0-a4b9-24281d17a6a0,64068f4a-161e-438f-8add-eda395e64896,1,94.33,12
b82a31b2-ce7b-4ed2-82cc-8cb75d4e42b8,24d2bf75-b8e3-4e3b-96e8-1f370f82797c,a0bdf703-4d8d-4506-bf99-29391a16b1cd,1,271.09,0
241ccca8-4090-4517-9876-ef5442cf15b9,24d2bf75-b8e3-4e3b-96e8-1f370f82797c,5b9bde4b-924f-478e-bc1a-4a79c31965f1,2,297.67,0
1e7a2c01-9c0d-4816-a550-cfd8c677994d,24d2bf75-b8e3-4e3b-96e8-1f370f82797c,dee6bf16-4438-496f-a209-5a39fe8987ed,1,45.17,0
6654efe3-268c-416f-bc1f-d4af9c09d494,24d2bf75-b8e3-4e3b-96e8-1f370f82797c,ab0576a3-3c89-47a8-a950-045578637bbc,2,150.08,0
11aee10b-53fe-459d-801e-d2b18d129416,560e43f7-a7ac-49c3-b5f7-f33917562cb4,f25d73af-74d0-4c89-88eb-846cf0fee247,1,445.31,0
2552d4ec-35d0-42c7-91a4-81bc9d4b7554,1f70a05b-4d2b-4f08-8e63-5df5eae3182d,da74f475-2536-4924-800b-7a8d7ff594f3,2,364.37,0
fa15bde5-b5e4-499d-9a02-3763afe21fee,1f70a05b-4d2b-4f08-8e63-5df5eae3182d,0bbdca10-7319-43df-94ba-be4f432e786f,1,98.92,24
4b67e341-9aed-4399-a035-574a3c8082b7,1f70a05b-4d2b-4f08-8e63-5df5eae3182d,83f5636f-3abe-4336-b567-6271fc97c273,2,165.98,0
f77911b0-ba1c-4c0d-82dc-8f7dbe22d947,6393a577-c530-4fe9-8e88-57253b7fcc2c,b14346d2-b158-42e4-b23b-602fcba23135,1,584.26,0
eb8f687f-f57d-4538-b237-813e2ddaac1e,37c37160-44bc-4e72-aa1f-9a8a90c8c0c0,a038ef52-ea3d-4faf-af77-5832ec9847b0,1,224.66,0
43b96539-f831-4ae8-83fb-efabf13c67f3,37c37160-44bc-4e72-aa1f-9a8a90c8c0c0,563e4974-6d2b-45ad-8d5b-c3daf8d0d879,3,397.96,0
6223b98b-652b-4700-b14f-67323f865a8d,39c221e9-dd2e-4dfb-8362-25788bec9dd8,d91cb404-ad6a-49d7-8cd8-ffbb168cf1ec,3,63.0,0
385e60d6-726f-4c57-90b6-54deee037a0c,39c221e9-dd2e-4dfb-8362-25788bec9dd8,259e7b95-53c1-44e9-a227-280ca4966971,1,1128.12,0
8fab00d2-fa4b-40de-b2b6-689ad8ec045e,19645be7-59d5-4826-96f6-189b5ed94508,3297d19c-f18e-4d83-9ada-15fe268c1631,1,153.04,0
8e3c0d77-d8cc-43d9-a6b5-3354bc86c9b9,19645be7-59d5-4826-96f6-189b5ed94508,9f3572f4-bbc4-48a9-998b-44f460abfe64,2,1913.47,0
6c727213-dfb2-4836-9ae2-f84b1eb2b39a,19645be7-59d5-4826-96f6-189b5ed94508,3579efe8-1d49-47b4-a9a6-b8f4e7e340b4,1,40.17,0
8b3d7813-e83c-4e3d-8d07-4bef8405d74d,19645be7-59d5-4826-96f6-189b5ed94508,fb735cda-d8c7-4bdd-8c90-15a324f25e17,1,183.49,0
5c90698d-ec3b-449b-943b-bfb5d7501108,fb1b2e2c-fe12-4d78-a251-baa9591822b8,d791dcfe-a5dd-4a41-a317-697a22db218d,1,1874.71,0
6dea4dee-0ffa-4025-a46c-12f276b57a41,fb1b2e2c-fe12-4d78-a251-baa9591822b8,afa7dc8f-d4d6-48bc-98bd-4bde3d046ad9,1,93.39,0
245b8a9e-0ca3-45e5-9f8d-d829f2ce4ff7,fb1b2e2c-fe12-4d78-a251-baa9591822b8,20f55e23-9cbc-42f5-af87-ddc3a3207adc,4,31.79,0
71cb755b-7440-4b8b-a222-a419df6ffd74,6c9c0616-4037-4a11-99af-bb91fed1cde3,d3a3fd78-d16c-4dd3-a677-a6edec81efdd,2,17.86,0
b5509acb-c68c-4e0a-adde-a19c5646188b,9045a3f0-027a-49b2-84f6-d311b06db83d,5ad08a7d-2f81-4457-a926-38889aa40fe0,1,73.78,0
4c7b549c-695f-4fb8-8627-17219bbdf3bf,9045a3f0-027a-49b2-84f6-d311b06db83d,ed006930-3733-4865-8475-1f8a4875a4a8,3,521.5,0
c766754f-893f-4a49-b9d4-6a8e1415a35a,9045a3f0-027a-49b2-84f6-d311b06db83d,7ada296a-6fd7-44ab-b405-53913c5b777c,1,108.09,0
07aa7332-c64c-49b3-a577-186a6b9a5019,9045a3f0-027a-49b2-84f6-d311b06db83d,5ed35af6-a3d5-4bfd-8602-fb5af259a131,2,101.64,0
26ece97e-d9a5-4d74-837f-af7ecf4fe63f,9045a3f0-027a-49b2-84f6-d311b06db83d,3f25b4bd-1412-421e-96d4-4cfe3c9bf490,2,410.7,0
ee1f52b6-79f6-46c7-88d2-96fe3b0ee680,16d1ccff-9b5b-4c84-8bb2-311f0b7eac94,4453cd8c-a5a8-4a07-8de9-709b4cf911b9,1,68.68,0
858bb37a-de35-4732-ab8e-2c0098d5731b,21f4c376-0b7f-4f7b-8012-3cc365a42bd0,220129ff-46a8-4bf6-a9fb-f4831361e702,1,130.7,0
6894f73d-bc49-4e4a-b1cb-87251dc8d1a1,21f4c376-0b7f-4f7b-8012-3cc365a42bd0,af0ca55b-73b4-407c-a25e-4726cc19ccb8,5,50.28,0
c95c76e5-4b88-4e62-b4d9-ce0cdd7dbcad,21f4c376-0b7f-4f7b-8012-3cc365a42bd0,f018a820-4828-42e5-9ab7-f5263eecf227,2,40.2,0
fb598b0e-5bda-4015-b611-65c757477d5e,85109421-ece9-4fec-b36a-02a091ee3ad2,f65fa531-ea41-4ca6-9558-3ac00c4320ff,2,601.39,8
9e4ca133-21a9-4567-8a2e-4bc9bd5b7ca4,85109421-ece9-4fec-b36a-02a091ee3ad2,4244d88d-4c24-4b20-8be6-007f76ffebf7,1,167.4,0
67415bcd-3440-4aea-b4d8-de17e4e4cc5a,85109421-ece9-4fec-b36a-02a091ee3ad2,de11aeda-71af-4836-b89b-06f827be7732,4,54.58,0
d6b43419-7cdb-4dfc-aad8-4681bfbfa1b6,92e5f29a-57ad-4717-afda-ea9b3f9970af,3d9b8f3c-38ca-422a-8baa-60c4dd097705,1,102.68,0
5edb1ec7-9efc-4422-ae4d-2f0747e7d928,92e5f29a-57ad-4717-afda-ea9b3f9970af,eb7420ef-870c-4327-bc7f-774b2e2f070f,2,2492.7,0
b264a875-b838-40cc-8381-de7c02170a77,d4a8618c-6fd5-49ae-8581-b83f789ca159,69aceca8-329d-4b59-9b59-78dfa3e622f0,1,100.82,0
fbf3a14a-4d02-4353-95f3-db144c87b819,34371af7-9b85-4ee6-b62a-96990ffec856,3aee9541-7a1d-4b03-92d2-423b2596a97e,1,15.95,29
08595b51-b7f9-4f95-a786-c07c63af6493,34371af7-9b85-4ee6-b62a-96990ffec856,982f3205-6282-4843-8fa2-5eedfa2d501a,1,603.2,25
d632142c-b5ab-4ca5-b362-ce28522b80a9,34371af7-9b85-4ee6-b62a-96990ffec856,5723066a-6688-454a-a333-4db1c0309e56,1,88.37,26
2e21b5c5-f6d0-48be-be0f-f97ce3b03243,34371af7-9b85-4ee6-b62a-96990ffec856,d7243a39-be35-4150-ac62-7d1177de68e4,1,51.25,5
89f9a59c-2d9a-4a52-8caf-6a89e3d81562,f72f0b2f-49e2-475e-8fdd-cc079e08c7c7,1434268f-cf32-4f5e-84a2-d00ccf8c657c,2,41.39,0
0562b3d0-e232-44cf-afd6-e59ba3c933bb,f72f0b2f-49e2-475e-8fdd-cc079e08c7c7,71245ed6-3881-4ab7-8b54-93b1c9191234,2,290.54,0
75b0c86a-c00f-4dd9-8dea-c36d806e1259,f72f0b2f-49e2-475e-8fdd-cc079e08c7c7,652911e3-196b-4a6c-b93c-4bb5e850c738,1,64.71,0
30bc8ad3-76d6-4e5e-b101-b8bef1560eb6,85a0393a-7d18-4406-a1a9-13ef9a5bca18,1f7354aa-2115-4a64-827b-627259192c9f,1,887.91,0
abe4e758-4f54-4755-badf-b9fa40c2e282,85a0393a-7d18-4406-a1a9-13ef9a5bca18,fcaef13a-ae40-43d8-aed5-54b2f168e918,1,142.25,0
ea3490a6-7d72-4fa8-8843-9618d653f498,4b4334c1-57d9-4666-8d80-a9a7470b3768,8f3038e6-d7f9-4e75-b17a-8e7b03977f54,1,97.51,0
1e6c05df-b762-46bb-8d5f-74ff540fe767,4b4334c1-57d9-4666-8d80-a9a7470b3768,0d33b25d-a998-4657-b7d9-80624964df3f,3,166.37,0
d8653dbd-7d53-440c-ba24-19e2250b9ecf,ce4ec952-65b9-46ee-8ab7-dae90c0c5ff7,d283fde6-7a41-402a-9d89-4ef7d3ccf683,3,77.48,14
89130f6e-4396-4f8a-a440-3c20313495f9,8deada7b-4972-4859-80d0-da4edb95f455,c62f37cf-0fcb-414c-ae95-8e5fe48b35cf,3,981.15,0
cb146584-1ee0-4e17-80c7-03621e31b754,5118cd15-02f3-4087-8f74-87913ed49e50,5c533c5d-2f7d-45e9-b6fc-eb63836a7bb1,2,1905.22,0
5ad00a66-573d-4c07-8bf3-bd398b069c51,5118cd15-02f3-4087-8f74-87913ed49e50,d6728658-e5f0-49f4-a6a1-70159cb2b854,1,36.44,0
3c649e1d-235a-4e87-aee1-b8bc520ab6c2,7463b0ce-c0a4-4f23-acbb-7070a3f43992,13f95cb1-86a7-47eb-80be-89ffde5acc34,4,787.73,0
572b2de7-edf4-4f13-86b7-78777a68cfa1,7463b0ce-c0a4-4f23-acbb-7070a3f43992,2c250353-e424-4ebf-9e7c-26accaeb8b46,1,295.52,0
af1a24d3-cd4a-46c0-930a-1a9667716d51,7463b0ce-c0a4-4f23-acbb-7070a3f43992,21d37ce0-9322-450b-95d4-e92b7af16b8e,3,50.72,0
f24f405c-2a37-4ba0-bf6b-2dab02260539,7463b0ce-c0a4-4f23-acbb-7070a3f43992,853b30d4-226f-4ec6-8456-5fba6f203434,2,38.06,0
84afcdd5-184f-4e2d-a7ea-9e890bf664cb,d7376612-39b0-4e18-ac3e-10157259df86,b3552609-2489-4433-aa64-c8d6ec3aeea3,2,77.95,0
1be1b29d-fdbf-4638-bf58-0bbdfc564a21,ff4f5144-cd62-43db-a107-918a3b323eb3,91775e19-afb9-4207-99f1-ee7800c4d80b,1,363.32,0
086aa2b3-2356-4b85-b61e-61492b0d431a,a30bb7d4-4bef-4ea0-bfac-e870f0aa4aec,845f873a-21bd-4bdd-9871-e0b1aff5de51,1,80.92,0
9c466918-422b-47d7-b610-e05747706742,a30bb7d4-4bef-4ea0-bfac-e870f0aa4aec,e11815ef-1630-42bf-8f8c-6b42cfa698ac,1,1064.9,0
dc6eef6c-cdc5-4f93-8f00-4f4c206020dd,a30bb7d4-4bef-4ea0-bfac-e870f0aa4aec,1fee5837-86f9-495e-a357-838379892f5a,2,205.95,0
68f98b00-4793-4143-a355-77cad57d30f0,a30bb7d4-4bef-4ea0-bfac-e870f0aa4aec,cb031e79-8ca7-4e63-890c-198378c318a9,1,29.54,0
fa20bb2f-a44a-4622-a37d-6236585532ef,aee8e122-7137-493f-8a15-edff1c7bec2b,0b0ce0c0-e2c1-4b6a-a0b8-8ecdafb0e41f,1,207.44,0
7e88cfdf-cf7f-40f8-99e8-56502d146aea,9bc47a46-39e1-4590-84b9-75b845930a40,a0a90a60-91bb-4dec-b9fc-a2f36f89b8f1,1,288.0,0
308d6fa2-e3c0-4bf2-85bb-df9bc339a0b3,51d2cde3-1083-40ed-8297-52ddc296c025,40fa57fe-45ef-4196-bb0b-c43321f4c0b3,3,112.52,0
c6cb3c16-710e-40d5-90bf-6a4fcda3487e,51d2cde3-1083-40ed-8297-52ddc296c025,ea679b71-35ef-450a-be8d-b72c00d1d35e,2,46.56,16
2ce722f4-df57-4b3d-82a0-948bfcc2f68b,51d2cde3-1083-40ed-8297-52ddc296c025,b8c32cc0-c5c5-4e98-bd05-6d33349bdab8,4,333.39,13
96a7c8c1-7233-4955-b3ad-4d02c6489b09,754e4f1c-710b-4606-9f70-cf03ac00de98,2adcd57d-a16e-4b82-a27e-49f063e56270,2,195.74,0
a0e158c8-33ba-4877-b714-c70c89cb1762,754e4f1c-710b-4606-9f70-cf03ac00de98,f693a443-35c9-4c1a-a65d-b1d1802daaa1,1,171.73,0
e909193a-10d4-475b-8ea8-986e76ea8974,00871eb6-6adb-4478-a6f7-1f03d9cffe09,4280ff87-55a9-4f71-b89d-18950558283d,2,172.1,18
0c564c32-a519-4879-aee5-80b58509cd60,00871eb6-6adb-4478-a6f7-1f03d9cffe09,e0f9bf4a-ebb7-4439-8b55-6e66f6cd8d52,1,44.29,15
957bd91c-99ab-4922-bb8c-a604ea41950f,243e6dc4-c796-4541-b644-642dac3edf4c,33a40635-fbf2-4a70-a1c3-96f3ece23799,2,8.73,0
d2572afe-3c47-40a8-a189-62317db7205c,243e6dc4-c796-4541-b644-642dac3edf4c,b9110862-09e8-470d-b3c1-4007dd75b918,3,337.04,0
9810211d-8a8a-41e1-a73c-db634128cf44,ad8877a6-11f1-4ff5-a6d7-af494ae5976a,f11a7341-4fc5-408a-9229-36faafec8915,4,433.28,0
d3ab0b29-c98f-4b4b-92b7-0db9efbaf5ce,ad8877a6-11f1-4ff5-a6d7-af494ae5976a,4710492b-e9f0-43b8-bfc6-a197851aeff7,2,42.03,0
863743e4-49c9-4874-8d39-b06c02197fa6,ad8877a6-11f1-4ff5-a6d7-af494ae5976a,29adf51d-274e-446d-aaae-0d45267471f4,3,44.98,0
1d10ab8c-4a22-4b76-a612-a501770a217e,379de358-bc4c-4cb8-af70-fd8fd8eaa90f,97334faa-994b-43b9-b097-a3b3a2e895e2,1,213.49,0
6d233e48-540a-40f0-b912-0d631eee90d1,3ef2bfb0-2423-4efc-aa63-f006237f8eb0,1b01f3dc-2848-46da-a909-6f7d230dbba4,3,203.74,0
7eb1b70b-9c85-4b70-b681-a5e5f4b40ab1,2f628be7-a18d-4fa7-a56f-47bd0503093d,f7bc03dc-4201-4307-9fff-e6ac152788e8,1,178.09,0
6d8e9184-1ef1-4e08-ba87-2b8722d55535,2f628be7-a18d-4fa7-a56f-47bd0503093d,06fb6d23-dd89-418b-a8c5-31c66d7707fe,1,228.35,0
a613a578-d827-4979-b430-8f42e3706152,2f628be7-a18d-4fa7-a56f-47bd0503093d,bee59f64-c670-4b93-a31a-4f019abf20fe,5,888.84,0
f8c1ae23-4289-4fb6-84df-59f8e965c096,4a70427e-d067-4058-b12c-bdc357a34c8a,1c874e65-d458-4a5a-85c3-0b1e285d855b,1,42.74,0
7b0e6602-ad37-4f24-97a5-3b5accbcf865,4a70427e-d067-4058-b12c-bdc357a34c8a,6c3e45e6-ecd3-4fe3-ad8d-43c998ecbd21,2,423.79,0
d35ebd2b-ba7e-4473-bab0-28b62d567bf1,0bf9ca77-e33e-4790-80db-fd03d5c90e3c,f8933d0d-66b3-4e9e-b87d-951241e43a40,1,23.27,0
860a4fd9-bf21-4eb0-93af-7e71285c0409,0bf9ca77-e33e-4790-80db-fd03d5c90e3c,f5df5bf5-6020-4f15-a478-f3014944b030,3,281.32,0
898a539c-4c9b-4c72-971e-31a012eeac5c,0bf9ca77-e33e-4790-80db-fd03d5c90e3c,7c0feaf2-6870-444a-b60e-a572c49c3a44,1,561.97,0
deb9a629-fe0a-48a5-9527-156f7e4457d4,0bf9ca77-e33e-4790-80db-fd03d5c90e3c,5712845f-831e-4197-9b3f-8901edf080a4,2,18.12,0
645120a2-5f6a-4c3f-9339-1632f895bdbe,ebca5009-2d02-46c4-8d52-ff8ae4047e39,550a3927-c6ba-4f8a-a571-6152d8c0ee89,1,6.93,0
190b616c-e463-4ac3-a7ae-50317071598d,ebca5009-2d02-46c4-8d52-ff8ae4047e39,79014425-6aaf-48c2-a83a-09b6991c9e94,2,247.34,0
af217f38-ad2b-4ef6-8ede-586a53adb9ea,ebca5009-2d02-46c4-8d52-ff8ae4047e39,058120bd-0b96-4d26-a40f-91a2f023fbbc,2,45.31,0
7ca58b68-a037-4291-a601-f41378b65771,c208b5f6-4f7e-46ef-9ada-31fa87e40f1c,b36f005f-4237-4ed4-b72a-a9b324a58413,2,165.91,0
9967a362-b4f1-4dc7-8a6e-83b90644708d,c208b5f6-4f7e-46ef-9ada-31fa87e40f1c,104aff42-2397-49fa-9f53-494b9fcb2843,3,96.18,0
4bee1754-662b-4e01-aee4-fd1a3bf45c01,c208b5f6-4f7e-46ef-9ada-31fa87e40f1c,adbecdb2-1fc1-464e-94ba-652678c45715,2,115.18,0
10112dc6-4e15-4031-ae3e-5fb9c4241a38,c208b5f6-4f7e-46ef-9ada-31fa87e40f1c,e0557532-2016-45d8-b2b4-266e10b4d027,1,424.96,0
0806fb31-ab90-4a50-8fa7-4aa93d686ce9,c208b5f6-4f7e-46ef-9ada-31fa87e40f1c,8188173b-9811-4676-8c2a-666edc9fb5e2,1,32.64,0
95157aa2-be33-4c75-a26f-85aee4a6fc1f,2dd24cb6-780b-4a1d-9f9e-c1fbbd0f46cd,5ecc8d6f-10db-4d9a-9c9a-1d875544a28b,1,12.85,0
1e290898-2e42-442f-ac53-8ed4bea372a3,b0a75b80-384d-4635-a7c1-fb1d025f8ca3,296f4520-8465-4642-9002-2c421a7bb097,1,58.25,0
7570ff79-c650-45f3-ab88-d4aa6ccbaf99,b0a75b80-384d-4635-a7c1-fb1d025f8ca3,80c09138-d381-46df-b56b-25542bd4300b,1,34.52,0
24b32789-09da-48cc-82d1-85f995f5e2ab,b0a75b80-384d-4635-a7c1-fb1d025f8ca3,f10a41c2-4856-4557-9c49-33572dc281ce,4,812.45,0
393e661f-d564-432e-9243-8c77b37b7789,64076b67-a752-45ea-ae40-7feee54bf013,efa2091e-c65b-4019-98b7-4548a9313b6d,1,211.76,0
2d41ed88-4462-4d9b-a5a1-1967c4deb545,07ccb230-417b-4319-a809-6599a271ffd2,501aef19-55c5-4005-bc4d-0127184371f9,1,8.09,0
6d682589-ed96-414f-a79c-41ce7c22a13f,07ccb230-417b-4319-a809-6599a271ffd2,1de05432-b7bf-415a-8b8f-1cd2077a6a2e,1,97.33,0
6e8d3695-3d83-4b73-82dc-c3d4fb278611,0bac7d7f-8e35-4af2-ac76-de1a438fa1bb,bdc2d2af-456f-4dcc-b971-bbda05fa3d03,3,200.73,0
2ccb4930-7df6-4e6d-a843-79848414c21a,841d08ff-30d0-417d-a351-f5e979368eee,0e1a8e6f-c8d2-418d-88e4-92cebd6b84bb,1,212.95,0
f5f6210f-305f-40fc-baba-e30ede113deb,a5e63096-60c5-4cf8-96b4-a075c0f0bfb9,0ee21d7a-c555-4ce8-87fd-7c3a24ac3f94,1,68.53,0
8bb30c08-0e82-4214-9a5f-a7a25c448ad7,a5e63096-60c5-4cf8-96b4-a075c0f0bfb9,96e0bd3a-2fdb-48cc-81c7-c6d9df841767,2,127.08,0
d0c1ebbc-1d47-467e-9e45-39581694c349,89941553-52a6-4eee-b1e7-5e5250af6b1d,9433c57f-1246-472c-8fd3-c02d09e0c209,2,137.19,0
b2867f11-91ac-426f-a526-a0b7a2e81571,89941553-52a6-4eee-b1e7-5e5250af6b1d,c3dadb71-0821-4237-baf3-1461c6e6bb3c,3,33.23,0
a64a193b-5f29-494e-ae46-d098a36055e9,89941553-52a6-4eee-b1e7-5e5250af6b1d,82db2237-f45b-49dc-b6f3-2720909c4096,3,18.33,0
c6e4850e-1bea-487d-9e14-78ae6e4a3296,89941553-52a6-4eee-b1e7-5e5250af6b1d,37a18765-03a1-492d-8306-0bbab3ed1565,2,673.81,0
6ec65876-fd0e-4712-83e9-5358f981ad1e,30940ed2-4ad8-4e43-92e9-21ba6ceffdc1,cbd6a585-3909-4a1b-a1e6-79951745f5a2,1,37.63,0
7f382c38-60c3-42fd-ae4f-4b830759c44b,28a72d4f-c7de-4347-bce6-fffd433a3063,8621ca6f-3cf7-470b-9ce2-458dca333210,3,1983.24,0
5a94232b-a4f5-47b5-9521-dddd16d7f429,28a72d4f-c7de-4347-bce6-fffd433a3063,0a2656c2-78da-46ec-854e-1c49ec8936e3,1,410.83,0
877e0114-75f6-45bb-94ef-5c239f97bd23,28a72d4f-c7de-4347-bce6-fffd433a3063,b576aedf-319f-4fd2-b3c9-1b620b79a313,1,123.83,0
d43c481b-c724-40de-9cae-b52d722a6735,85e86203-0422-4810-b4e7-f5afa85abcc8,21917295-f67c-44c8-b8eb-a19568f73bbb,3,139.29,0
63bb93db-b6f1-4e56-a660-4ecf5f32b60e,85e86203-0422-4810-b4e7-f5afa85abcc8,f6d0f3c2-2594-471c-89da-0fe289e86ca8,1,257.26,0
d72ac93e-de69-4215-9b3a-41fa830b0a86,85e86203-0422-4810-b4e7-f5afa85abcc8,079f0aef-b8ad-4652-8036-f0a45b8fe82c,1,316.86,0
ab02db02-2b3f-4820-b000-140d17407943,85e86203-0422-4810-b4e7-f5afa85abcc8,dd2f1f88-e56b-4212-9262-40f8157e8f9d,1,1044.64,0
6a5a5770-8613-43ef-a488-9d4eaaa77b1c,8a5c0fdc-b59a-4d0e-a1b1-d9f73aaf4f26,b3139192-306b-458a-8ea3-917f131e7936,1,273.87,17
b8865075-ca9a-41d2-9bb0-22c08fe573a0,17dc8239-33d2-406f-ab93-701934ade86c,17a2918b-39f9-4736-ba97-181eeab2a429,2,53.62,0
57cd127d-5393-4b49-9376-b63ff16677f7,17dc8239-33d2-406f-ab93-701934ade86c,e7b8b735-16d6-4b8c-8f01-7b07fc2804c5,1,806.16,0
53f43677-9747-4bde-a59f-4419b52c19ac,49632978-72e4-4bc6-ac72-9c8c84c63ef3,051ccf78-40ef-4ec9-a08a-001d3f14bd99,2,1454.33,24
a920021a-c455-4e45-8e67-6f5aa3651e69,35cf0d8a-0e4f-451a-963f-21828cc2640b,d27356a4-4dd0-432c-9a85-2cc759636ae6,1,144.74,0
c46a1a7f-9678-4b1e-93cb-1acd7c1d85dc,35cf0d8a-0e4f-451a-963f-21828cc2640b,aaf8bb1e-3122-47cc-a154-0ab674bb6d0e,1,13.72,0
d5605e6a-fde4-4825-87ef-8aa398c37a55,35cf0d8a-0e4f-451a-963f-21828cc2640b,354719ee-4a18-4f19-b29c-9047b6368a22,1,490.07,0
561480ce-d59e-4270-a2d4-2a0078b1382b,23122f65-7afe-4884-83d0-913bafaf0f98,1e566939-079b-4406-8c69-e6c84ea3ec55,1,77.41,0
b1a73600-6cea-4cd2-957b-01548904d33e,23122f65-7afe-4884-83d0-913bafaf0f98,22490525-9429-490d-b60d-67dde38be6fe,2,26.76,0
33c97f34-b6ee-41c9-8830-6251354269c0,23122f65-7afe-4884-83d0-913bafaf0f98,8b4fb85f-5f81-4ad9-9143-582ea77c28fb,1,100.89,0
a20993b1-03e6-4868-aa47-53f8ca3393ce,57d7b7bc-a4d0-4b46-be41-a7119252dcc4,acebecd0-258d-448a-aa37-35771fe93274,1,381.27,0
48442d53-b1ad-438b-a3c7-88ecc261b3fe,fd3f32eb-16dd-4b7c-89b1-efc4bb47de11,ff182435-bf27-4a54-8321-3c4c874495ca,1,78.48,0
cd3d4d05-c554-41fb-b815-87bc219736b8,fd3f32eb-16dd-4b7c-89b1-efc4bb47de11,2824113c-612b-4ee9-a1e6-3017589684fd,1,88.6,0
d02ba57d-bc72-44f9-8c57-4718e985664b,fd3f32eb-16dd-4b7c-89b1-efc4bb47de11,1a026979-02f8-4809-aa91-142759015403,1,1210.18,0
2680afc8-cc6e-41dd-a1c9-fc7bca784f53,5706f484-fa74-40f3-8bc8-bf2db4a66345,27d3377c-ee57-4061-b48f-74692845e202,2,266.86,0
9a663111-a421-483c-bfa4-8fa97fb3d25f,5706f484-fa74-40f3-8bc8-bf2db4a66345,2857c06d-9eeb-4853-a63e-ab4416d88eb1,3,2094.4,0
bcca5f4b-2a74-49b0-a41a-72e9308d3e71,5706f484-fa74-40f3-8bc8-bf2db4a66345,94c59508-1838-4771-806c-edf3d4c2de95,3,73.89,0
52d0e93e-ddf2-4b18-8184-fc097c48404f,42cb7fc9-969d-4900-aa7c-0a6634913fa5,33a40635-fbf2-4a70-a1c3-96f3ece23799,2,8.52,0
34c9bce8-a817-440a-b33d-bf03f4eb2d72,42cb7fc9-969d-4900-aa7c-0a6634913fa5,6fdf2a5e-90df-4d26-8d2d-88a188ae1fd5,1,32.41,0
aa334ea7-a3e4-4ce6-a282-dae5d3b8138e,44043649-4669-41f1-a017-0b1236e8a01a,a5deee1b-9449-489e-a5ab-6f86383c1c9b,2,22.89,0
6ba695f1-8a91-446b-b9b1-ff1c6ec5922b,44043649-4669-41f1-a017-0b1236e8a01a,1b6f1326-c264-4b9a-92d3-6df7e228d077,1,245.71,0
8f51d4fa-30d2-44ec-b446-7a76d86c4288,2328084c-6d8e-4c53-8e5d-0f65ab1f9610,f6fda0d5-2eab-4678-9f4f-c00fb6e2d218,2,2416.56,0
2cb09431-6f02-4600-8f21-67e14e3eb704,2328084c-6d8e-4c53-8e5d-0f65ab1f9610,443ecea0-4901-4c6b-8aeb-c733293e8102,1,113.14,0
1a8af2d7-2523-480b-928e-0d4fddf01560,2328084c-6d8e-4c53-8e5d-0f65ab1f9610,b2667b94-3913-4ad2-ad34-ac5fadaa4186,1,843.86,0
fed17d85-8e1a-4e35-ab21-988a1e324096,2328084c-6d8e-4c53-8e5d-0f65ab1f9610,4d594c42-3f03-4cd1-a27b-b8250e113a05,2,108.82,0
67ab8aac-95f0-42a8-8a19-9476acbb10a9,38e66e96-8fe1-433b-9328-8830df89e1cc,8ee58e5b-9fd2-4948-b9c3-51ed06996195,1,13.33,0
8cb7524e-c700-42d2-a638-3eb538f3e9cb,9222ad8b-ed08-47d7-96bb-b817a5b34e32,9bffad68-63b6-42fb-98ac-477b48d873ee,1,105.38,0
1b16045b-0701-4b7a-baf4-65ff855cb4cf,9222ad8b-ed08-47d7-96bb-b817a5b34e32,e53e46ef-e729-4650-87cb-f486d28235c5,3,705.71,0
77a90817-1268-40f1-aae0-b36064ef1faa,11c21c0c-cf1a-4da9-b964-c907a172b92a,b1616b09-f9dc-45ef-bb7a-9e9dd9d57030,1,91.49,0
4fde4fd2-1a21-4b36-b5e3-3e472e1b89a9,11c21c0c-cf1a-4da9-b964-c907a172b92a,6f806ecb-1775-49f5-9ec6-647dae599d57,1,1087.4,0
8eccf624-08f8-495f-8476-04cb3e15f0ff,9f1c8f44-0ecc-44a1-a973-19528ddd61e9,f7ca6e36-c48b-4f82-ac5c-53ff5b06995c,2,190.23,0
765a5771-4455-49d9-bcc9-288f6bd80c47,9f1c8f44-0ecc-44a1-a973-19528ddd61e9,5413d3ed-ec78-45ac-9590-2d9d66e15887,5,288.35,0
c8a3b5b1-c19c-4aa3-a455-be599471dd82,9f1c8f44-0ecc-44a1-a973-19528ddd61e9,1d5e0749-afd0-4dda-acc9-ec9810fa6f8e,1,84.51,0
0a186621-b40b-4b3a-aac4-6387e403a326,9f1c8f44-0ecc-44a1-a973-19528ddd61e9,cf859b34-24a6-4a9c-b257-50f75ea94e5e,2,1330.32,0
46b00b91-0ed3-4781-8b9f-571bbb7c00a4,9f1c8f44-0ecc-44a1-a973-19528ddd61e9,7f31d2d9-ae85-4234-80e0-adb484f94a3d,2,24.27,0
fc3630f2-67cf-4e01-a036-eabbcb232009,b73831de-3774-4c63-818e-45b4d36d7f01,751775a6-a1d0-43c7-a6ec-4716e985c481,2,161.94,0
782c3f49-a314-4e1b-8d96-7789512d8c5f,b73831de-3774-4c63-818e-45b4d36d7f01,7227e52e-3020-4756-910d-6dc9abb2023a,2,43.68,0
ba8d5fd3-4761-47c9-bb40-4646818e427c,b73831de-3774-4c63-818e-45b4d36d7f01,78a5a574-1851-40a7-8be4-0d5e9feccbdd,4,2960.76,0
bf0bec08-5870-439c-aa94-9a8710fc1525,41b3ad62-1316-4737-afb1-78039fd2c8e3,de1d4407-d2fa-404e-bcb5-f71f0f15ef97,2,37.16,0
4a9b875f-8a1f-4730-8ed4-4faef6a87e3f,41b3ad62-1316-4737-afb1-78039fd2c8e3,8758c62c-0a8a-4e3d-bcf3-3d9e9aece94c,2,22.28,0
28814f91-f1de-432a-84a8-e5aaeb74d347,41b3ad62-1316-4737-afb1-78039fd2c8e3,3b289fbd-0817-4898-8471-cb3e91adc971,1,804.1,0
99b2247b-e71a-4251-86c6-db4817473d95,ca1a5b52-4a93-468d-9b9f-456c1fbcb8a2,f9825864-b1a8-43b4-b0ef-e2cca08d73ff,1,30.17,0
9c30ed9b-3336-4e25-b402-7fbdfc9fb681,ca1a5b52-4a93-468d-9b9f-456c1fbcb8a2,097e0db4-d63f-4a27-8fa0-fb8a2db754b7,2,1699.58,0
10cf1695-694f-4816-a772-9339692cd113,c0e1a1b2-86e3-42c4-9e07-88594cc29b87,ae14b6b4-3e5b-40fc-8f8d-800ade6b7284,1,84.52,0
55ca2a6e-0fbf-45b7-9c4d-d1599fef7d29,c0e1a1b2-86e3-42c4-9e07-88594cc29b87,3f25b4bd-1412-421e-96d4-4cfe3c9bf490,1,380.39,0
5e508082-8fb6-454d-89e9-8d511ba08564,cecee48e-6866-47b5-b44b-787173e5eecc,5883ac32-443c-4803-b4bd-d67a6a1b49dc,1,293.26,0
2d21bcde-e38f-4bfa-90f1-e6beb882282b,78b6b971-9cec-4479-a51f-4fa67ec82617,6c3f5cc2-2e61-4a9b-9cc9-468fba5dd108,1,43.44,0
1dbd91d8-66fc-492a-9acb-d0ccbf59c4c8,db0e2e2c-f69e-46ae-ab40-8ec4ecbfd8f6,22f2db7a-b722-4779-943a-e9824dc879d9,2,8.51,0
a2eba57d-0601-4b25-a83a-601e2efa72ff,db0e2e2c-f69e-46ae-ab40-8ec4ecbfd8f6,7ecc17d5-790a-45fb-9e20-132ae5b2b4b1,1,113.68,0
2a44707a-9a33-45f4-8968-10dc639ff0b8,db0e2e2c-f69e-46ae-ab40-8ec4ecbfd8f6,e51b2e4f-b2ac-481f-b172-3f84e829085b,5,126.01,0
fa57b5e7-fd34-4705-a78d-0a9c1c11318b,db0e2e2c-f69e-46ae-ab40-8ec4ecbfd8f6,5c5af1fa-061f-4988-9fd9-6a5f5d8be640,4,444.53,0
a0475bc6-391b-45f4-9310-0dbb88e804e1,db0e2e2c-f69e-46ae-ab40-8ec4ecbfd8f6,d29a2aac-aeef-40e2-972f-a137bcdf7acf,2,95.35,0
2dbc2aed-0cb5-4684-be5f-13244401a472,5bdf7b3c-b296-4e02-bf3e-a3096f0c4bda,03fac01c-1810-4c58-8d81-582b8158e285,5,108.19,0
cbfc87c8-ab54-4bd2-85e6-51f71f3af6f8,5bdf7b3c-b296-4e02-bf3e-a3096f0c4bda,000d2c1b-140c-4718-8b37-13f0e3c94e40,1,43.65,0
78c31f62-26a2-4c7e-87d2-02c630cfa0c4,5bdf7b3c-b296-4e02-bf3e-a3096f0c4bda,70cf4e8e-f414-4e00-80ff-1d9a0f3c2036,1,819.77,0
d86906d5-e133-417a-b1d1-5372a190d2da,1504d46a-5c0b-488f-ac98-bf9e68ab914d,9783d764-e8c1-4c2b-85d1-82e8066e4abf,1,21.39,0
75bcb721-0718-4357-a07d-85210accc8f7,1504d46a-5c0b-488f-ac98-bf9e68ab914d,977a77d6-61b5-4a26-b8d0-44f74d31efca,1,35.03,0
a21b5917-11d5-4b60-ac26-e346abd323f1,1504d46a-5c0b-488f-ac98-bf9e68ab914d,e1d28ac3-152f-4348-a43e-c4b212fa2aee,4,24.5,0
35c01ee4-1bd0-44c9-b0fd-413f4ff0116f,6493449e-5558-4624-997d-2afd4b5fffa0,f48a15e3-d2bd-40b4-9752-8ebb56e38da3,1,416.33,0
3d121cc6-1dc7-46ee-9a8e-bfa53efbdf90,6493449e-5558-4624-997d-2afd4b5fffa0,beab1752-b54b-49b3-82d9-9474de760c9f,2,41.78,0
19370477-0fe6-4ef9-95d0-220b6d61a6eb,6493449e-5558-4624-997d-2afd4b5fffa0,470a7198-23cc-41a8-939d-39905e14b702,2,176.79,0
db53958a-ca00-4725-b0be-dcc72b5a318d,6493449e-5558-4624-997d-2afd4b5fffa0,d6705528-ee66-494d-b4ae-0068dc375ac2,4,477.75,0
ccefb32a-597a-460f-aa92-5a98b40891b3,1c7c461a-6924-4348-ab7b-a7b4cfbb911e,1bcb2c61-1d18-4e17-8c83-2762d297e53b,1,82.1,0
faa5d96f-40ee-4757-a72d-c63ded681d3d,1c7c461a-6924-4348-ab7b-a7b4cfbb911e,55ed8659-4db4-46a6-b528-453f1db8d19d,1,315.7,0
875e5f33-5c38-4f38-92a1-b304ad3d5979,1c7c461a-6924-4348-ab7b-a7b4cfbb911e,4b1f0a22-da38-4e20-ad17-695c7c9aa0f6,1,111.44,0
9cf91507-34ae-4628-91d7-8ea9ee316fd1,c7475977-4c87-436d-b29b-393d543bc668,e48d1f62-7fe6-4a98-a107-e94a2df2b6f8,2,118.56,0
947b7140-c1a5-45c3-8512-d42952f22c84,c7475977-4c87-436d-b29b-393d543bc668,7b307789-a5a8-43a7-9bab-4ef033dc3517,1,172.93,0
306d1c79-f1b8-4a70-b7c4-c828039311a3,c7475977-4c87-436d-b29b-393d543bc668,0caafa3a-e804-4fd2-a336-d669f900feb3,4,680.9,0
78ae03d6-4f3a-47d2-bd83-4eca1e890d3d,c7475977-4c87-436d-b29b-393d543bc668,0b9b759a-af70-4d33-a10c-6c8719d56f97,1,823.02,0
d1ca4d21-ed05-48da-be7b-5b69bfff5977,c7475977-4c87-436d-b29b-393d543bc668,f1a7c4ef-0c1b-4bd1-80f7-259dca9d2d8c,2,114.95,0
5a1c82ae-9d2a-417a-ad23-83a76b5521a6,518dca80-fdd7-493e-bdd5-2f2389a60e76,f4704166-17f3-4e5c-af78-8910504240c0,3,3105.69,0
cad25132-813c-409f-adad-259a922b3b5f,3cafc9d1-4380-4bc8-9ecd-df0fb8c75ce3,96c5fac5-14b3-4a9d-af82-779ae45cd26a,2,163.75,0
026a9dd1-6164-4b26-9a58-146900f6927e,e27b65c4-6de2-4918-b236-534e6c25e5aa,f2134abc-6eed-4db2-8395-f54d65c9b1de,5,385.67,0
ac04af34-b6a2-4f3f-9c91-56cef78a0c2d,20612ade-5a8f-4636-8a7b-82b638f847c0,6569352a-c73f-4a3a-bda0-c84c0183fdab,1,38.26,0
fc01d2d8-5739-4358-906e-d26cc6b3780d,20612ade-5a8f-4636-8a7b-82b638f847c0,b589acef-6395-4a81-b9c2-072f967949b3,1,23.62,0
1b73d70d-012d-42d5-8e0b-b12833c28132,20612ade-5a8f-4636-8a7b-82b638f847c0,bdaa38d8-d239-4278-ada2-f440ab544279,3,216.08,0
2bf80f9e-c8ea-424d-bf35-b8c1b690241d,fff42052-0c21-44d8-a304-d17df802dfe6,a078999b-2afb-4af9-bcf9-4d67953de709,1,459.17,0
3aae87c4-ca8c-4275-b137-521143b45370,fff42052-0c21-44d8-a304-d17df802dfe6,5e0cebd8-0f25-4e72-9fbb-fe8f13301369,2,741.08,0
8758ff22-24de-4cac-a375-b982300a6d64,96a165fc-0150-4a92-ae97-57e880c1bc5b,be168689-1d95-4ad0-b73a-ebc1613a81ec,1,176.25,0
715c9710-56a8-4981-97d0-1f1aa446e86e,96a165fc-0150-4a92-ae97-57e880c1bc5b,e2ed219d-8453-495c-9d4a-ad0e77f9dc63,1,13.56,28
a9c7dbec-509b-48f9-8b27-8d17f3d63e7f,96a165fc-0150-4a92-ae97-57e880c1bc5b,2d0c2f02-7560-43fa-9534-dffed5b0e572,1,983.23,16
cca479e2-4aee-4628-9328-e28b614739c1,96a165fc-0150-4a92-ae97-57e880c1bc5b,b774baf3-cd38-40a5-b169-84d1d470d664,3,20.54,28
45370b7c-15b6-4a12-99ba-61a1c9839393,9129af4c-55f6-44ad-9754-2a73e51897ef,f32f97a3-7067-4c08-acd7-b13c30195450,1,104.82,0
ec1d2fda-009b-4a8f-af39-0720f09158a2,730c108e-6afb-4fef-bfa3-67bfede78380,619ac9b1-ea16-427c-8e75-a4fe82b7a40b,1,115.3,0
533c19ce-a1d7-44dc-a155-5e2a5f8d6751,730c108e-6afb-4fef-bfa3-67bfede78380,b620a370-3c73-470b-b03a-61ae7708f8a2,2,215.07,0
b2df5561-007c-4b1f-97ce-ba6ba93427c7,5dcb1627-645e-4543-8cde-8842bfbc8615,64f688c0-2cc2-4059-a722-97ce7aed2bcd,2,1455.22,0
e60327d5-283c-43e9-b12a-caf8574a5c3b,5dcb1627-645e-4543-8cde-8842bfbc8615,906af721-36bc-40f1-b0b3-b35a974ea02c,2,132.78,0
74ac108e-6dae-4f4b-955d-b1f6cd8b78ea,5dcb1627-645e-4543-8cde-8842bfbc8615,2b895227-b57f-4e13-b25e-615e45a40dfb,1,158.99,0
a984baa0-f364-4819-8a61-d1b8db970a7a,5dcb1627-645e-4543-8cde-8842bfbc8615,7cf7f316-862a-4334-83ca-ff94eee6a797,1,440.6,0
defde13e-f7ca-44e1-9594-1640f24b3aca,ae78d47c-f120-4934-a78b-e37611946bea,1b449d23-514a-4f4f-9a06-bfb4b44202dd,1,116.15,0
af4f4a78-581f-4c09-99bc-40ca20fdc317,f862d88f-4b4b-46a8-b767-32ce4f4f877a,681e061f-6a00-4ee4-8e4e-d44d8e395ffe,3,23.77,0
d11dc0cc-6668-430c-babf-fc7a6bc61c44,f862d88f-4b4b-46a8-b767-32ce4f4f877a,35f44615-837f-4078-b0bb-313f314f3fb4,2,497.76,0
7fff9098-2b8a-485d-b715-14f205432bfa,f862d88f-4b4b-46a8-b767-32ce4f4f877a,dcff2efd-5481-4445-8cec-5fca5daabf9e,3,44.76,0
180648c7-8b38-41e0-8163-7ab1eb195d60,f83a756f-fe2e-47a8-880c-3616a987e64e,86aac22c-86db-4d3f-8218-7f8d4b4bb8a0,1,1965.6,0
bb30438c-6a19-4396-bb30-b23c45334dd3,f83a756f-fe2e-47a8-880c-3616a987e64e,21df8855-fa7c-49e9-aa20-68b30f68a250,2,156.17,0
5e11003c-65c4-4690-90cd-1cf831ed4d2e,f83a756f-fe2e-47a8-880c-3616a987e64e,70cf4e8e-f414-4e00-80ff-1d9a0f3c2036,2,803.78,0
664f9161-af4f-4156-a1b3-417ff4d700b5,ef794615-8534-4f2d-a3f6-afe14636ca56,3e8b0322-d917-4c41-b480-c1c6b4027a01,1,192.2,0
0a6fb8cf-6991-428d-974a-40f25c87dd73,ef794615-8534-4f2d-a3f6-afe14636ca56,472efd33-90f7-4d15-9e51-ff9a1e5fb946,2,39.01,0
c7d55e42-53f7-44fd-8938-5ff9e02c07c0,ef794615-8534-4f2d-a3f6-afe14636ca56,11072bbe-8572-4108-adb3-b803e3d9ba4c,3,2410.96,0
1d3f5caf-1c30-4b82-932d-115fc454eef9,b9e43d8d-beeb-46c4-bdfe-92dc6a49b3a1,1cc5b77c-8350-4da7-915d-473e7d0c13d1,1,28.04,0
eabcc35f-3ff5-4fc4-91ad-18d7700b86c6,b9e43d8d-beeb-46c4-bdfe-92dc6a49b3a1,ef74e632-3b99-4d46-863a-4ee7fa86f45c,1,237.02,0
cf27a6ad-9afe-4f9e-87fb-994707e21139,b9e43d8d-beeb-46c4-bdfe-92dc6a49b3a1,37ac6c3b-9cd0-4a72-b220-c500b51534e5,1,138.95,0
78e2a980-5970-4d80-802a-b50006b03ba9,4c2230dc-8dea-4719-93c5-f2b4ef5ae459,bee59f64-c670-4b93-a31a-4f019abf20fe,4,837.08,0
2ae0bc96-b5e8-4c91-842d-31955df00d2f,4c2230dc-8dea-4719-93c5-f2b4ef5ae459,f86e343f-5e45-4efc-9810-b3845f7d3bed,4,188.33,13
a1643245-afc0-4d68-b823-8413960af22f,4c2230dc-8dea-4719-93c5-f2b4ef5ae459,8fe5d399-714b-441e-9f97-a6d831aaf8e2,2,45.78,7
fea6800f-8db2-4bf9-9914-7bb7aaa5d0a2,ed11a824-fc27-4037-8136-ba4acf51a01d,916391ef-6678-43f7-9d2e-f252353e82ed,1,155.39,0
8b763a8d-e008-40bc-af14-de007b2d957c,ed11a824-fc27-4037-8136-ba4acf51a01d,4ed7fe5b-0f70-453d-9936-ff7d63a231b1,1,116.28,12
b2d0fc57-24fa-477b-81c9-faebfbe3f1a1,ed11a824-fc27-4037-8136-ba4acf51a01d,87143aa1-d27b-4b73-9c88-cd2e4e3f1b1a,1,72.75,8
39044495-8ad3-41c1-8d55-525871579d75,b0a95a3c-d6d4-413d-9d69-e414e1739806,1c327349-b64f-4182-a0dd-4a41d1b8eb79,1,20.34,0
2f03d85a-d32a-4248-bdd1-3f18bc06d74e,b0a95a3c-d6d4-413d-9d69-e414e1739806,51f83130-1bb3-40d8-943c-3371fa84edbf,2,16.87,0
a7d9a704-9e52-4cdf-9f9a-b9aef0080a8d,91161d18-0b1d-456d-bfa7-5a19a6a66164,8e23d648-08e3-4072-9c79-1fad0ef8fe7d,1,125.96,0
5e219c62-a82e-4c79-8965-996c849ba26b,91161d18-0b1d-456d-bfa7-5a19a6a66164,b4f91781-012b-4f25-9b56-9494fe0b3bba,3,134.61,0
d2f3af55-8111-4660-b1e6-6fd9ff3a7a55,91161d18-0b1d-456d-bfa7-5a19a6a66164,239a746e-2d72-468b-b1ef-755889f731ff,1,22.43,0
bea5b5a7-c100-41a3-a424-4f17d92705d6,d53ec585-1d8b-4ae6-8ccd-f82c7dd22508,69ea0718-176b-49cd-a2f0-edba72d0ec1e,1,145.73,8
fd0059de-574b-4f30-b2e7-28288d4b6b96,d53ec585-1d8b-4ae6-8ccd-f82c7dd22508,4baf4d99-4fc4-48d3-a7f2-8085d665d63e,1,118.6,8
e23af471-f489-4dde-803a-02e847d2fb2d,5c1f73fa-ac74-4f84-aa56-b19406799328,a0aa9ade-094f-4e9b-8f5f-fa8015307852,1,1283.25,0
cf5e47d0-0485-4620-9caf-2d5f79b5b174,96a0ac22-4921-4384-978e-3fe2e66976a6,1995334e-6ea8-4586-a654-b0e667de6641,1,117.07,0
79016f0c-71a1-4d3b-8f88-a631a407ffe4,96a0ac22-4921-4384-978e-3fe2e66976a6,24865812-2767-4e4c-8a60-a9287ac037a2,1,764.53,0
90e4786a-4267-4051-9acf-ab6bcaefdf09,96a0ac22-4921-4384-978e-3fe2e66976a6,c716602a-af43-49c1-9efe-8c0171df1df5,2,843.69,0
8268520d-c484-4998-b309-1450cdb2080b,19db3384-b374-4ad3-8d97-0c05e7f9c496,c3281a85-c943-4e31-a7c5-09e919b87f7f,1,793.98,0
3f8cc909-1d78-4dd8-9024-48ab4969b54c,19db3384-b374-4ad3-8d97-0c05e7f9c496,db4cc2e8-dea3-45eb-a2b2-5a62e9967dd6,3,406.03,0
eb3af00c-69bc-40ce-a8b9-0e4363ad1706,19db3384-b374-4ad3-8d97-0c05e7f9c496,09d4dfd2-1aea-4792-93fa-ed217a1bee6a,2,26.21,0
8ff2253b-dd75-45f3-b139-22a732c5f1c7,19db3384-b374-4ad3-8d97-0c05e7f9c496,39fda87d-0611-4612-b504-3babadd16369,1,83.86,0
5bd45682-d3a3-4de8-97e2-a0dfdafa76a6,19db3384-b374-4ad3-8d97-0c05e7f9c496,aa66587b-c28d-4d07-b561-4c7164c78819,4,41.88,0
236ddc16-76c7-4fd2-b5f1-e1956c8f8c27,3bb827d9-c18e-4cb9-9dec-d33321182bdf,4d60ae3e-10e3-4097-8199-9e8f57295480,4,479.29,0
2d193847-1f75-491a-8fdc-9c7c8d730e38,3bb827d9-c18e-4cb9-9dec-d33321182bdf,6d1f28b9-c750-4ce3-931f-bfc97c63a3ef,1,156.12,0
6b3551aa-81c4-4f78-8026-509c791a628a,3bb827d9-c18e-4cb9-9dec-d33321182bdf,6569352a-c73f-4a3a-bda0-c84c0183fdab,1,44.09,0
499b42fb-fb76-4b73-9c64-f5d3e96f7f67,3bb827d9-c18e-4cb9-9dec-d33321182bdf,6619780c-9b17-4da1-8e92-41a75378477e,3,437.3,0
b5f5a9a4-8191-4e2f-9a2c-9e0f2070751c,ee6a70ce-eef1-4bc2-90de-99ee3010fbfd,7ae04867-1560-41ea-a74b-3bb7daf49dd0,1,115.87,0
cfc29414-3645-48dc-81d6-4c5394d8b58d,1eb24cd2-f7aa-432b-8fb9-0d8e11a7ec95,5c956fe6-22e6-423d-b3af-cd2f46d644d5,1,427.87,0
6f5af28b-62eb-4063-a2ff-9f3b782f7472,1eb24cd2-f7aa-432b-8fb9-0d8e11a7ec95,6d08a8bd-725d-480c-864e-fbe6006a7a97,1,22.44,0
9a8056a2-fb6b-4988-a0c1-889729594752,1eb24cd2-f7aa-432b-8fb9-0d8e11a7ec95,3be37f4f-34e9-4a53-b0af-647dd47e3bda,5,206.47,0
f6ff9a0f-a84a-46b8-9e7e-1c0d65affe48,653b8995-a2cf-4498-a9d0-0549595b3010,c9d3a027-ca93-4d17-8819-01f405b589ea,3,1494.64,0
73d39f49-e9af-4356-9e98-3f9a399277c1,1b7bdc85-8847-4e33-bac2-2675d93faed2,9f0edc15-9763-4b0f-8f99-3bd2a8f900bd,1,283.76,0
edbaf370-929a-4abd-a1af-ebc633b469eb,f01ee81b-481c-448e-b29e-4de93f304860,cc91ffb5-4354-4875-aa05-5b72db071fc3,1,178.8,0
eb2cbc94-3b29-4519-bb47-b561542effc3,f01ee81b-481c-448e-b29e-4de93f304860,f63cfa28-ecf2-4143-9f32-23c03dcef62a,1,267.37,0
29c8d87e-e9a9-4797-aac7-9a3a9c6b9d10,f01ee81b-481c-448e-b29e-4de93f304860,2902ef45-fa22-4481-9591-56abb4ecc513,1,178.26,0
20a3e7fc-c2f6-4e6f-9165-b88956f8e076,cb94a165-51b8-46a4-bb3d-d762cc2c8f87,6a964c47-d810-4728-a695-116812f0d0c0,1,332.24,0
097b66c8-c264-4b68-8490-9e7757e70021,cb94a165-51b8-46a4-bb3d-d762cc2c8f87,ca073085-7e82-4f30-a253-f863d7d6788c,3,381.02,0
d7b5f1f6-1fe9-49d6-ab9a-4a11070e66f8,cb94a165-51b8-46a4-bb3d-d762cc2c8f87,27d3377c-ee57-4061-b48f-74692845e202,1,257.89,0
9983b027-7b97-4e54-9443-15a462ff7fd3,cb94a165-51b8-46a4-bb3d-d762cc2c8f87,56be58a2-46b8-4575-9688-c3582a4df033,1,1538.43,0
f18b71f6-d9b4-4d8c-91c6-ce962cdae295,cb94a165-51b8-46a4-bb3d-d762cc2c8f87,a74fd1ac-d2ca-4bd5-97ba-2dc8e600ce88,2,240.28,0
e32bd436-9f32-4070-90ab-66661c741ea5,32a69765-e580-4aa9-bf61-4de8766cb1e5,c651b0c9-6e5e-406d-9059-a6747078f306,1,18.05,0
680e7b2c-c65f-44ac-9fba-c06d6ab924be,4ee2099f-690b-4092-86a6-4f5195003665,ba5fa49b-b5de-462a-95be-9904704afb75,1,691.8,0
dc45ca5b-422e-4309-bd44-874843516774,4ee2099f-690b-4092-86a6-4f5195003665,b6a34116-981e-4952-bb9b-6b1283db96d8,1,118.26,0
8b35bb25-d4ff-46bc-91df-5b0ed470bbb0,d2b3b45f-6b6b-456c-bc85-90cbd4fe0240,8f822177-111f-47fb-87de-04ebb3f36f51,1,126.78,0
58f80038-e45b-48ae-a92a-15cc8465e8a7,40d430da-5116-483a-875f-fbf9b952b244,e4523d8e-c328-4c65-826e-7b9b5d07ed1d,1,362.1,15
d2fdf58a-2305-4ae6-9ec9-daa9274cf4bb,40d430da-5116-483a-875f-fbf9b952b244,fe38a7eb-661c-4177-ba58-492abe8cba08,1,125.36,7
3d5a85f5-5d79-4266-bc0d-e2ea8cc1af9d,077aa069-8d66-4a99-b6ba-8b3beee2ee69,ebfebe11-e0b1-409d-b2c8-e9b357358a77,2,1337.31,0
13b4eec4-d86c-41b5-808f-15cbbde8bfcd,077aa069-8d66-4a99-b6ba-8b3beee2ee69,94c59508-1838-4771-806c-edf3d4c2de95,1,62.98,0
7136df8f-fe48-481b-8aed-0304a18da92b,377892e8-3a19-4690-8caa-60fec6a84eca,cf73f4ad-0340-4d58-8022-38be55818828,1,143.46,11
5955d0d0-357e-4d89-b1a0-ecc62939b8ff,377892e8-3a19-4690-8caa-60fec6a84eca,b06049b8-0511-4723-b7f1-10f6fb6bd6f4,1,365.47,9
3efdfcb1-2ef3-4b89-b2b7-0ac235be2da8,0a4722e2-1cc8-441e-94f3-2ca5173b97df,bd4b3896-7ca2-40f3-9bf4-1b82d0d40ee2,1,852.19,0
8cc310d1-f3e7-4997-8255-3a041f81f0b1,0a4722e2-1cc8-441e-94f3-2ca5173b97df,03e72965-7bf5-4921-9563-2c34fdccff69,3,38.02,0
4eeb7f6c-8dfc-4522-87bc-5b16bc1ca7e8,0a4722e2-1cc8-441e-94f3-2ca5173b97df,ec4e4937-2b13-4b9b-988d-933858025b85,2,110.19,0
f960dd60-8074-45b4-b89f-a29ccc690cdd,75ef4f15-2b1a-4f76-8655-5c4ae009c525,48f3f121-8dd8-4701-9cbb-5329c7523d23,1,129.11,0
a1dbc20a-4d1e-46f0-909a-ca840ea8642c,75ef4f15-2b1a-4f76-8655-5c4ae009c525,ee24abf1-f979-47a3-a3aa-1f2a3d02692c,1,447.83,0
37909982-a3ee-4efa-b12f-77606032fe05,f32c1dd2-a6ff-4fd9-a3c6-ec3006eb9560,ba90976a-60d7-4b5a-96fe-a0aba404ed21,1,75.84,0
d949ac0b-00a4-4ee3-a72a-7b4de1bb0651,f32c1dd2-a6ff-4fd9-a3c6-ec3006eb9560,bddb27f2-9aca-41af-92e5-4e4b5193f7da,1,142.04,0
e0b7d64e-f692-4fa3-8a7f-1fd09172fc75,c5c32e38-5d52-428e-89ed-41d3d83938cf,25fade2e-8886-46cf-9407-0bcea1b6bfc5,2,20.15,0
c55fe4c1-e39f-495c-8a46-452958140013,c5c32e38-5d52-428e-89ed-41d3d83938cf,9141bc49-6eb9-4ae8-ada1-c4b001ecc71b,2,75.04,0
b1acfd6c-f7a2-4e1e-ba53-92972b9460b8,c5c32e38-5d52-428e-89ed-41d3d83938cf,c454badc-7c8c-4acd-af3b-cf73751dbb59,2,5.95,0
195ab042-204e-4932-b7d9-48e730ae8e6e,c5c32e38-5d52-428e-89ed-41d3d83938cf,f375f198-7f7b-4eba-a257-7d4058b2e651,2,24.55,0
310085bc-c777-4c9f-a71d-f46a8d0be409,139e8e79-693d-46de-9891-8d068daa4376,9cc0d3a2-0331-48d7-a9ce-4a695754cf3b,2,157.22,0
8099ca05-916a-4661-b3e9-84b412949e05,139e8e79-693d-46de-9891-8d068daa4376,6cc4bb63-8686-40d3-9071-ba474263786c,2,257.98,0
67f7051e-bd41-4077-abc8-847b05498ef0,139e8e79-693d-46de-9891-8d068daa4376,ef7b41ea-e906-440a-8821-4e6cc2724644,3,1154.03,0
6dc310c0-7977-4e15-8440-804abfd7507f,73bce911-1d53-4be2-946c-0eeeb25357c1,a5add8d2-3875-4e28-8222-9d85832c6f35,2,18.4,0
bf830681-ba55-4618-906a-673e78e278a7,4e2a7653-55dd-4960-8a94-38a0296834f5,18ac58f6-606a-4684-849b-0c6c40cf29e0,1,12.18,0
7cee5c74-9a7e-4344-94b3-31b64aedba0e,4e2a7653-55dd-4960-8a94-38a0296834f5,36c7f960-ea0c-4190-98c5-722eb58c0154,2,243.0,0
21a31711-59b6-4e5d-a620-f8c86c3f5bb5,4e2a7653-55dd-4960-8a94-38a0296834f5,ee1d5828-4c18-4b4d-8a55-818555dccda8,1,155.99,0
379f596d-2a06-4c5d-8148-26fd46f9c760,4e2a7653-55dd-4960-8a94-38a0296834f5,cb379df7-5d46-42fa-a383-a83de845ef7d,2,34.47,0
e7e40fe3-46de-44d4-a49a-b130c911cfaf,bed78df7-3230-4c02-9c49-4fa10e1bf99b,dabf5b64-6459-47ac-b536-df3676d80b2c,1,226.78,0
5f3a8cfb-1751-4650-aa4a-0722c1d665c5,bed78df7-3230-4c02-9c49-4fa10e1bf99b,2ebe66fa-19a5-4288-93e4-c3f3732514d2,1,1784.32,0
ff140a92-fc6a-4874-8232-67e784fc5d66,2f501c4f-5766-44e5-b9b3-fc5fa9f0c6ac,79dd1461-a718-4cf9-bc1b-76b8d3c0054f,1,1605.52,25
c7960a60-8ba1-431b-b369-19edd06f1f78,c518a566-bcaa-4325-a2a7-93c3d8794cbd,e77fc452-7ea1-4c26-85e4-04d1440c3b0e,1,19.58,0
3607c054-ffe9-465e-a10e-fb142f2e554b,5fd87108-a207-4d55-80f5-0606eb4c946b,8e382279-4c39-458b-a430-3becb4aaa0c6,3,72.45,20
45ddf9ae-eff4-4436-a038-44ad4e2e8955,5fd87108-a207-4d55-80f5-0606eb4c946b,448e8b02-c2fe-4ee5-b25d-bc2ed16402cc,4,12.39,19
441d853a-da1f-470a-bbfc-289231c0fe58,5fd87108-a207-4d55-80f5-0606eb4c946b,1c71aa5c-9a3a-4b4b-bcb2-6c16b4c2e200,1,1243.44,8
df625ef3-5f6d-47d2-8835-7952f7066acc,4d06c679-2015-4ef1-a8ad-2c83b6b3de8c,10b8ea2b-c97a-4e84-9a0b-f214a75721c1,3,206.25,0
10c9714d-44d5-475a-b479-84cf9b2362de,423caf77-939d-4e70-928d-32e55e5db020,17dca1d8-11eb-4acb-9d6c-a7d2d8bcfa42,1,503.22,0
bf0493ea-619d-4cae-8646-2661f31c299c,423caf77-939d-4e70-928d-32e55e5db020,f8a1f413-1ef2-4f84-9817-34eb5daa52b6,2,27.45,0
dd5e59b8-ade5-496c-b271-4ab3a17d3b55,423caf77-939d-4e70-928d-32e55e5db020,9fc547d1-b7fb-4997-bf35-4f1ee409236d,1,128.98,0
5dae1ce1-7c28-4139-9f00-4721dd048abd,423caf77-939d-4e70-928d-32e55e5db020,6695712b-8b87-4e3c-b849-9860065ddc6e,2,239.51,0
2dcebf50-5796-470a-a4ad-6204ddc0c1b9,24cd484c-4474-492b-937b-448e41cbdb46,e13a55b9-ebd0-4d98-8531-e4e1db612d7e,4,114.08,0
699aa7b7-e523-43d1-aac0-91bf3d0c96cd,fb0197c5-6200-42a8-a162-fd110e663b65,3d007fea-6195-483e-851a-e5881b1ff862,3,134.09,0
031f4c33-e7d7-4c7e-ae7e-7f3157f0c7be,fb0197c5-6200-42a8-a162-fd110e663b65,bd26deaf-b2e6-476a-bc83-0f7bb138e5b2,3,25.36,0
052841ac-d471-4d09-843f-57996610c5ef,fb0197c5-6200-42a8-a162-fd110e663b65,e1b6c10d-9b00-47c8-8682-fa24e1d2522f,2,64.91,0
348f3ad7-7528-41be-ae39-63caec3195a9,b31017fb-0508-452d-960b-178d08567652,0572d75f-f278-423f-9d34-a7f8eb8775a1,1,182.14,0
15d713a5-ade9-4887-aa1a-af8e9c117890,b31017fb-0508-452d-960b-178d08567652,32160158-20ff-48db-9932-f35522962193,1,1238.98,0
5c7e601c-9377-4f74-96c9-0606bc1ff3bb,b31017fb-0508-452d-960b-178d08567652,571ada32-c0e9-47eb-9a61-07ea5df94c70,2,129.26,0
ae458823-d2e9-494d-b709-bbb905f3c15b,4fa0c26b-ff48-4651-9683-5dba7bb3a5e1,b0a72264-55d2-46d4-abc3-d54276992c92,1,2738.33,0
488cd78c-12b7-490c-bf83-8a814af85fca,4fa0c26b-ff48-4651-9683-5dba7bb3a5e1,7fb0f843-3067-4243-9fbb-265d00d54522,3,230.21,0
2eb77842-9bc2-446c-ac03-a8bbec188280,5782da0d-b3ab-49e0-9832-15745b3263eb,ade5f2dc-72af-4a67-8050-ca0e6f43c0d5,1,863.39,0
fc956089-988f-4c3b-aaef-6b69d617c4b5,5782da0d-b3ab-49e0-9832-15745b3263eb,24e38391-f041-403c-bf06-7f7b6f0a36b2,1,165.04,0
0ee4e5a6-4fa4-4a2e-84cd-d380d98c9eb8,1f7cbb7d-ff23-4b73-8ecc-1b3f57a87b05,4ce20ee7-3e86-464b-a103-09e032c1fb77,1,97.32,0
dd0eaf7c-6044-4ffc-974e-e1f7280e880a,a39a6f90-1349-437e-bd78-caf8814bef8a,cb59f795-7530-47ee-98ae-221c2c5803ab,1,1371.72,0
b92dde29-7a27-41c8-a082-5733a34ec01b,a39a6f90-1349-437e-bd78-caf8814bef8a,8246bfea-7666-442a-8d50-d973341449af,1,245.13,0
4e64a8da-db88-4ab0-bf32-986a33316c01,5e290df2-7450-4c13-a181-1e14b5a7ee57,03878f47-a809-48ab-b496-d09c3df203c1,1,1823.29,0
b3d0360a-8d2d-4154-8073-cdd805c10cb7,3cb341f1-6b67-406d-a59f-ecd62d8a75fe,4898d813-9f44-4522-965d-c311931f643f,2,129.91,0
14488a36-c443-4462-a2dd-3fca7c7179d3,13511496-8933-4412-9e0a-20a86a73a932,d28b7f07-7674-4c79-bfdc-7803453b6ae2,1,462.07,0
69dc9732-c180-466e-bf5e-32118942b340,4a98f256-4aba-4c25-a0e9-d3b76cca272a,ae933de8-3d8a-4764-aaa3-8ef69d508ff9,2,47.84,0
20e4da81-1428-460c-b7e4-2e6251f6158c,2765c404-5ed6-4166-a42d-3f028c681429,6f3000b9-6fb5-4270-bb23-0ca935f0b690,4,40.99,0
0546ed14-3d68-48ed-8cfb-749a98531e8c,2765c404-5ed6-4166-a42d-3f028c681429,82986ade-f68b-475b-9410-acc0979ec258,1,26.47,7
09af7b4a-c5ab-4f2c-8077-df50ea7ec806,19c9e726-b4a1-4484-a2c0-19ecde18ed06,a5ae7928-bb64-40e0-ab91-4f54ece11dce,1,296.58,0
43d1795b-5808-408f-b729-abd670d05bbf,10f54c1b-4d90-4d4c-882e-20fc0d329845,a46ef4c3-3e41-4aa2-8eae-22d751cd7e94,4,36.47,0
45662af1-031d-463e-84fc-c148277f97d8,10f54c1b-4d90-4d4c-882e-20fc0d329845,2128d077-6c23-4e42-a99f-af8d33664fcc,4,84.58,0
724bdea1-1c64-4352-8fd8-3b990b478d76,c6b72ab9-9ecf-44ee-a69a-dccc926b757b,fd15ab8b-089b-413a-a02e-f3d38407bc0c,1,77.67,0
58a7c8e2-9574-432d-b593-fc0094c4e4e0,c6b72ab9-9ecf-44ee-a69a-dccc926b757b,87f8b24b-e8c7-4356-b079-df0e492fdfc0,2,621.88,0
9be5f155-9334-41ab-b935-f787dea37918,2c89d790-d430-47a1-ada4-efd5456c0978,b65e9c61-d5e9-43c5-8a5e-7ccf76a1032d,1,162.81,0
f191e7ee-91e7-4de1-b4d5-c967f5e77f0b,b4937343-17b7-4c92-bc03-5e0395043bae,8d9330b3-8c90-4d4a-8a8a-16fd91d53e93,1,68.21,0
47cfcf05-73be-4b03-8c28-93bed82fe80e,b4937343-17b7-4c92-bc03-5e0395043bae,d8c8acfd-0e38-4214-9f1e-6f9d5d85e557,2,212.34,0
a07c6ffb-4e15-461c-bd8c-1005679d76f4,5b21f31e-83c7-421b-a363-54fffbff6c2f,77bb7fe1-7e16-466b-8348-33cfbf79f350,1,24.25,0
6c54c44b-e2d9-4692-b05a-bdd92103944a,5b21f31e-83c7-421b-a363-54fffbff6c2f,d477ab2b-b37c-4857-9e89-d61e4d6cc3d7,1,153.33,0
87051b6b-0849-4d07-bcac-dd1fc7c6e228,5b21f31e-83c7-421b-a363-54fffbff6c2f,fa7f7422-f68e-4425-b87c-974314b23fd2,1,262.85,0
6a54e1e5-d35d-4f36-a0d5-833f2d149acf,5b21f31e-83c7-421b-a363-54fffbff6c2f,d8d5341b-9159-4488-9ebc-a14b2dbbad0c,1,230.02,0
921f64c6-32e7-428f-ba6a-3a848b9acb36,5b21f31e-83c7-421b-a363-54fffbff6c2f,f99af119-acc7-4246-b1ae-4103e69fddde,2,263.99,0
09001d2a-6307-471e-b759-ba199f34189d,ae74db40-5359-4a49-9ea2-6d04b68f66a4,5c81514e-b53b-4fa9-98e3-7d0838ad33b1,2,43.2,0
5bd8acbe-f0ee-4cdd-af17-086205df6460,ae74db40-5359-4a49-9ea2-6d04b68f66a4,871021d9-ec29-4ac3-b13b-212a58a80f76,3,389.88,0
19832de0-59c7-4950-883b-6efddb00bfc3,ae74db40-5359-4a49-9ea2-6d04b68f66a4,897528e9-bc7b-4936-8d25-b50b96cf957b,1,1077.36,0
2a182f10-fb64-422c-95d2-4dffe33b3ade,63547c8d-6ee4-4a17-8544-b0e44c88985f,2d935757-381f-44e4-9957-b9d662320f43,4,193.78,0
2729f77c-e6b3-4eca-b432-ada165c977c9,88a29503-6a99-4cbe-8122-11f35d61e012,3e6c2742-b5bc-474e-b036-6da0b64cc876,2,1406.25,0
f9fe0bb1-5b9b-4ac8-bdf4-40835d5e5d3b,88a29503-6a99-4cbe-8122-11f35d61e012,4bdbc1b0-718c-42b2-a563-87c86c456ff3,1,230.36,0
33c2fe2f-45d4-4a00-a8da-817313593aed,88a29503-6a99-4cbe-8122-11f35d61e012,98f438d6-f7a1-4005-90a6-295c0a2e1c44,2,219.06,0
13e28504-c3a4-4684-91d2-7403005a6b5b,c9a242f3-b002-47e7-95f8-0c330f4f60f9,c481f04b-1d63-4eab-83d0-fae79a0b1fae,2,56.61,0
e5ac1683-3594-45d1-bc48-ea97f9343cc6,c9a242f3-b002-47e7-95f8-0c330f4f60f9,c983a99f-a818-4f8e-8e2a-d6c5f5c702e9,1,1730.26,0
dae68baa-49b1-49ae-b4c2-337fb9cd3dd1,c9a242f3-b002-47e7-95f8-0c330f4f60f9,45b2e651-0811-4090-ad3b-7cc9cc73e480,2,382.9,0
0e04ec4c-f8ce-4e06-984e-fa48b91ec51e,c9a242f3-b002-47e7-95f8-0c330f4f60f9,f09f7530-7995-4cfd-b989-cca368939190,1,21.15,0
f1054b99-8fe7-4fea-8a89-53f513f354c9,c9a242f3-b002-47e7-95f8-0c330f4f60f9,3f25b4bd-1412-421e-96d4-4cfe3c9bf490,1,385.34,0
fe92ff6f-2f05-402c-ae14-a807d98384ce,2a625d9c-2fbe-4e22-bdd4-ad5658c1dba2,b3ac2f1b-0287-4c20-a0a5-6c8ff54d12ac,1,248.14,0
d980f4d0-021e-4cc1-9c51-af884654e254,2a625d9c-2fbe-4e22-bdd4-ad5658c1dba2,96ab952f-8fc8-44ba-9763-dac1f371a302,3,16.77,0
7cd2bf7a-2cf3-463d-b1ac-cc1c66a72aea,2a625d9c-2fbe-4e22-bdd4-ad5658c1dba2,1266d4d7-5bfc-4756-93da-15de1c44416e,2,27.95,0
8fc0b1cd-3cea-4f08-8d48-2bf8837505c2,3f376e66-ab1b-47a0-b57e-67df52efb53d,f925424b-5281-4f63-923c-8c170f6289ee,1,76.04,0
52421da1-1993-40f4-b4e9-f6e3bb2bb73c,3f376e66-ab1b-47a0-b57e-67df52efb53d,e000ba40-7024-4c9d-bdbb-80849a2a6529,2,979.47,10
be4648da-e7cc-4bc3-bac7-82e1b5aea3e4,3f376e66-ab1b-47a0-b57e-67df52efb53d,9297fc53-d5da-421a-974c-5b2bd491a9aa,1,22.93,7
a310beba-5957-463e-b6f2-8fa648e4ade1,3f376e66-ab1b-47a0-b57e-67df52efb53d,8f4ad548-bb6f-4742-92ea-242cdea3ee18,3,1169.72,11
e2707c6d-4484-42ef-a479-2f6a7aa30b86,3f376e66-ab1b-47a0-b57e-67df52efb53d,d51cd110-9b1d-4c2c-930c-879226f002f7,1,6.51,0
9900352b-7554-4693-baf9-e4ffdb01cc1d,7b761e7f-1b30-430f-b200-ccb23fa361cb,f52e9f45-dab5-4396-b0b2-22517bf43424,3,51.29,0
82c0525a-c8ff-4e2a-8173-d3f6a36b2f76,84155393-f2f8-4e34-aa5d-df3aec4428a1,2128d077-6c23-4e42-a99f-af8d33664fcc,2,87.33,5
ebd113f8-476c-4cba-a2e4-ee129e26e66d,7599ba42-3768-44ab-bf42-70e267add219,762a1b6d-e8c6-44b3-bbfc-06ea1a3979ba,2,132.08,0
8e1d761f-6dc7-403a-8d87-82510799f413,cdda009f-b6f9-4cfd-9873-13a8b28c93b8,69696d4d-f827-4fc0-880e-cc52a7a1817c,1,1589.85,0
b64e34b1-9f70-44e2-bed3-a33aa0311b63,70293f8d-a3c5-45c7-bf16-cbe5387bc082,bc4a1ec4-6987-4f87-b6fb-80095794ada8,1,123.36,0
63b50761-57e3-4416-af24-7271901f5572,70293f8d-a3c5-45c7-bf16-cbe5387bc082,80b58464-def5-413b-8fba-97581ca17ffb,2,55.11,0
71e77e09-ccbb-4073-937b-33fb12d8e9d2,08130c6d-1a6a-4c88-b927-4c73b4462570,e79afcf5-377f-4e63-8e42-8a7f24ece0df,1,71.75,0
81fd417f-b063-4087-af49-11ad12c53618,08130c6d-1a6a-4c88-b927-4c73b4462570,ed4de441-4f90-42ba-b583-1bcd2ab40ccb,1,43.82,0
1aec24b9-6dff-4006-8b90-b0cd09161820,08130c6d-1a6a-4c88-b927-4c73b4462570,6c72fd65-1f64-44d0-a5ce-4a096e9ca08e,1,158.51,0
9e417ae5-8675-4e9a-8d4a-582b00e573e9,f4db1a65-dd93-4884-8f08-7a14ec410ffa,eae25ea3-1f69-4606-88b6-f529cfadd27f,2,95.25,0
541db888-e9bc-46f4-b6b8-18e3666fc0ee,bb4002a9-74bd-4c1c-990a-8e109dfb7660,71a607ed-4032-41c3-afdd-02467b35750a,3,420.27,0
19e25c48-2c50-4e09-bf78-cb77808fa23d,bb4002a9-74bd-4c1c-990a-8e109dfb7660,8e0bf3ac-bf94-43dd-841f-aa513cf8d6b4,1,383.56,0
0a640d68-03c5-44de-97a7-5229cc4b6b6b,1b3d1a54-8551-4402-a608-d3e1d8a50a09,5b6253ed-e2a7-4fc4-bb74-6639eb519953,1,196.32,0
25e47589-c243-4495-aaf3-8e4599ec2147,1b3d1a54-8551-4402-a608-d3e1d8a50a09,44dc4f7a-f6ec-498e-ba84-5c95bc681cf6,5,51.39,8
61c3183a-bcff-4348-8667-32a2a65d535d,1b3d1a54-8551-4402-a608-d3e1d8a50a09,bdf23435-9517-4ad2-afc3-e4ab0895ce04,1,223.89,0
6504718b-314c-4d85-926f-52a4e0a9e92b,1b3d1a54-8551-4402-a608-d3e1d8a50a09,3d7c7655-48ae-4188-99b9-fa08da7a5fbd,1,190.8,0
e9ff1ef0-d579-463f-97d9-29e229c725ca,1b3d1a54-8551-4402-a608-d3e1d8a50a09,f7835c39-f9c6-406d-b629-a8b9cf729ee8,1,1611.87,9
744de83f-d6a9-4805-9901-ba8385bd8e49,da93daf9-3a65-4a32-850d-7e86741cd0b7,e148ba6d-c893-40b7-b139-258ff19941a0,1,217.37,0
15b4bc62-4519-454a-aa86-c7d1e5c5658c,046e06fe-0e31-45f8-a8fe-c12c20dc0120,7735f4e0-21bf-4aad-90ab-bac5088c6f37,1,319.52,0
35be2423-ccdb-41af-a47c-56ada49d22ee,96f5a8c1-e5ca-4f3e-901e-f6d343547ac2,d3a3fd78-d16c-4dd3-a677-a6edec81efdd,2,17.38,0
9ce77740-73ad-4875-b752-6752bac519aa,b9d8c99e-b9db-4570-a6dd-08dc29b204ff,87ebd35f-c186-439f-983c-635c1ecc957b,2,818.71,0
6fd6a735-ed12-4193-88c3-e91e6eeb2e09,b9d8c99e-b9db-4570-a6dd-08dc29b204ff,ef9aeb61-23a8-4c4e-9301-dfdbbcd4fa9d,3,1993.36,0
31f67999-bbbe-478a-ae7f-0b1b3938f85d,b9d8c99e-b9db-4570-a6dd-08dc29b204ff,94871bbd-40a3-4d24-817a-032c75b1cc8a,4,1515.73,0
3e16d306-8bf4-4352-9d9f-32bb186de6b9,6c01f9d6-bec3-4590-886b-8cd7d25e7050,dc63a306-6e3d-4896-b1c5-2074fcebca91,1,114.72,0
ac72585b-92de-4f8c-809d-5a5c98e3d7df,168a536d-74dd-4ab7-992e-c4286d8837cc,85b8a7f6-ffd3-45dd-b97b-023dd82eed8a,2,11.86,0
d1ed7236-ca8b-4551-86d0-c0910d23691a,49c88b8e-ad47-4587-941e-95db5f77e6a7,8cdc1e2a-8df1-4f84-809c-8a93e3536928,2,113.1,0
eb0d88cc-0752-4541-8a73-b960e9e62391,23579dd0-1aae-4540-8a49-52c2b68d50b4,f0bdc088-5912-4358-a1fe-bbd7ae400e06,1,166.15,0
e10cd297-2140-4c3c-8cff-32216873da8b,23579dd0-1aae-4540-8a49-52c2b68d50b4,44412c97-7884-47f5-abc9-adea3ec00d9c,1,1982.12,0
7c12703d-35a2-45db-8d9b-2de4c48edf33,7f89497c-ccc2-464f-8301-16e823cefe8d,4aac0f77-7cea-475b-b51d-5e93481ee098,2,563.18,0
bd91938b-523b-41d9-8f16-5d903734e681,7f89497c-ccc2-464f-8301-16e823cefe8d,56be58a2-46b8-4575-9688-c3582a4df033,2,1297.72,0
dec0203f-bd44-4999-95e4-0d79baf18797,7f89497c-ccc2-464f-8301-16e823cefe8d,da577254-5b5f-412e-b6af-1c277b7121b3,2,45.55,0
45d276a0-a224-4176-b0c0-e22a7acee685,7f89497c-ccc2-464f-8301-16e823cefe8d,a82ca965-b4a5-4a24-8aba-f0614bb51da4,1,139.06,0
e77f817e-3565-40c8-9360-d6e1fca2e55f,9ca511e8-53c3-4de7-90d1-de37cd4525fd,637edac5-9b81-4758-a62f-9d24ebd459ae,1,1092.65,0
db5de448-b621-423f-85c9-918aabab9d06,2d6a2a6b-1b26-41b4-ac84-42206fe8c1be,6909be12-3a77-46ff-a80b-925ff2fd2a6c,1,241.56,0
7d79bd75-9bad-4e09-bab9-6323e5fd4c8b,29c15dcd-f8c2-4cfe-8f4c-0e65af354879,38281a9e-8cd1-4d7c-b3d9-47337ebb5525,2,67.74,0
91b6ba04-3528-4902-8fb7-3413f01121f1,29c15dcd-f8c2-4cfe-8f4c-0e65af354879,478025a4-f04b-4eb1-97e5-5380114d1723,1,861.03,0
c30ff6e4-1d2c-4e4d-9d8e-0297378172b0,09e63c5f-7400-4fbb-a120-152d50904697,b8380bc6-7a09-454d-8a1c-be8f5e0ad818,1,405.03,0
8f7d76e0-5445-4131-822a-e37949d2248e,09e63c5f-7400-4fbb-a120-152d50904697,b8c67b1c-c679-41f1-90d7-057aeec35175,1,48.57,0
8ac8e62d-4c73-47f9-8ed2-6d76dfd87099,b299ac1e-fabb-448f-ba40-61a5404ee866,f31d727a-2806-489d-a6fa-a62c6ddfde32,1,256.6,0
b947d229-f6af-4655-9c9a-ac780e1a19c1,b299ac1e-fabb-448f-ba40-61a5404ee866,d52c2e08-f07e-42e0-823b-5cb461669256,2,261.05,0
ec261398-6ff0-4299-a5cd-4c41bf29192c,b299ac1e-fabb-448f-ba40-61a5404ee866,38d69556-368d-478c-8943-11d7907d7226,2,73.18,0
2e4bd2a6-3c7e-4394-ac1f-f9b3eb3df6f3,6e5e980d-e941-4dc4-a028-23875848432e,b7893466-347c-42e1-aa8b-d20d13c15d33,1,53.8,0
310adc31-8c27-46b5-a7f6-974295c73b46,6e5e980d-e941-4dc4-a028-23875848432e,5be29643-1bce-4157-a3b2-239ee5f327bc,1,45.04,7
71a1d690-5e6e-49f1-a615-387e3e9146eb,03c7a963-fb91-4121-b638-740eb4c54cac,d5df0a12-dcaf-4ef3-afc4-9ee9ad77d3da,2,157.4,0
86508465-89ca-46c9-a829-168b4f60a57f,03c7a963-fb91-4121-b638-740eb4c54cac,b3ac2f1b-0287-4c20-a0a5-6c8ff54d12ac,3,264.74,0
05838c4a-3337-4cb7-a462-e19eede01b49,db99a8b4-4f77-4e62-a7e6-27bfe0b95c20,befd392a-1298-4242-b080-9d8ba66fbd6c,2,488.93,0
4ee41698-3a70-46ac-9b53-e146bf44009f,903196da-e18a-4d12-8cb9-2079a7786589,acb2f85e-4dad-4cc8-abd4-19059f93d029,1,457.25,0
9ad77b5b-51a7-4fa0-8d51-fd636796b265,903196da-e18a-4d12-8cb9-2079a7786589,9317d81d-ff76-4ff4-a01f-cb945a376810,3,351.12,0
5bb5fa0c-8ae9-4a1c-bacf-36ee83abba54,903196da-e18a-4d12-8cb9-2079a7786589,c1ac636f-729a-4d0a-85bc-ee55e1911b04,2,53.22,0
503b65bb-e7b9-4dcc-81d4-c6ea640d49af,903196da-e18a-4d12-8cb9-2079a7786589,9cb89fcd-b34d-4e6e-a803-8ab099969b18,2,145.03,0
e4aae58a-623f-499a-9f40-896790a54c89,8747d7bb-23c0-4d9e-b511-c11ddf79c3fb,86f95c17-37fd-4530-8244-f505ddcbc08a,1,274.68,0
a9cf1b43-932b-4fb6-aa9c-10bc2a4ea607,8747d7bb-23c0-4d9e-b511-c11ddf79c3fb,adf5b87a-93d9-4d34-bcd6-ded08a5e825f,3,1884.79,0
1b2f8744-eab7-4867-bdd8-072eb89470ef,9461289c-a7d6-4135-9583-74d7f68a66df,4283ec04-0582-42c9-b926-94c5282bb756,1,43.43,0
7bc59ff5-febd-4f87-969e-14389e52b8ee,9461289c-a7d6-4135-9583-74d7f68a66df,d8c8acfd-0e38-4214-9f1e-6f9d5d85e557,2,211.45,0
095d962b-6e2e-44c5-b3a7-4ca56d4cdd2f,9461289c-a7d6-4135-9583-74d7f68a66df,dc018241-6be9-43ff-aeff-fcf2179f3cd2,4,1590.34,0
0c4290de-ceec-4f0e-b863-735fdcb70586,9461289c-a7d6-4135-9583-74d7f68a66df,cf73f4ad-0340-4d58-8022-38be55818828,1,167.69,0
5236d754-44bb-453d-af00-ee267a58f2b8,8698f3fd-7a10-445b-808b-10c5974b701c,e9025824-4488-4a98-8e90-09015645e629,2,124.61,0
ea15dca4-7255-416d-aa1b-a2d8276cac6f,8698f3fd-7a10-445b-808b-10c5974b701c,e60a8643-e91c-46f5-a056-51642f798194,2,1982.34,0
c181a087-9383-469d-8587-ef6e457b8654,7ad8b920-6632-4c71-b307-ef0afdd79e68,fe74a2af-b57a-4e91-b070-8bb1572c582e,1,34.52,0
fbf8b34e-0a60-4019-b485-765610ede264,7ad8b920-6632-4c71-b307-ef0afdd79e68,0f0fbc4e-e2a4-44b5-bf8c-403c7162e367,1,179.21,0
1c770563-a177-4885-a904-92c842ae1f99,7ad8b920-6632-4c71-b307-ef0afdd79e68,bea915e5-8009-4360-88ff-d209558b1ca8,3,153.65,0
8b6a06bf-7480-4d78-8ce6-57278e34aa49,7ad8b920-6632-4c71-b307-ef0afdd79e68,f877f9f2-1006-4f3e-b90d-51e289eba9bd,2,345.7,0
dd46b754-ff3d-4549-a558-3834530cd659,006c09ed-acd5-43db-b051-78faf5b00112,e921993b-983f-4b16-afa2-db6dce9475e9,2,313.73,0
613b5f24-31ee-4df3-b79e-72f5e61fa931,a183fe1d-bc7b-4a35-8ac3-df4c498582e4,a64b5f9c-2887-49ce-a3b1-f17d36492545,2,55.88,0
5eead871-9c3c-469e-8d28-6f05b580a743,c6eb32e1-8062-4570-afb5-aa8824d295bc,0ad57c63-9658-4357-9463-6f179038a3c7,1,1907.83,0
277a70f2-f716-4686-bebd-a4e0dc269a5d,c6eb32e1-8062-4570-afb5-aa8824d295bc,ca8b81bb-9735-491d-9ac8-1f198957e6f2,3,143.28,0
1c3e29b5-6dfc-4c3b-94c6-3ca90d201460,85fb81aa-a81f-4d99-9133-cff93912bf07,0b5eae33-a128-4fce-b7a1-975184006232,2,498.06,0
0ce80aed-b8a1-43ca-bf68-1515cf3d2a59,e6243a95-6f72-4afa-876f-e1e3ab01bea5,9d0be306-0170-4371-bfaf-757b5125b3d1,1,184.59,6
45d99a75-ebf5-42f2-811a-f5c75b9efb77,e6243a95-6f72-4afa-876f-e1e3ab01bea5,ff2ee026-e2c0-4c8f-bfc8-e63e3fd61906,5,71.94,0
1b4831f7-94e4-41ce-8422-46573a1281ac,4d8c90fb-7f80-4ab8-99b3-98764f869462,d4f4e90f-9ab7-4c14-9226-4a3ce8501d31,2,455.97,0
02a7731b-a595-4ce4-a85e-079bfbf49784,4d8c90fb-7f80-4ab8-99b3-98764f869462,cb8ec581-7cab-4ef2-928c-930fa9069d24,2,44.45,0
758e97c0-84cb-4b8b-b419-d62e2ea74624,4d8c90fb-7f80-4ab8-99b3-98764f869462,17c51574-7463-4eb7-ae41-b338015bf8a9,1,64.43,0
745e01ae-6bdd-4f06-9c02-e2bf9ec181b7,4263b9dc-df4a-4fe3-a978-8cfa3c4eb3d9,cd6ddb09-0ec5-454e-8d5b-13591cbf8889,1,77.65,0
397ef0f1-52dd-460c-b675-03050bce677c,4263b9dc-df4a-4fe3-a978-8cfa3c4eb3d9,051ccf78-40ef-4ec9-a08a-001d3f14bd99,2,1375.31,0
a11607e0-0acb-4a41-bdef-8212760f1f5b,5e0ce965-f032-4a01-b7e6-3ed747bf6fe4,8baf0c29-1693-4a61-a1e2-63f72806060b,1,124.6,28
ae73ae3c-7f44-4ee9-9aff-979d6d0ad74f,5e0ce965-f032-4a01-b7e6-3ed747bf6fe4,ac5b538b-9088-405b-8060-918f94a820e2,2,571.05,9
4c51af40-f430-42ad-9292-8c81e4b8ea39,575da41f-9940-453f-946e-55dd0edf5c05,2deaa433-6135-425b-8c12-81954ea019e1,2,137.07,0
24dcc37d-2fe3-4cb4-ab57-32ca92c890bd,575da41f-9940-453f-946e-55dd0edf5c05,5eb32689-74c0-4ed7-8985-7ebd8adc29b9,2,39.66,0
8fbf2b7d-1e03-4090-a0e2-6c6a6cbae024,575da41f-9940-453f-946e-55dd0edf5c05,684ba694-1f7b-4b94-8650-faa872aa2f3f,3,233.57,0
cdb68325-6eeb-4c0d-93ba-247f88eb51ca,575da41f-9940-453f-946e-55dd0edf5c05,6bbb03dc-368b-459c-8a70-afbcd822b758,1,202.33,0
df5c3f76-9f41-4b31-86c0-58d2e9f056fa,43968351-050e-4d34-b509-c90e63f710a4,8249e393-92e2-4906-a3a1-c3c56091e9f7,1,116.07,0
95915dd6-8c8d-4b4b-b2a8-78cdf9dda694,43968351-050e-4d34-b509-c90e63f710a4,89c826b8-816c-420d-9ab1-8ad3d5641bc1,2,92.27,0
3a24bbff-8899-48d8-b5fc-225dbe35b10a,88ccd786-089c-4c1a-8038-c87f74a5215d,d3bac9f2-a6db-42fb-850d-eda1f47166ea,2,459.14,0
37786292-ac50-4057-b599-87309b933403,88ccd786-089c-4c1a-8038-c87f74a5215d,2752a541-cbb0-4e72-a86a-17d7b0d1c5c2,1,93.39,0
0dcb035b-9c4f-44dd-b5de-c2004fbe37cc,88ccd786-089c-4c1a-8038-c87f74a5215d,982f3205-6282-4843-8fa2-5eedfa2d501a,1,553.81,0
544568e7-b62d-46fd-98d9-839e249b6f20,e8117013-a3fb-4f95-a3c2-0c35176ea9e6,ef5ec6ac-b79f-4b08-ab13-9bc69416e00e,1,1241.73,0
ef067290-8090-4a8c-b4ab-95a5811c10de,e8117013-a3fb-4f95-a3c2-0c35176ea9e6,1d7b236a-e3a4-427f-9e73-21694cc6eea4,2,280.48,0
2781186f-973f-4572-90e3-66879f532ce7,e8117013-a3fb-4f95-a3c2-0c35176ea9e6,3ff07f8a-a637-4268-8be3-4e01a581e014,1,806.24,0
9722a91e-8e55-4596-ac76-a80bb1597f24,e8117013-a3fb-4f95-a3c2-0c35176ea9e6,a93c46f8-a446-4d55-b049-34f94acc81c7,1,1381.45,0
434262a6-ebfe-4d8e-9b49-aaed4d5b25d6,e8117013-a3fb-4f95-a3c2-0c35176ea9e6,70aa32a4-f1ed-4215-8ac8-e15b69cf8d3c,2,38.06,0
12ee7851-6221-43da-864e-67bac31e1d26,cd7b92a1-f016-48b5-b4b5-24d6002f1740,c6169527-07d6-41a5-8651-8f0254b0b928,2,11.87,0
91cba647-6b3d-4a60-a5ac-9dda668d76d2,cd7b92a1-f016-48b5-b4b5-24d6002f1740,92a65259-d20e-4cef-8beb-4d581d82b7de,4,22.63,0
c9988888-c6a9-4e7b-9a17-3d3c16260360,99bea604-4a0d-4ed7-84d8-b1ce35e33ee7,b46f56f6-61e2-49fa-bcb1-4ee0a828ecec,2,80.48,0
cca8fc92-a3a0-4f34-b1b3-35c6d2cba547,99bea604-4a0d-4ed7-84d8-b1ce35e33ee7,764e98a4-7bbd-4f58-bc8f-52d06153f7f9,2,645.18,0
ac0118ac-7abf-4f27-817f-a9265d4aa63e,f9932e26-bc4d-47cf-833d-669441931013,8066177d-1b84-4ca9-9d7a-ed6af1cf37c6,2,1579.89,0
08477de1-57d3-489d-823f-c64b28927759,03e67b25-ff0d-49be-b6da-3260d496d90b,57ee4054-c3cd-4777-a307-1dd43478122e,1,160.03,5
1669cbe4-97d5-47ca-b3ab-2975134db264,24f77830-c5c2-48a0-92e9-6ec424d418d1,05204538-471b-43ba-b13e-ff1b42c35fac,1,18.45,0
a56f10ec-911d-40fc-9770-b872ccb12e7c,24f77830-c5c2-48a0-92e9-6ec424d418d1,875b224b-ef5a-4ee2-8d90-551c66517a4e,2,128.38,0
a36dae33-c85b-4727-a266-476d725d2aac,9f83c0fc-4e47-4dfb-909c-94cc87f7e219,55fa5465-d5b6-4380-8469-50db632003ec,2,33.06,0
367bf0e3-5d70-4042-b94a-77e36d14084f,9f83c0fc-4e47-4dfb-909c-94cc87f7e219,689536c2-fb4d-4b88-93de-cb36da569623,1,408.31,0
52786789-f414-43a4-9807-85b5e2712f82,f0905a36-9576-4c54-b1c7-67e5fb3f9155,ab62536a-4741-460b-ab35-ee0e365b01ff,2,420.28,0
810741d5-cceb-45da-9e5c-dc5e04cbc0dc,c7cd5de9-8afa-4ccb-b20d-f6de2c8a07f4,21df8855-fa7c-49e9-aa20-68b30f68a250,1,138.64,0
46c8a3c8-b398-4c95-9363-abf30c4919b2,c7cd5de9-8afa-4ccb-b20d-f6de2c8a07f4,306b60a2-85fa-4d88-b4b8-cd3e87022c96,4,73.07,0
c31e54e7-a3df-4d6a-a36e-9054eaf687ec,c7cd5de9-8afa-4ccb-b20d-f6de2c8a07f4,2752a541-cbb0-4e72-a86a-17d7b0d1c5c2,1,93.92,0
d5767a37-2e5b-47fb-869f-8dcbf29872b8,edcd6fa1-1a83-401d-b926-5840be12c072,8d72f476-d55a-4efc-ae0b-7de3d1f3100b,3,65.26,18
ab26072f-f5b4-4edb-9977-56db170dc821,9f974d88-5baf-401c-b4b7-88b3578f6568,7b067c37-884e-43ef-bba6-fd040f0deef5,1,24.09,0
f363aea2-40cf-4049-8d89-02c888396a25,9c2ec7e6-9896-4025-bd39-0b0dcfcc1031,62ec26a1-b44e-45b6-b470-c5cdce00ef9e,1,61.38,0
a625d80f-918b-43a5-92a2-66456c39d5b7,9c2ec7e6-9896-4025-bd39-0b0dcfcc1031,af3be430-c7c7-474e-b278-a7bcb1202ed9,2,99.29,0
11e018c2-1569-449d-af55-b7f96c223a1d,fde5e145-f711-4650-a6ea-d87e8ab0277b,dc0f946d-8a77-4484-a7b2-9f96f8c851d9,1,109.92,0
2986685a-31b9-468f-bb0f-5d05b08aa4eb,fde5e145-f711-4650-a6ea-d87e8ab0277b,62555aab-9ec4-4bc6-a3aa-3151c42f46af,1,849.46,0
64c24696-3dd1-4183-aa79-95da99f5ce06,fde5e145-f711-4650-a6ea-d87e8ab0277b,5d77b3c1-9f17-47d3-bddc-7685bffb5b16,3,130.62,0
1b49857f-5fe7-4b22-983a-77edd628e1fe,e4d2eaf3-bb8f-456a-b924-d7b1192c0d58,1a9ca583-ed02-4c8d-9219-43d009ad7228,2,1540.94,0
622d21d4-5a94-4cf4-abff-dfd5d4729a17,e4d2eaf3-bb8f-456a-b924-d7b1192c0d58,bb1a6729-586f-4d85-98df-f4a43e613d25,1,1014.04,0
375eb746-a5a5-4b00-a9ea-23c574f310dc,e4d2eaf3-bb8f-456a-b924-d7b1192c0d58,7a4c292f-c824-47cb-bbfd-5c55843cf6ad,2,22.66,0
8da31dab-0db9-4175-8b72-2036f7421bcf,c08c1e3e-b52a-49ad-9319-d2eb6e2b2b76,d2f4d528-d84d-4fea-b3c3-bcc41c2b3b83,4,277.56,0
50e65b9c-f2c8-4ab5-b9b8-d81509eee6df,c08c1e3e-b52a-49ad-9319-d2eb6e2b2b76,f7835c39-f9c6-406d-b629-a8b9cf729ee8,1,1492.45,0
59efbe7b-86f5-441d-a88b-f7350f421a0a,c08c1e3e-b52a-49ad-9319-d2eb6e2b2b76,83943ebc-abec-4525-84d4-a6fcf1b6db9d,3,1776.11,0
07471021-5291-43c0-8c8b-a7f00b3c88cc,c08c1e3e-b52a-49ad-9319-d2eb6e2b2b76,10ba0643-675e-4389-884f-81c67ecaeafd,3,18.17,0
3391f926-0e49-41eb-966e-6acff0de86bd,4a0b4b87-fe83-4d51-9e34-d1f44458da14,5dbab225-73ac-4b96-bad7-5dd1e4e01418,1,121.17,0
98ee9b8f-267c-40ef-81ef-95862df67d31,4a0b4b87-fe83-4d51-9e34-d1f44458da14,6f74b169-92bd-4124-90f0-8f9f767742cf,4,1286.09,0
a4c02d6e-c709-429b-a84f-9f1e46e417ef,12b5b3eb-4dbd-42fc-a744-8f7b0e20a27d,bf7cc1a5-f78d-4600-b67b-36718b7c90b5,1,2554.9,0
495fb7e1-a5e6-4c5d-bc3d-658b134d39db,12b5b3eb-4dbd-42fc-a744-8f7b0e20a27d,cb06c22d-53b1-4dbd-9227-05d010e0ee92,1,395.46,0
e20efee8-ce97-4d51-b0be-0369199f619b,12b5b3eb-4dbd-42fc-a744-8f7b0e20a27d,cd744649-8e32-4222-a128-f407c2f05dec,2,47.83,0
95d1ed3d-270a-4570-8d1e-9193cd95ea14,eb53842d-4c64-48d9-aa74-3e4ecf0540f1,3b772241-c355-4237-bd6c-ff1cfdaf279c,2,64.95,0
388018de-7ec6-4ba4-9fa6-fa81b64a34e0,eb53842d-4c64-48d9-aa74-3e4ecf0540f1,3e395f09-8c91-4cc5-bddc-2207e8cf46af,1,324.84,0
3aadba43-6f5c-4e92-a0de-daa5cbaeda09,c25cb712-a7c0-44d7-9b53-bb412efeea84,0572d75f-f278-423f-9d34-a7f8eb8775a1,1,174.9,0
b284bac3-7933-4ee1-b1e6-e40d5342d072,c25cb712-a7c0-44d7-9b53-bb412efeea84,245043cd-2153-481f-9e5f-480b58a701f6,2,17.52,0
7734ca0c-3830-43e2-99d2-7069698052a1,c25cb712-a7c0-44d7-9b53-bb412efeea84,c2cfc04e-2ca6-4c7d-9dc9-b774a7836515,3,801.54,0
9bbb52f5-8ed8-44c7-ac38-666f8942c4f9,c25cb712-a7c0-44d7-9b53-bb412efeea84,dd2f1f88-e56b-4212-9262-40f8157e8f9d,1,987.9,0
730ade05-ef87-4048-85fa-6b425a78120a,dfa787e2-0aed-4d22-9999-556d0c34636d,5aafcc8f-cf4e-4625-890c-4a82aba8981e,1,308.28,0
c8a109c5-5ba8-46fb-9967-fba2a3cca6b1,dfa787e2-0aed-4d22-9999-556d0c34636d,ec4e4937-2b13-4b9b-988d-933858025b85,2,100.83,0
d1062890-e309-4c20-925c-0145e9aedf94,f6dd4f98-f45f-445f-8544-824b56d8ae8f,938fb9d3-e74c-4917-ad00-4549a344c712,2,211.34,0
6b13a356-7464-4592-bbe0-cc931577a76c,f6dd4f98-f45f-445f-8544-824b56d8ae8f,c028d87c-4e1a-4cab-9ebc-666b4635c631,1,77.84,0
0e0cad4a-32ef-483d-8bea-31646b2aa26b,a32cf89a-45ec-41d1-b13f-b3d14f977e39,e79f1dca-9529-4bd6-a111-eda763ba8b5b,3,356.62,0
2e0cc6f0-a12f-46ea-932b-5bb06aacf068,a32cf89a-45ec-41d1-b13f-b3d14f977e39,02c4fa54-ba57-41bd-b2d2-a2b34800a7f3,1,8.87,0
026957b3-2818-41bd-9a40-fce58f79d9a2,e6c2cd01-7f4e-405f-9aa7-62e1be67968a,2a1588ed-e288-4f58-8d51-69e5087bf95e,3,188.48,0
807bea6d-fe4b-4770-85fd-8fa702825486,b698e963-d18b-4060-a61f-524ba0110291,43403aeb-4dce-4baf-8932-e07d9f70667a,2,757.21,0
9b486c4a-e81c-4a84-b5f9-becd920f7771,b698e963-d18b-4060-a61f-524ba0110291,6281aded-618c-404a-b5e4-73b8b0326917,1,1413.03,0
d3be5622-16c7-4883-a219-6dedff7f8f58,b698e963-d18b-4060-a61f-524ba0110291,566c2c23-1922-452c-8dec-190b0eebaafe,2,145.12,0
7d0a7f98-9c9d-4fe4-a53b-d4cb9612cb67,6a64534d-e4cb-471f-9ab0-449bba86fc41,9a950ba1-c401-4e7f-8e61-74997fb0b56e,1,47.29,0
3cb8dbb0-b169-4041-b7d0-612c96afed03,6a64534d-e4cb-471f-9ab0-449bba86fc41,9789e4ee-c084-4cee-b825-2fd98629a60b,1,131.15,0
8949b8aa-abe5-4f1f-80bc-e13e47bca00b,6a64534d-e4cb-471f-9ab0-449bba86fc41,8184a3d9-ad87-45dc-8bbb-868099fc9ef7,1,149.01,0
5b588c78-a589-43d5-bac6-76ec53d71bdc,6a64534d-e4cb-471f-9ab0-449bba86fc41,d7243a39-be35-4150-ac62-7d1177de68e4,1,59.68,0
f211c144-390d-4dd6-8af4-99e3e5f2f161,1fd05f1f-46a7-4b6c-870f-932a54ffd89f,d78c6c3f-71fa-4a32-8e37-84a56c2c014d,1,42.11,0
aac3fd9b-88a1-4a2a-b047-968129dc4e9f,1fd05f1f-46a7-4b6c-870f-932a54ffd89f,a5e2b67f-e3de-4ccc-a1d8-857dc3576311,2,33.04,0
ab3f9f28-6617-4ce6-ba20-660a81be6a4b,1fd05f1f-46a7-4b6c-870f-932a54ffd89f,f5299b57-d5f8-4212-8586-2643ed32ae2e,1,201.11,0
19f7e9ce-ca63-47ff-ac07-a757391fe55b,3256cdb9-71dd-43fe-89a7-197f0721dfbd,becd69f0-872d-4aa5-9484-4d8a3c1068a5,1,263.53,0
7fb28422-c291-4c3b-8bed-befbc70ad2a4,3256cdb9-71dd-43fe-89a7-197f0721dfbd,14f0c431-0a09-4fe6-af3b-390f2bcd3288,1,141.3,0
f550ae50-4145-4569-a22c-208f66402a01,3256cdb9-71dd-43fe-89a7-197f0721dfbd,97786347-cf29-4b78-bfb9-8f17e728510f,1,1538.73,0
9c525474-91fa-485a-89f1-db72f042e065,32c95cc1-117c-45e9-8ea0-b9a405450985,3364aec5-a3a4-4074-b49c-5aed5c4b0c06,3,95.34,0
a036e37b-e506-4aa0-a937-9c8f859ec707,32c95cc1-117c-45e9-8ea0-b9a405450985,8271077a-dd57-4551-921f-73e02e161354,1,171.83,0
86d044ea-ec75-416b-8a69-27d685cda413,918cd9f6-2a2b-4178-baf3-31e833838dc9,87817881-d56c-4b52-b66a-2b650708186e,1,40.44,0
bdbfff03-c429-47aa-b70f-0126dbd9affb,918cd9f6-2a2b-4178-baf3-31e833838dc9,86f95c17-37fd-4530-8244-f505ddcbc08a,1,285.94,0
83738b10-4bd0-4e98-9e43-e6b9a1d5288b,b70d43ed-5d3d-4c00-9b6e-934810045762,06b7c550-0825-4812-8996-4140156c711f,2,1425.42,0
6fb8eb54-7961-4d19-ad25-3d1ce252d79d,b70d43ed-5d3d-4c00-9b6e-934810045762,5aeb3846-c553-412c-bf22-5ff0162ed9f0,1,1440.62,0
74b13503-43c1-4195-aa86-3e703e0a87d5,15d8b1aa-e71b-434f-b993-f15b4870f212,4a0a4799-1a72-49c1-bc52-839e2f3889eb,2,247.69,0
02d0c7c7-ca55-471c-86d6-92902fcd0b16,15d8b1aa-e71b-434f-b993-f15b4870f212,97ff794b-36d2-4ab7-992f-42e6e9879aa2,2,31.53,0
