shipment_id,order_id,warehouse_id,carrier,tracking_number,shipped_date,delivered_date,shipment_state
f2b6843f-651d-4180-8e9e-9463f47cc4b7,a04629aa-fdf3-4899-b581-56dbb9a12572,ab993ac2-3403-4413-88ca-adf00cee0973,dhl,1Z586YZ2634999454,2024-04-23,2024-04-30,delivered
127d7e61-ddb3-4350-b56a-9308e64dcf75,c69d59ec-0978-4670-8a03-f2c81ff09d59,9a7f238f-ff0a-4a46-9bc5-b76c045f34f7,ups,1Z203AB0091575365,2024-04-21,2024-04-30,delivered
853d2ede-f852-4931-8ea0-52008ea38c80,c9f89e3b-eedf-4442-b3e0-eedb8084dc69,3b5e3aa9-ba0f-4938-8883-41d61182dc94,usps,1Z625EV8491870605,2023-07-18,2023-07-22,delivered
fb52d160-83a0-4821-8a52-599873276878,d9d0acec-f9fe-477e-a8b4-191468f419ed,2f1e95b4-aa81-4b55-926d-70531f59528d,fedex,1Z970PI1142269434,2023-09-26,2023-10-01,delivered
46f0ec3e-5773-4eba-8506-5c3ead8ab5a0,6b7e5beb-b58b-4b38-a12b-0d12186e793b,067cb52e-60b6-4c7f-b93d-ba67d806f2e9,fedex,1Z465DE1588950379,2024-03-20,2024-03-26,delivered
389dbf0a-a258-4873-998a-195cb3da1200,4d032329-2331-4e9f-889b-98f9c28dd456,30a760c5-971e-45bc-a486-1b9c5c6cb5b3,usps,1Z576XV0350309671,2024-03-29,2024-03-31,returned
dc725733-2ae6-42cf-a18a-536ae561ee7a,99c0a235-81ac-4a24-bdf3-8edfa4e38b8f,067cb52e-60b6-4c7f-b93d-ba67d806f2e9,ups,1Z971RH9514712366,2023-10-20,2023-10-28,delivered
64291bf7-5ff2-408f-88b8-4d03af070895,7b749051-705a-4297-b7b0-e6d2b355d6a3,17c4e490-aea6-450e-8341-edd09cb436b7,usps,1Z409HR7822169558,2023-04-20,2023-04-23,delivered
49c062ca-51aa-4842-a310-9e530f2d0f5b,8b39ea40-ff7d-42c8-9d74-e57f70de2496,bf354916-9528-4db9-8189-f6524573c41b,fedex,1Z102MI6867114645,2024-04-12,2024-04-17,delivered
fb06c335-8d03-4dcf-ae2d-5ff90eb624d7,d21453f9-131b-45e8-8b4b-472b2f087002,30a760c5-971e-45bc-a486-1b9c5c6cb5b3,ups,1Z189RI4110683736,2023-07-16,2023-07-24,delivered
a339b486-7fc7-4266-a99a-ce29a5b56c5b,f0ad7298-4716-452a-8eb9-0138b24c9daa,90d6c40d-10d6-432b-99fe-bd1448f1aa57,ups,1Z939HO2335094868,2023-12-29,2024-01-05,delivered
34390ccd-80a2-4d6e-8228-7577625ae624,f5a30fc2-edde-496e-92e0-1172f113d7dd,fa42ec50-bf62-41ae-851d-68ee160f73ae,fedex,1Z025SN1760952331,2023-04-01,2023-04-02,delivered
4b1bb35b-78bf-45d6-9693-fbdc6291f284,34794af1-d90e-4e3d-a04a-dd0bb5d30b30,bf354916-9528-4db9-8189-f6524573c41b,fedex,1Z140DT4713002089,2024-04-29,2024-04-30,delivered
ce1fdd9e-72e1-463a-8838-c838566303b5,b8c4edf5-46f8-4328-beaf-38905c95d7e3,fa42ec50-bf62-41ae-851d-68ee160f73ae,fedex,1Z095RD6239829429,2024-03-17,2024-03-21,delivered
96a146eb-3122-45ae-902a-12b5c37f5db5,34bd031f-75ca-4151-a469-073a3d456ddd,17c4e490-aea6-450e-8341-edd09cb436b7,dhl,1Z638FD7486818653,2024-03-03,2024-03-10,delivered
84940981-ab69-4a98-860d-9a026d549379,b0fee479-fb11-415c-9dd2-dee451e194f0,067cb52e-60b6-4c7f-b93d-ba67d806f2e9,fedex,1Z026QU3647079741,2024-04-05,2024-04-11,delivered
d7ea5f89-c178-4951-8197-acf120a85790,5effbffc-17bf-4111-9bd8-84a4b00863c2,9a7f238f-ff0a-4a46-9bc5-b76c045f34f7,amazon_logistics,1Z868NV2710891638,2024-02-23,2024-03-01,delivered
c682967c-376b-4a3b-8377-2566d5cfffa5,ffd26190-5bc7-4e4c-8870-881b0b4289e7,30a760c5-971e-45bc-a486-1b9c5c6cb5b3,ups,1Z290HY9002072962,2023-08-31,2023-09-03,delivered
c0905d70-85a8-4bbe-9f65-81326ba98f78,83c499dc-cb8a-43ad-8d3d-5e8712be5fbd,17c4e490-aea6-450e-8341-edd09cb436b7,ups,1Z570AV8945481746,2024-01-14,2024-01-21,delivered
c9870ee1-8045-4eb9-898b-d8126e5ebaef,4cf0226c-d5fd-46ee-9cef-e123e0c5f402,fa42ec50-bf62-41ae-851d-68ee160f73ae,ups,1Z585TM7064116750,2023-10-17,2023-10-24,delivered
70001c24-32f0-428a-ab14-1afdd6048aae,df52ddd8-7e66-4693-9609-bd84a63c8b31,9a7f238f-ff0a-4a46-9bc5-b76c045f34f7,ups,1Z406WN5276506451,2024-02-03,,in_transit
6f365ea8-02bd-4785-be15-ebe5d1ab557e,1048bf6f-58e8-4f01-9285-dbd685cbc10e,fa42ec50-bf62-41ae-851d-68ee160f73ae,ups,1Z364AP8207435116,2023-11-03,2023-11-13,delivered
d9214c4a-2653-4f23-9c15-05fc52a185da,e5bafa15-55ef-4e38-9c37-6afdf9ae6220,ab993ac2-3403-4413-88ca-adf00cee0973,ups,1Z016KY0147195829,2024-03-26,2024-03-28,delivered
bff2f27e-15ae-426f-a587-4cca59a53d3a,a7ec0cbf-cae8-4d48-aec5-cbe47b58bee3,2f1e95b4-aa81-4b55-926d-70531f59528d,ups,1Z845UQ2915850130,2023-12-21,2023-12-30,delivered
d3130c47-4981-4eda-9835-e250612d5551,3d006170-5525-4e6e-9d07-b7fd45c5fb46,30a760c5-971e-45bc-a486-1b9c5c6cb5b3,usps,1Z011ZD9089012283,2024-03-04,,in_transit
f2cafe7c-192e-4db4-9ac9-d88159ee568f,4f47eab0-f345-4d27-b2c0-fcdd60d25a08,2f1e95b4-aa81-4b55-926d-70531f59528d,dhl,1Z998PH7063993339,2023-12-24,2023-12-30,returned
28cc06f9-175b-446b-a24c-3127b084dc8d,b6ea3bd3-3a6e-4f9d-89d4-23be702b446f,9a7f238f-ff0a-4a46-9bc5-b76c045f34f7,fedex,1Z071VZ4031256943,2023-03-18,2023-03-22,delivered
11fbb30f-34c9-48d1-8ac4-246e8d2edb40,4b5c728b-7fe7-4268-8341-52b63bce82ca,fa42ec50-bf62-41ae-851d-68ee160f73ae,ups,1Z322SL1486249374,2023-06-14,2023-06-20,delivered
89a231c2-049b-4ad6-b3aa-103a7c4cc972,32245a0f-e5e8-40cb-a295-dea81a08b348,bbc4323f-7fdc-4913-8813-74f66d90fbff,amazon_logistics,1Z693RJ7802097797,2024-04-25,2024-04-29,delivered
09bfef8f-683f-47c2-85c9-04de6b2218e6,f9d97fae-2028-4d93-a306-6e403e0cd06a,186252aa-ede5-4d43-ae8c-afa67e2d2f41,fedex,1Z631RL8400876022,2024-04-11,2024-04-18,delivered
9173ab24-e913-45f7-88d3-25eef7573006,6b17c8dd-e3fe-42b7-b4f2-a208183cb6b2,bf354916-9528-4db9-8189-f6524573c41b,usps,1Z758TJ2091368400,2024-04-30,2024-04-30,delivered
38e518f3-08e5-4d5c-a060-8290c201e81c,6e156c20-1968-4ae1-989c-a9c695c8e7e7,186252aa-ede5-4d43-ae8c-afa67e2d2f41,ups,1Z332ZU2452273119,2024-02-21,2024-02-26,delivered
a4b7b48e-8167-46f1-a36d-287ae723acab,dfaaecdc-d4b7-49b3-bccc-ed60303adc14,17c4e490-aea6-450e-8341-edd09cb436b7,usps,1Z487UR5972665208,2024-01-21,2024-01-23,delivered
8d2f52d1-f780-42dc-987e-0ad4a401e070,fe62f7e6-6674-4afa-966f-0adeeaba56e8,bd0b4a2e-3f75-46a1-bf8a-5a82594d70a4,usps,1Z959NO4664181572,2024-04-08,2024-04-11,delivered
f6fbd028-ad84-44c4-a18f-4c6baac16c1e,12a4c96a-da81-44b0-847c-eb72a42fb99f,675870cd-1868-4277-aeba-578addec8838,usps,1Z395MV8010425847,2023-07-08,2023-07-13,delivered
8b0f9120-6c66-4b73-8169-a0b853d15a93,996f883d-42ef-4bd2-9567-dbb0ed722c1d,186252aa-ede5-4d43-ae8c-afa67e2d2f41,fedex,1Z749TR0598836029,2024-02-08,2024-02-15,delivered
5e8c4937-1567-48bf-a062-5a8eb95e7f63,1457e401-6f6c-4de4-b0ed-cd8dcfb8ecd1,186252aa-ede5-4d43-ae8c-afa67e2d2f41,usps,1Z785GC4584010435,2024-04-30,2024-04-30,delivered
5bae90d8-77e3-4eb6-b07c-4c07eb73648e,608ae49a-b7d5-4740-99a5-29a843e4799a,067cb52e-60b6-4c7f-b93d-ba67d806f2e9,fedex,1Z624DT2605353502,2023-11-02,2023-11-12,delivered
18b15881-5d87-4191-9885-098234cbe831,30aa38de-1cae-4c66-b396-67d7ce2638fc,bd0b4a2e-3f75-46a1-bf8a-5a82594d70a4,dhl,1Z912YC1204569848,2023-12-14,2023-12-16,delivered
ca20d337-9fca-46ee-9da0-a5cf2881afd5,3f721f85-bf83-4bdf-90e4-71222d605809,fa42ec50-bf62-41ae-851d-68ee160f73ae,ups,1Z832IK7773858782,2023-01-11,2023-01-15,delivered
b0a9d210-c65d-48dd-aa31-186f83d15141,69ca67bd-9b6b-4f1f-9267-690b443a3237,186252aa-ede5-4d43-ae8c-afa67e2d2f41,ups,1Z044ZS5316856576,2024-03-21,2024-03-25,delivered
cd5545be-72bd-456c-a469-1ad06035e4cf,9afe75d0-13cb-4709-8a65-b191ebd2c087,17c4e490-aea6-450e-8341-edd09cb436b7,dhl,1Z696HH2184802926,2024-04-30,2024-04-30,delivered
b6100b85-cdf0-4f94-9926-592c2fa88460,790a387c-f7d2-419b-9a04-08f132aac223,3b5e3aa9-ba0f-4938-8883-41d61182dc94,fedex,1Z849QL6905685836,2023-09-15,2023-09-22,delivered
797116d5-17b3-4ed1-8900-0d87dea5e23a,b5d379da-74f4-4ada-8997-52e8304372b7,ab993ac2-3403-4413-88ca-adf00cee0973,fedex,1Z532XZ2166860190,2023-08-28,2023-09-07,delivered
05f63098-f1a3-401b-abd1-b82d951f8b99,5f98ed83-d635-4368-8627-4ba5c31afdeb,17c4e490-aea6-450e-8341-edd09cb436b7,fedex,1Z843PZ7309711958,2024-02-05,2024-02-09,delivered
7931dfcb-ffa2-4416-92ea-5a72fcb36bb8,0137b1ec-8069-43dd-8ed7-2cd8a7662472,bd0b4a2e-3f75-46a1-bf8a-5a82594d70a4,usps,1Z075BM4587988363,2023-12-17,2023-12-25,delivered
a642aaa5-946a-42a1-bc41-91d13e54216d,383cede7-dde2-4f96-873c-e41cb1cb34d8,bd0b4a2e-3f75-46a1-bf8a-5a82594d70a4,dhl,1Z566GJ2670611283,2023-12-15,,in_transit
e6be96cf-770b-4d75-a1b6-7cc8a6ca8dbf,be82abfc-3486-4734-8972-bf3bea3e6137,2f1e95b4-aa81-4b55-926d-70531f59528d,fedex,1Z511YU7948333283,2024-01-10,2024-01-13,delivered
6ce6b618-e60c-4fa7-9a68-92cbf6704edb,e9d0ff0a-5ffb-49ce-b8d6-a45a7d21321d,fa42ec50-bf62-41ae-851d-68ee160f73ae,usps,1Z519EL2596329566,2023-10-28,2023-10-30,delivered
17217300-c9f8-4234-8532-034c43f73e9c,410358bb-11a2-4dfd-93f8-790464c744ba,17c4e490-aea6-450e-8341-edd09cb436b7,ups,1Z392AT3967597388,2024-01-10,2024-01-15,delivered
a64bd5c8-7c79-48d5-860d-c2624c6bb212,223a5692-c109-4b8c-912b-fc9f96a376d5,186252aa-ede5-4d43-ae8c-afa67e2d2f41,dhl,1Z178LZ4885849600,2024-01-18,2024-01-20,delivered
a002e677-5b51-460f-9f25-5bfe6ea719e8,d431e62c-9def-4163-9a43-02b6407f9e2a,414c90e8-1f79-4fac-aa23-cea655b18828,ups,1Z396WR3774409970,2023-06-05,2023-06-09,delivered
02811ac4-acec-4962-8142-771ce819cfba,3036236b-a6d6-45ed-95ec-cec6edf81a25,186252aa-ede5-4d43-ae8c-afa67e2d2f41,amazon_logistics,1Z442KN0442783964,2024-04-24,,in_transit
c0abefa3-95ab-4645-894f-b0f70593131a,253a2406-d607-4119-919e-128a51a3815c,675870cd-1868-4277-aeba-578addec8838,dhl,1Z015PF5337346867,2023-09-13,2023-09-23,delivered
439d67cc-2ae0-4200-a42d-0f2c45ed25be,6c872965-8734-4ad9-97cc-cf4cdd681b67,30a760c5-971e-45bc-a486-1b9c5c6cb5b3,ups,1Z543JK8182060881,2023-04-15,2023-04-16,delivered
60c5c968-1af5-45ec-8719-8f2249259c27,9da03325-019a-465d-9b71-f2b1a2b7cb9a,bf354916-9528-4db9-8189-f6524573c41b,ups,1Z605XK8360686455,2023-10-27,2023-10-31,delivered
b8833aad-e5be-4823-ad5b-7b42048bdfe0,87c98e92-4001-4df3-aaf6-cb69385ad2d0,bf354916-9528-4db9-8189-f6524573c41b,ups,1Z648VO3403730662,2023-10-22,2023-10-29,delivered
d73d3fa9-df46-475e-89e3-d56dcc910dfb,fd12aa27-440b-47b9-8048-86db532e7667,9a7f238f-ff0a-4a46-9bc5-b76c045f34f7,dhl,1Z294QE1812069802,2024-04-27,2024-04-29,delivered
46f7d206-8847-41ef-8296-2cee537d6a27,753958ee-d046-419b-83e7-3b23208dc0eb,fa42ec50-bf62-41ae-851d-68ee160f73ae,ups,1Z150FD5030634557,2023-10-19,2023-10-24,delivered
e8d73c41-ba5a-4239-a70a-e1d218cd6fe7,78ac5b5b-f2c3-4941-b91f-714e961471bd,414c90e8-1f79-4fac-aa23-cea655b18828,fedex,1Z656SC0302597706,2024-03-22,2024-03-26,returned
d0b03fea-5890-4dc0-8bbe-fb72c337075a,91f429b8-d880-4234-9a52-c6d9e6aa644b,ab993ac2-3403-4413-88ca-adf00cee0973,ups,1Z762QZ4411394173,2023-12-23,2024-01-01,delivered
925b5c7a-8c56-4bd0-9865-bf46dec59e4d,bd699905-0a1b-4d9f-94d3-c3a73d543720,414c90e8-1f79-4fac-aa23-cea655b18828,fedex,1Z668YX6576562138,2024-03-18,2024-03-27,delivered
6a866253-3730-4903-9ef1-4e6ce75fd014,4f01a29c-affc-489d-a469-0c0c01d00f95,ab993ac2-3403-4413-88ca-adf00cee0973,ups,1Z840RQ7083697225,2023-04-03,2023-04-09,delivered
6cfc200f-aaea-465e-80b4-7355f86fc5b2,02016c80-a53b-4c18-96ca-acdbd59a7f46,90d6c40d-10d6-432b-99fe-bd1448f1aa57,dhl,1Z932VB3009697861,2023-02-06,2023-02-16,delivered
456549ff-548b-4fba-ba7e-4fb6b061d8d3,8ff3332e-8f41-4ecc-8058-7fb1ec7ad392,fa42ec50-bf62-41ae-851d-68ee160f73ae,fedex,1Z993ZC5584206882,2024-04-21,,in_transit
e6fcffc1-4b63-43ce-8e0f-da88513e460a,bddaa407-b21b-4c68-b3f1-4203726e4765,675870cd-1868-4277-aeba-578addec8838,ups,1Z783JP3225261334,2023-12-26,2024-01-03,delivered
b71bbe93-8b8a-4cb3-9e1d-84dc2823d1b3,96c900a5-e6a2-4893-a6d6-8a38683df16d,bf354916-9528-4db9-8189-f6524573c41b,usps,1Z058YO3189896844,2023-07-19,2023-07-29,delivered
e5b2b40c-e065-4c2a-88cd-7988879e9337,4eedf511-d5fc-4f14-90b7-e7a59a38ff52,bbc4323f-7fdc-4913-8813-74f66d90fbff,ups,1Z687TJ7669824197,2023-11-06,2023-11-14,delivered
3d41b713-c9aa-4c43-a064-9c4b1f136e23,3c5f63e1-0411-4e9b-9711-68feb26c82f6,bd0b4a2e-3f75-46a1-bf8a-5a82594d70a4,ups,1Z531PY0557526274,2024-04-04,2024-04-07,delivered
1e0d0221-591c-42e1-9d56-5b808c2b7c8d,9feb398d-fb6f-4041-88f9-4a1ba90f3f52,90d6c40d-10d6-432b-99fe-bd1448f1aa57,fedex,1Z662AK3697303275,2023-10-13,2023-10-23,delivered
25e35867-6ea9-4b78-8fd7-26cc58f8624e,49276336-a2f7-48fd-a99b-a5a4858bf407,186252aa-ede5-4d43-ae8c-afa67e2d2f41,ups,1Z108UK3363714745,2024-04-12,2024-04-15,delivered
a96e27c8-3c85-41b4-bb8f-4d1af46f3bd2,5e2fecdf-9b75-43fa-83f7-21e1c663871f,675870cd-1868-4277-aeba-578addec8838,ups,1Z635UE0175067859,2024-03-26,,in_transit
2e276d97-04b7-4981-bf4f-da3bc44412f1,4a21e4fc-3aa4-474a-944f-122493df39bb,067cb52e-60b6-4c7f-b93d-ba67d806f2e9,ups,1Z273YU3437287919,2023-03-09,2023-03-10,delivered
ef93aa96-c45b-4535-95e4-3ff4fde41814,73bdaf7b-778d-48de-a55b-bb244382a712,067cb52e-60b6-4c7f-b93d-ba67d806f2e9,ups,1Z154EK2397628801,2023-06-18,2023-06-19,delivered
9eec6f18-ec8d-4aee-bcde-921695dce290,d3cdbf99-6927-45a8-94f1-c294b9dc9f9d,17c4e490-aea6-450e-8341-edd09cb436b7,dhl,1Z359LF1262449404,2024-01-05,2024-01-14,delivered
3f6587ff-b3be-427d-92fd-85d4133f27a6,37047061-0912-4129-b54c-ce94d5226242,067cb52e-60b6-4c7f-b93d-ba67d806f2e9,amazon_logistics,1Z891BK2983741200,2023-03-22,2023-03-29,delivered
91894ee5-29fb-4bce-820e-96610b3aa9db,da3e0c8d-c7d8-4495-ad31-8a2af3da6397,186252aa-ede5-4d43-ae8c-afa67e2d2f41,dhl,1Z194TF1419016319,2023-11-25,2023-12-04,delivered
90ab2508-b0a5-4e53-ac6f-4071c9660ade,fbd998c8-4e5c-4fc1-966b-8cf3bc8c4d86,9a7f238f-ff0a-4a46-9bc5-b76c045f34f7,dhl,1Z378WF1979360724,2023-06-02,2023-06-12,delivered
d804552d-70ca-45c6-b601-cecfd4ca8102,7e5ad963-cd6a-40d4-9e5f-88b89461ac83,675870cd-1868-4277-aeba-578addec8838,ups,1Z186FE3515917494,2024-04-30,2024-04-30,returned
75f7f12c-39de-46f0-8055-0d15ec13da24,2d62c49d-733b-47d9-9c0b-80bd3d11e338,bf354916-9528-4db9-8189-f6524573c41b,usps,1Z188CB9483766983,2023-12-31,2024-01-07,delivered
b7331ab0-278e-4176-ba21-27894e0b4629,91cadd61-b65c-423d-ad0c-12bb94c70b30,9a7f238f-ff0a-4a46-9bc5-b76c045f34f7,usps,1Z076XC7221580901,2024-04-12,2024-04-16,delivered
2bce7177-2fc1-44b2-8cc6-4871fb912276,6b95daa5-858e-4178-a992-27b8dbc31294,067cb52e-60b6-4c7f-b93d-ba67d806f2e9,usps,1Z517JR1206433236,2024-04-28,2024-04-30,delivered
2c2354c0-8ae7-4038-96cb-5bd94514bedf,1698ea98-d04f-4617-901d-20f55d195d84,9a7f238f-ff0a-4a46-9bc5-b76c045f34f7,fedex,1Z198JA2998691405,2023-08-13,2023-08-23,delivered
5bd7ce48-7eb3-487e-bdfa-580833e06045,b96c492d-0a86-4c38-ad24-d77568662915,9a7f238f-ff0a-4a46-9bc5-b76c045f34f7,ups,1Z655BS4554025307,2023-11-05,,in_transit
6601db79-c60a-44b2-957b-964d258438c9,22ecec35-c83d-44c6-b8e8-adfb7655192a,414c90e8-1f79-4fac-aa23-cea655b18828,usps,1Z198GD7897478438,2023-04-01,2023-04-03,delivered
403da483-0184-45d7-bdb9-2573189caf12,480f19a4-7cfe-4934-ac86-192144893cde,17c4e490-aea6-450e-8341-edd09cb436b7,ups,1Z311NA7980856611,2023-10-11,,in_transit
3811a962-e124-45aa-b5f4-1d99d00e3269,a096f08c-2b9f-4fa4-82bb-bab837c389b8,3b5e3aa9-ba0f-4938-8883-41d61182dc94,dhl,1Z166QZ7458964897,2024-04-16,2024-04-25,returned
8e32b1cc-30e3-4b4d-970d-9abbcb7e8673,91065b86-d9ec-4efe-b098-e9fb20e3b5ec,414c90e8-1f79-4fac-aa23-cea655b18828,dhl,1Z101GH3035706971,2023-09-02,2023-09-10,delivered
01a02326-f0e0-4617-acfc-7db70dffe292,7e407817-fb10-4b74-a860-4453454e02c3,bbc4323f-7fdc-4913-8813-74f66d90fbff,ups,1Z685FO4956539073,2024-04-11,2024-04-18,delivered
faf16640-5166-4cb4-a12c-7b819d49f0ce,9c4c45c8-6c98-404f-b8f1-d9f8a0956e69,bd0b4a2e-3f75-46a1-bf8a-5a82594d70a4,amazon_logistics,1Z546DR0441314751,2024-02-18,2024-02-28,returned
0a10120a-5248-40f7-b153-dfda19bf83a7,0138ce3f-5eab-4a7e-b0e8-619f3a538a9f,bd0b4a2e-3f75-46a1-bf8a-5a82594d70a4,fedex,1Z637WY1772141598,2023-11-23,2023-12-02,delivered
89eda2a8-d2dc-48a8-9f38-e3b319f3794e,72309904-7c77-4f8b-82ee-33b24fb02c9d,bbc4323f-7fdc-4913-8813-74f66d90fbff,usps,1Z650DW2505067438,2023-12-01,2023-12-03,delivered
1a3287fc-064f-4ef4-add7-f6cc80b32822,ee112802-bf29-482b-9f06-8bd90c5f0525,fa42ec50-bf62-41ae-851d-68ee160f73ae,amazon_logistics,1Z835TB4442021327,2023-05-23,2023-05-25,delivered
edc5bb88-ec53-41f7-9417-c57d056082f3,fc86a3a9-bcb8-4004-9741-12a122a5afc1,414c90e8-1f79-4fac-aa23-cea655b18828,fedex,1Z410XW3753000113,2024-04-16,2024-04-17,delivered
ee8c3925-f3be-44b4-b1fd-b4e3d2548d33,0594c2e0-4ed3-41d4-beea-7066b545920d,bbc4323f-7fdc-4913-8813-74f66d90fbff,ups,1Z904RM2274732841,2023-07-29,2023-08-04,delivered
cda0e5a5-f642-42b3-adf4-07766d9932b1,3b9b673f-cd35-4bd0-a88e-ce643b2f8636,3b5e3aa9-ba0f-4938-8883-41d61182dc94,fedex,1Z219GJ3195498432,2023-10-13,2023-10-15,delivered
87e8ae06-4a2e-4dde-bb73-4aad80c129da,01d9e1ac-72d3-464c-a899-41e12100e10a,186252aa-ede5-4d43-ae8c-afa67e2d2f41,amazon_logistics,1Z069UM5737889151,2024-04-04,2024-04-14,delivered
63e8a795-24fe-4399-887f-bf8442dbfc4c,8a3f4a00-8673-4105-a3b6-281442e28158,2f1e95b4-aa81-4b55-926d-70531f59528d,usps,1Z057UR1155461267,2024-01-23,2024-01-24,delivered
5e82278b-66ab-4dc9-8375-e99ef828d2b3,a75f1487-cae9-4f00-9890-72b0dcb9648a,bf354916-9528-4db9-8189-f6524573c41b,fedex,1Z763FI3454162717,2024-02-15,,in_transit
da2221db-440a-4895-83c4-4e19846a5166,679d5456-fac8-485e-a733-dd94e524492f,2f1e95b4-aa81-4b55-926d-70531f59528d,amazon_logistics,1Z830CW2297323914,2024-03-18,2024-03-20,returned
d63d5f53-8b6d-492c-9a70-d401289430f4,794f721a-7464-402e-8da9-e429683c254d,17c4e490-aea6-450e-8341-edd09cb436b7,fedex,1Z855ES1240985821,2023-12-07,2023-12-09,delivered
e9a3d942-2369-4347-8781-0f630ee8b41d,796351e6-acf7-47ac-8da6-da9210000544,067cb52e-60b6-4c7f-b93d-ba67d806f2e9,ups,1Z160YF3517737051,2023-02-03,2023-02-10,delivered
a8e70e30-3b7b-4649-b886-5c17b15bf45c,38b46cf9-40ea-41f0-a7db-87d321bcf8d7,bf354916-9528-4db9-8189-f6524573c41b,ups,1Z950TP7009760936,2024-04-04,2024-04-14,delivered
1f739922-c368-4d39-88fe-575491e7ee39,44bcefb1-ddc9-4402-b54f-a91654c57504,ab993ac2-3403-4413-88ca-adf00cee0973,ups,1Z130QQ9601324657,2024-04-01,2024-04-11,delivered
81f4de02-1a75-4d16-9df0-4a5353903a29,4206f6b8-da01-41e4-88a9-beda1ed01b05,2f1e95b4-aa81-4b55-926d-70531f59528d,usps,1Z951BV4258423470,2023-08-26,2023-08-27,delivered
97b3b122-9e11-4acd-8f95-e909b2359b83,bcf94391-97c6-44d1-be98-d2ff9c66106b,414c90e8-1f79-4fac-aa23-cea655b18828,dhl,1Z096PN4807054509,2023-02-06,2023-02-09,delivered
5959dfa6-de7c-43a8-87e5-32d2ccb7b4ff,7618533d-14e7-42f3-8cf8-1be9ff87fdfa,bbc4323f-7fdc-4913-8813-74f66d90fbff,ups,1Z191XC5475983587,2023-07-03,2023-07-04,delivered
e99263aa-8dfe-41c7-ae6c-3a78de455836,df715744-3afe-444f-84eb-a02bb54a6115,90d6c40d-10d6-432b-99fe-bd1448f1aa57,ups,1Z386DG9868693315,2024-01-15,2024-01-25,delivered
1300c876-bb13-49f3-b93e-695b527724ee,3c85136a-b8a3-4003-8252-746bf7ea9e87,30a760c5-971e-45bc-a486-1b9c5c6cb5b3,ups,1Z759IV1745066808,2023-05-31,2023-06-06,delivered
c9f89231-e8dd-4ba4-add2-f93dd6ad2f21,9a1835f8-22c1-4f93-a323-5e5cfbcb384c,186252aa-ede5-4d43-ae8c-afa67e2d2f41,fedex,1Z272RO6951916712,2023-07-13,2023-07-16,delivered
ef46aaf7-df98-4b2a-b7a8-2a15b233e0a9,74a00e6f-1446-4206-b2fe-471c3d68d312,2f1e95b4-aa81-4b55-926d-70531f59528d,ups,1Z855VB3261631354,2023-04-20,2023-04-22,delivered
494b1c8a-b850-4db0-8afe-2796e2ac68f7,f7eb4114-8a0a-4b48-b26f-3cac50be2b7e,ab993ac2-3403-4413-88ca-adf00cee0973,usps,1Z622MA5882565545,2024-02-11,2024-02-15,delivered
d2825514-eef4-4ee8-8e36-fea0f33e73a7,e87954ef-457e-469e-baa1-fca5fea8ff0e,bf354916-9528-4db9-8189-f6524573c41b,ups,1Z171XZ3831102198,2023-12-05,,in_transit
e92a0fdd-a5c4-48c7-a1d9-3cc0e969c6d4,c6cd9752-ee20-4ab5-831c-a50e3b4691a1,ab993ac2-3403-4413-88ca-adf00cee0973,fedex,1Z754ZQ7508377670,2023-10-27,2023-11-05,delivered
8197d822-93c0-4c70-8558-55854f3ded12,fa17e9b9-99ef-404e-ba3a-5398ae9246f4,414c90e8-1f79-4fac-aa23-cea655b18828,fedex,1Z740NP1097693084,2023-11-10,2023-11-16,delivered
aab74e3e-73d4-4a38-82c5-d5b925b2c27f,1f48e3b2-9bdc-4753-a964-13be62af177d,bd0b4a2e-3f75-46a1-bf8a-5a82594d70a4,ups,1Z972CE7603962659,2023-10-30,,in_transit
7a4f6ed2-3491-47ad-9e1c-127589d48471,54f02f58-efb8-4637-a459-0f29e502d5a2,186252aa-ede5-4d43-ae8c-afa67e2d2f41,usps,1Z002QL7621298825,2023-02-14,2023-02-23,delivered
6e561374-d12a-4c2a-909c-87478797ec31,e06da89f-5ee9-4dd1-b3fe-fc99d6878930,675870cd-1868-4277-aeba-578addec8838,usps,1Z799QA3402013504,2024-03-12,2024-03-18,delivered
ab3e6f07-a0de-4a5c-9616-dc9f4af495ff,f4040b9c-486a-442b-9cfe-a2f89fe553d7,2f1e95b4-aa81-4b55-926d-70531f59528d,ups,1Z184PN8848185622,2023-02-13,2023-02-16,delivered
3bfb78e0-d3b9-4cfa-b574-08dd4281def4,dbfd37e7-1bf3-41ad-a194-de1aac7eb486,bbc4323f-7fdc-4913-8813-74f66d90fbff,ups,1Z272UK9242184312,2024-03-14,2024-03-22,delivered
0ecf4942-a255-4e00-8c02-2d35c85a446b,b9159c25-f2d0-43e2-87df-0ac7884d5f81,2f1e95b4-aa81-4b55-926d-70531f59528d,amazon_logistics,1Z730BV9278233878,2024-02-28,2024-03-09,delivered
264cb8c6-9c71-4a50-a955-ed414bcde79b,a231cfef-ab60-4d0f-8c73-a4fa3234b6e2,675870cd-1868-4277-aeba-578addec8838,ups,1Z501CJ2638204431,2023-10-02,2023-10-12,delivered
51e15161-1d55-4872-a0a5-26c2d0f14842,cbb2cdae-0b9e-43d0-a6af-c14b59382f1e,90d6c40d-10d6-432b-99fe-bd1448f1aa57,usps,1Z809CD8997672685,2024-02-10,2024-02-19,delivered
d3ae95ba-1d53-4fa2-9f54-489da263cfca,263970ee-041c-4f6f-bd9f-f82acd7305a3,17c4e490-aea6-450e-8341-edd09cb436b7,dhl,1Z780EV5204662607,2023-03-11,2023-03-17,delivered
3843d766-8e9f-4f59-b314-be855739de74,d8abb9a3-6919-4a16-8c04-7353f4de5cdf,3b5e3aa9-ba0f-4938-8883-41d61182dc94,usps,1Z281IX3190864704,2024-04-20,2024-04-23,delivered
e464891b-e1ee-4a02-8f07-2f33c898fa23,46a5b38d-6ac3-40cf-a8a5-e16ae49c539c,17c4e490-aea6-450e-8341-edd09cb436b7,ups,1Z744QK9824884199,2024-03-21,2024-03-29,delivered
290c3d70-0d33-49b2-b6c0-0246d2f52098,eabf05f9-f3a7-4fe4-9c88-b637a7fa7183,067cb52e-60b6-4c7f-b93d-ba67d806f2e9,ups,1Z392KL1727025676,2023-12-25,2023-12-26,delivered
d235531b-f95c-485f-b0c9-0951bd9e0074,a27801ee-e598-40ea-87a6-64f2824b76cd,17c4e490-aea6-450e-8341-edd09cb436b7,fedex,1Z300GI7191942043,2024-02-19,2024-02-25,delivered
b7c772ae-3d56-44a7-b608-8fe5777c199f,786b4703-265f-4ce6-8183-fce984d5bd2c,bf354916-9528-4db9-8189-f6524573c41b,ups,1Z391JD5085958366,2024-04-14,2024-04-17,delivered
b814382c-56b1-447e-8a5c-0b0e941e042f,41a08c34-8893-4d1e-aeb8-6a8f9d2122e4,067cb52e-60b6-4c7f-b93d-ba67d806f2e9,fedex,1Z116XG1025688947,2023-03-03,2023-03-10,delivered
0f75740d-5b05-42bf-90be-5496f0cb9291,488a62fc-ed82-422e-8e35-33605bceb226,414c90e8-1f79-4fac-aa23-cea655b18828,ups,1Z457SF3070881053,2024-03-02,,in_transit
c6b78409-b2f6-4c4a-b244-a653dbe6f436,94dd5857-f0b8-47eb-9691-fbe5e044f0d8,067cb52e-60b6-4c7f-b93d-ba67d806f2e9,ups,1Z827FZ5833280221,2023-07-17,2023-07-23,delivered
4f5498e0-6764-4000-bdcd-cfa37d8b78c0,69a7a700-811c-438f-a48d-0a65975faacf,3b5e3aa9-ba0f-4938-8883-41d61182dc94,amazon_logistics,1Z022UL4994704188,2024-04-30,2024-04-30,delivered
de3ef0ff-6bc4-401d-b3e0-6417a6642be6,9ac6bafd-b5ae-4cd0-8beb-9af12d22b057,3b5e3aa9-ba0f-4938-8883-41d61182dc94,usps,1Z281CT5182239078,2024-04-05,2024-04-13,returned
348d7d47-180f-4fe5-aab0-166ff8649634,bc53422b-d213-46f8-837a-53b861b6d774,bbc4323f-7fdc-4913-8813-74f66d90fbff,ups,1Z216NQ1011960827,2024-03-22,2024-03-25,delivered
f35b666e-0d39-4080-b6b4-9aef0b3c1662,a1fa1221-e352-4697-be5d-6db1192a385b,ab993ac2-3403-4413-88ca-adf00cee0973,amazon_logistics,1Z458ZP7932137051,2024-01-18,2024-01-25,delivered
ad505941-c73b-453e-9a02-122cebd6e178,0f3adebc-dc93-45c7-a49f-dcea4a94b573,2f1e95b4-aa81-4b55-926d-70531f59528d,dhl,1Z746VX0632900686,2024-02-29,2024-03-10,delivered
12723c2d-9ba9-42b4-8a94-c1cedd43cd11,307b33af-fe75-42d1-9eff-3380445052ce,ab993ac2-3403-4413-88ca-adf00cee0973,ups,1Z342QI6051472619,2024-03-08,2024-03-09,delivered
e62f7c79-d89c-4330-90be-b7b3ff9fb8b1,b54c2913-757d-42be-948b-d90463ce5f32,3b5e3aa9-ba0f-4938-8883-41d61182dc94,fedex,1Z042ZR2896555969,2023-05-05,2023-05-10,delivered
1f14ce7f-4ca7-41cc-b378-8d8ef116243b,992c3a4d-8dfd-4890-9660-a7a553c987c3,bd0b4a2e-3f75-46a1-bf8a-5a82594d70a4,fedex,1Z320XW3868026475,2023-12-25,2024-01-03,delivered
0610f0ce-0a26-46f6-9194-6fcc68beb968,d37743f7-2c91-4cc8-befd-50b161a4670c,675870cd-1868-4277-aeba-578addec8838,amazon_logistics,1Z901YE1757441228,2024-04-21,2024-04-30,delivered
82d95957-811e-4db4-a27c-12d750dc7541,13828f24-da2a-4891-b53e-6842861330b3,90d6c40d-10d6-432b-99fe-bd1448f1aa57,amazon_logistics,1Z722WK3170180212,2023-08-23,2023-08-28,delivered
7f88effc-cff0-42a1-a61b-5f34fa75fc1b,71f24d6f-2d92-4a34-b8c4-3e1a664c326b,067cb52e-60b6-4c7f-b93d-ba67d806f2e9,ups,1Z822GC7764917217,2023-02-09,2023-02-15,delivered
4d94810c-29eb-4541-b9b1-713179502bca,ef8d06eb-5a90-407a-82c0-f15a68fbd2c4,bf354916-9528-4db9-8189-f6524573c41b,fedex,1Z423JJ3578325359,2024-01-22,2024-01-26,delivered
8e2bcb36-a113-43a0-89a7-b6eabe0e7a0b,7741f65e-71cc-406f-902c-2d0c113d7227,bd0b4a2e-3f75-46a1-bf8a-5a82594d70a4,usps,1Z059ZT7717203792,2023-08-31,2023-09-05,delivered
eb8389a0-9e14-4592-8504-385ecf124b70,aa9bfc2a-56ab-436c-8bc7-fad6291b6efe,bf354916-9528-4db9-8189-f6524573c41b,ups,1Z878HP7179582625,2023-11-06,2023-11-12,delivered
49c3e960-5772-498c-a062-8c79cdd21e8e,6eee5ad1-f073-40e6-b891-e30896facdf3,bf354916-9528-4db9-8189-f6524573c41b,dhl,1Z532DF3325169061,2023-09-12,2023-09-19,delivered
92076901-f922-4f97-8b82-4fbc61fc5531,1aac767e-9214-4ce4-a967-b5707a9275f2,bf354916-9528-4db9-8189-f6524573c41b,ups,1Z581GU0984647357,2024-04-15,2024-04-24,delivered
5a47a6f7-4277-412f-83db-dcec4d6df032,77d26504-889f-494a-9683-62662fcd8567,186252aa-ede5-4d43-ae8c-afa67e2d2f41,ups,1Z473ZE1676406510,2024-04-24,2024-04-29,delivered
2a260b76-23f0-465b-bcdd-7b972bb303e1,21c3ce59-4cbc-46f7-8ad5-840fe9b179af,414c90e8-1f79-4fac-aa23-cea655b18828,ups,1Z759UT3697753494,2023-12-28,2023-12-30,delivered
e3d7163d-19cd-4507-b7cd-7ce630f92a01,b316d2d2-fef6-459b-bcd3-8d067b5dd13c,3b5e3aa9-ba0f-4938-8883-41d61182dc94,ups,1Z903ED7730733558,2023-02-21,2023-03-01,delivered
e8f45992-9014-4943-bd09-1550efb6dba3,2f1b884c-673f-4846-965d-cb5c7c1b5bc1,fa42ec50-bf62-41ae-851d-68ee160f73ae,ups,1Z518IM3576268985,2023-12-14,2023-12-24,delivered
d7a5cd1a-f786-4378-92df-d4b8a124bb76,6b7b7e65-9d31-4f5a-b0b2-a7fed0123c1e,3b5e3aa9-ba0f-4938-8883-41d61182dc94,fedex,1Z157DS9327516586,2024-04-18,2024-04-23,delivered
e6ba185c-6e1b-437d-b72d-fdc27f57a6ab,993c4972-cf70-43cd-ad70-6f3156a7171a,ab993ac2-3403-4413-88ca-adf00cee0973,ups,1Z386WM9485037215,2023-05-24,2023-05-27,delivered
7e75a7f1-ae01-484f-937a-662435421a0f,5bf2c451-e9b2-424c-abe0-458e25f1cc46,675870cd-1868-4277-aeba-578addec8838,dhl,1Z167ZC4908318391,2024-01-15,2024-01-17,returned
c97abeed-3944-481b-9de2-977c8f739694,2f4af09e-17bd-463b-9f37-169386cf64e0,414c90e8-1f79-4fac-aa23-cea655b18828,usps,1Z021AD8317369466,2024-01-28,2024-02-01,returned
2aa66f33-ec33-4e2f-9dd6-5c64e47b0296,35842c2a-2d4d-4f17-a654-1d20eba5754f,fa42ec50-bf62-41ae-851d-68ee160f73ae,fedex,1Z181KM4683897720,2023-02-16,2023-02-22,delivered
1a0c3aaf-4786-4f46-af5f-a674fce9b121,b94fb235-93b5-4ff3-9d90-b3dc45288595,3b5e3aa9-ba0f-4938-8883-41d61182dc94,ups,1Z489OE8884773585,2023-11-26,2023-12-03,delivered
d19685eb-3adc-47e7-9535-1eac060cb2d8,7277857c-5da5-4af1-b8f2-d8ba5baff904,414c90e8-1f79-4fac-aa23-cea655b18828,usps,1Z624QJ7941403174,2024-01-26,2024-02-05,delivered
189dfbf2-fc91-4757-883e-7aaff13e7f45,0848d17a-ac46-49ff-b44e-1d3088108bec,90d6c40d-10d6-432b-99fe-bd1448f1aa57,usps,1Z696EL3647442245,2024-04-03,2024-04-06,delivered
5e42736a-da45-40c6-acab-079f43ddbb26,d7e2ccf6-e34f-4aec-89e4-4d4f23978540,30a760c5-971e-45bc-a486-1b9c5c6cb5b3,fedex,1Z112FL1164042166,2024-04-21,2024-04-30,delivered
556f6a34-8848-465f-ab74-a7a12c8c7a5e,0465458b-d768-4b6d-9fe8-20a7e10b8f60,414c90e8-1f79-4fac-aa23-cea655b18828,dhl,1Z879GX9194398299,2023-10-12,,in_transit
59641b7c-1d44-418c-8f71-0e982514b1d6,e7fdb7a5-3808-47ca-9a8c-6e020b4a0514,bd0b4a2e-3f75-46a1-bf8a-5a82594d70a4,ups,1Z715JJ7977787410,2023-04-27,2023-05-05,delivered
2ed29d60-2abe-4a87-a3a4-8609313c4bd0,935993cd-4411-4d9d-99aa-778059175a27,067cb52e-60b6-4c7f-b93d-ba67d806f2e9,ups,1Z847ED3050005111,2023-11-01,2023-11-04,delivered
370eae95-bf19-4121-a266-ede31eb6bb93,ad99c11b-2dcb-43fb-b621-54c40c7ee864,17c4e490-aea6-450e-8341-edd09cb436b7,amazon_logistics,1Z181SF8259398688,2023-12-17,2023-12-23,returned
8bc6774a-23e9-43e8-b3c3-29edebb9c5fd,0672de0b-a66a-4d6c-9e1d-195a35c85ca9,9a7f238f-ff0a-4a46-9bc5-b76c045f34f7,usps,1Z364PF2157051063,2023-12-11,2023-12-18,delivered
399213cd-2ac7-4edb-9dd8-5ae0db11444b,1f351470-2008-4234-bdff-5421ba9e0ba3,9a7f238f-ff0a-4a46-9bc5-b76c045f34f7,ups,1Z879UV7648892843,2024-03-31,,in_transit
3a463645-d298-400a-b2f5-c6a320154520,fedbc44d-3d66-463d-87d9-f4effde1cd07,bbc4323f-7fdc-4913-8813-74f66d90fbff,ups,1Z480JZ1319319706,2023-09-13,2023-09-18,delivered
61aac36f-609d-4124-b191-81eac0b23a4a,c1e8b998-5107-47df-91b0-6429db1b2d98,bd0b4a2e-3f75-46a1-bf8a-5a82594d70a4,ups,1Z524TZ5405476904,2023-06-18,2023-06-19,delivered
1d5c7ac3-90da-4f9a-90c8-22007b317548,7e22bcbe-5d52-4706-8dbf-1546d0beff13,bf354916-9528-4db9-8189-f6524573c41b,fedex,1Z616EM2317580373,2024-04-20,2024-04-30,delivered
e3d1fd6b-8272-483d-b7f8-3a0686fe2d4e,3069b559-eeff-407e-a45f-a7346c1ed8e9,675870cd-1868-4277-aeba-578addec8838,dhl,1Z951XM0093567453,2023-02-02,2023-02-03,delivered
145bb81a-e67b-4ca2-80c2-aa450b720f86,0a7bffc9-71d6-49ee-948d-253100dc6cfb,2f1e95b4-aa81-4b55-926d-70531f59528d,ups,1Z853VQ1235975499,2024-03-22,2024-03-29,delivered
dc58aa1f-a009-4f75-827d-ae71311b4365,9009ad7a-7c34-4708-9fcb-fcac8e4b7c82,90d6c40d-10d6-432b-99fe-bd1448f1aa57,ups,1Z420FH8348654285,2023-05-29,2023-06-03,delivered
f80f1540-878a-4a33-9b79-f75479e08f7f,b47b634c-a8b9-4ac5-a39b-407d94e67a58,186252aa-ede5-4d43-ae8c-afa67e2d2f41,usps,1Z920SE7233751303,2024-03-08,2024-03-15,delivered
d41b17f5-bcf4-44be-9125-1960f08f45c6,0f6c276d-8605-416d-afbd-a95565f7d4f1,fa42ec50-bf62-41ae-851d-68ee160f73ae,amazon_logistics,1Z167LC0160892395,2023-10-29,2023-11-06,returned
d8ea2693-b166-4627-8bab-b58afafef0a0,e8a1bf1f-c600-4d94-aed8-0e974ffd1a36,186252aa-ede5-4d43-ae8c-afa67e2d2f41,usps,1Z287BG5223179590,2023-12-27,2024-01-06,delivered
49bbe4e7-361b-4e65-92cf-d5f8120a8ba3,b93f1963-0f6a-4fc3-a587-bdf0415faa4b,2f1e95b4-aa81-4b55-926d-70531f59528d,ups,1Z680SY1020296775,2023-11-21,2023-11-28,delivered
e55d1afd-364a-4620-a561-20cbb342d7a2,3dba0a07-2b46-41bf-933c-e19c6445ecad,30a760c5-971e-45bc-a486-1b9c5c6cb5b3,amazon_logistics,1Z168AV7275219983,2023-12-23,2024-01-01,delivered
4c5b21c9-6a96-43f7-8153-5b70650633f3,d18604e1-6e61-430b-bab7-d55d1773dbb8,17c4e490-aea6-450e-8341-edd09cb436b7,ups,1Z160VI9532905071,2023-05-06,2023-05-10,delivered
0ecb30d9-d814-4e58-9129-8d06dd26ca9d,de3aad18-3675-486c-a743-936690d465dc,2f1e95b4-aa81-4b55-926d-70531f59528d,amazon_logistics,1Z699IP7814358239,2024-04-01,,in_transit
33b2037c-e6f5-41af-b821-c47837538f99,01f383a4-a46e-4144-957e-203ab9db2c34,067cb52e-60b6-4c7f-b93d-ba67d806f2e9,ups,1Z122BA0661512287,2023-08-30,2023-09-06,delivered
d3f8e995-f894-4331-9315-8091bbab60ed,8e110030-1ee1-4c9c-97a8-d28431bbbdfe,fa42ec50-bf62-41ae-851d-68ee160f73ae,ups,1Z261HV9220127450,2024-02-01,2024-02-10,delivered
1f6616ae-913a-4f26-9a43-6ddf7084f4c8,fd23edde-9648-43d6-8a06-f95b76e4fa42,30a760c5-971e-45bc-a486-1b9c5c6cb5b3,ups,1Z504OL2591460054,2023-11-29,2023-12-09,delivered
97d55728-c4b7-4fc3-b661-0919b70ced95,5fdacde3-82e8-43ce-adae-e15306705270,9a7f238f-ff0a-4a46-9bc5-b76c045f34f7,ups,1Z571JF5743893898,2023-05-12,2023-05-18,delivered
8faa8e73-431e-4610-bbb3-f776da1c3143,123320a9-6825-4eda-898a-b4f433c14643,90d6c40d-10d6-432b-99fe-bd1448f1aa57,dhl,1Z834DE9633756721,2024-02-03,2024-02-13,delivered
a3d8b9ff-e0a4-4736-9742-db257d0af494,b56ea4cf-3cbb-48b4-982e-55b0fc3ef89c,90d6c40d-10d6-432b-99fe-bd1448f1aa57,fedex,1Z274ME9619892645,2024-01-06,2024-01-10,delivered
61a33964-9ed3-4f03-a916-67f0d386745c,451ce0d2-d314-46b5-b62a-eb7f919c87c0,9a7f238f-ff0a-4a46-9bc5-b76c045f34f7,ups,1Z415KM0591632620,2024-04-02,2024-04-09,delivered
4cc427c1-fd15-4a93-a776-cb8467c9ac57,c336f6b6-0fd6-4ac1-a6fa-2981850adbce,2f1e95b4-aa81-4b55-926d-70531f59528d,amazon_logistics,1Z879LP7986084471,2023-08-30,2023-09-01,delivered
42fc234b-0b09-441d-819c-7b241c29b470,2eb5a071-0006-4d2c-9ad4-17ff2fd763ce,17c4e490-aea6-450e-8341-edd09cb436b7,ups,1Z898YV2917135954,2023-03-13,2023-03-17,delivered
dce02da1-9af6-40b6-962a-4550cd218fb4,5a63f8e8-796b-4be1-8c7e-2ca5ed8c8353,bbc4323f-7fdc-4913-8813-74f66d90fbff,amazon_logistics,1Z348LB2969585764,2023-10-25,2023-11-02,delivered
d6dda02f-5d5d-43f9-ae57-9de5c897a196,a9064eee-8a2f-40da-9975-56cc9329d975,bbc4323f-7fdc-4913-8813-74f66d90fbff,dhl,1Z364OX5828622261,2024-03-08,2024-03-11,delivered
27def118-ea91-4fda-adee-f1b64b23f1c5,f0bbec15-462e-4102-83fa-e72bc2038ebf,90d6c40d-10d6-432b-99fe-bd1448f1aa57,ups,1Z671XW3989401800,2023-11-08,,in_transit
e69f9978-f855-4af3-bc24-e21c30f1dce9,b28225ea-2bc3-48f3-b9ad-8f60ac01c1d4,3b5e3aa9-ba0f-4938-8883-41d61182dc94,dhl,1Z256BI4118990858,2023-08-10,2023-08-18,delivered
c2c88946-b89b-485f-980d-4ce4b6e81173,5c8f35f5-46c2-4fdd-b704-c41602c4cc10,414c90e8-1f79-4fac-aa23-cea655b18828,fedex,1Z689DM4339222554,2023-06-19,2023-06-25,delivered
752329b0-8240-4311-994a-424b25ce8edf,b1d313e8-755c-4054-a91e-f14d4610b0b7,bf354916-9528-4db9-8189-f6524573c41b,usps,1Z028DY7845333309,2023-10-29,2023-10-30,returned
7e518231-3bc7-4ed3-9a0f-167f3c95b7c3,e62f14e4-4e59-4155-a00d-f8febeed3601,414c90e8-1f79-4fac-aa23-cea655b18828,usps,1Z185YC5377866461,2023-04-13,2023-04-16,delivered
8689aa10-8899-4c3c-8d47-82fe4b8c193a,2580df66-2745-4c87-a556-59ca70a29805,bbc4323f-7fdc-4913-8813-74f66d90fbff,dhl,1Z746KV1250203982,2023-12-09,2023-12-13,delivered
a3d6c120-5166-48d7-978d-0db9ee767750,b487f0b7-d0a1-4f8a-bbd6-c9985680cb48,17c4e490-aea6-450e-8341-edd09cb436b7,amazon_logistics,1Z954YM2636199893,2023-08-05,2023-08-12,delivered
4652049b-0976-49c5-8215-cb83abc83df1,99ccccf1-0d7c-40e1-a9bc-dacb7a1954fa,9a7f238f-ff0a-4a46-9bc5-b76c045f34f7,usps,1Z023VT7089164646,2023-12-02,2023-12-05,delivered
37b91273-fd0e-4ccc-bc15-75aab3edb0e6,0390d8b3-a7c0-4096-ad47-519f814d5e6c,90d6c40d-10d6-432b-99fe-bd1448f1aa57,fedex,1Z546RO7707112485,2023-06-12,2023-06-21,delivered
a61da119-b9d2-473d-9693-edd187ff62bd,d56c56af-4420-4c80-ad08-f263b2966fcd,675870cd-1868-4277-aeba-578addec8838,usps,1Z233EU4168983742,2023-07-31,2023-08-02,delivered
2b40dd7e-5b29-42ba-a984-34289d727735,ca8c1d72-e32f-4046-a540-e597add3d340,675870cd-1868-4277-aeba-578addec8838,dhl,1Z768VV8699579334,2023-10-12,2023-10-18,delivered
5a7627ab-0c23-482f-835e-8453d2470c70,46703082-d8a6-4789-892a-111a16b789d4,30a760c5-971e-45bc-a486-1b9c5c6cb5b3,ups,1Z459QZ3682425277,2024-02-07,,in_transit
de45ed21-ad41-4ae9-8c8e-073b1ef5d39e,bea51f99-229c-4110-bdc9-77f9812091c5,bf354916-9528-4db9-8189-f6524573c41b,fedex,1Z223FD4070724349,2023-11-03,,in_transit
315ece6e-c229-42a4-b4eb-5ced39878bce,0105a463-41ae-41e0-8ba6-67bebb91e0b3,90d6c40d-10d6-432b-99fe-bd1448f1aa57,fedex,1Z060XI0114310272,2024-01-21,2024-01-23,returned
f15e82f3-f956-43cd-86e7-7f017d70d372,80c8f773-1575-4c83-84ef-e62cfceb72d8,2f1e95b4-aa81-4b55-926d-70531f59528d,usps,1Z803ZW5647765295,2024-01-28,2024-01-30,delivered
67d9987c-8508-4e5c-988f-47330ecb4b87,7dedb6c0-89d6-440b-8c63-8448f000e064,675870cd-1868-4277-aeba-578addec8838,usps,1Z761JI0777173732,2024-03-10,2024-03-11,delivered
1cac3804-ce1b-4eb3-b80d-e5c1ce5db372,e4ca1b55-cda7-48ac-97a6-1c1cd0f185ef,bbc4323f-7fdc-4913-8813-74f66d90fbff,fedex,1Z080QB0381973187,2023-11-03,2023-11-06,delivered
92cff751-4476-46ab-a40b-4f8c2f2f8629,3d746e07-5afd-4ca4-abbe-6da2ef4cfee5,675870cd-1868-4277-aeba-578addec8838,usps,1Z815YX2981680461,2024-01-13,2024-01-20,delivered
3b9757f8-d5d3-4ca9-beac-effa917f7e60,be1d7774-075f-4cb2-bebb-60c2e0421311,90d6c40d-10d6-432b-99fe-bd1448f1aa57,fedex,1Z357LN9502296465,2023-02-25,,in_transit
4b32671d-4a3f-42cd-960e-6724133978d7,79b1f33f-b8ee-48dd-9685-a1135af5ac26,3b5e3aa9-ba0f-4938-8883-41d61182dc94,fedex,1Z119LJ1072519019,2024-04-30,2024-04-30,delivered
32c924f1-598a-4e60-8c7a-fa4a88d6b2f3,f35c7e7b-585a-4e8e-b1f4-fa1e0532cad8,9a7f238f-ff0a-4a46-9bc5-b76c045f34f7,fedex,1Z251AL2550791478,2024-04-16,2024-04-23,delivered
1263ff0b-a8e2-400c-919a-97e0b776a521,3a90c406-37af-495c-9881-034f79b86f38,9a7f238f-ff0a-4a46-9bc5-b76c045f34f7,fedex,1Z050WP8413898242,2024-04-09,2024-04-14,delivered
abbc7fae-c8f4-4f42-b17b-ac5fd66e554a,29c4378f-3a15-41ff-a63d-f43a54943cc3,bbc4323f-7fdc-4913-8813-74f66d90fbff,ups,1Z005OX6464442839,2023-11-21,2023-11-22,delivered
f53a7b8d-c496-42c7-877e-7e802fca2a88,1fdb110d-d78b-4c67-9ca7-91528f14a176,3b5e3aa9-ba0f-4938-8883-41d61182dc94,usps,1Z778TP7885258750,2023-04-08,,in_transit
d8767189-c5d1-4e69-9040-4c5168f6560f,aad0285b-e19d-48b6-9ea3-b2d9f8cb0960,30a760c5-971e-45bc-a486-1b9c5c6cb5b3,fedex,1Z335SX1815068487,2023-08-09,,in_transit
50e89e7c-e334-4c53-b392-537a28b08c84,7f15284e-8b6b-4f02-bb5a-69ba537f4aeb,9a7f238f-ff0a-4a46-9bc5-b76c045f34f7,fedex,1Z308MN5952805154,2024-01-26,2024-01-31,delivered
e7083536-9459-40bd-ab63-8bbec82f0f65,e682125b-fbaa-491b-bb24-0f67a498dd94,186252aa-ede5-4d43-ae8c-afa67e2d2f41,ups,1Z267EI9736586141,2023-07-05,2023-07-15,delivered
71196b90-c32d-4472-ae00-f4cf0ca3838e,18096b7a-0b68-4ed2-a9d2-254f7668e78f,17c4e490-aea6-450e-8341-edd09cb436b7,dhl,1Z632OP0258692115,2024-02-18,2024-02-23,delivered
c494225b-b136-4839-9e10-76060622e196,734b2ded-30fb-49a9-9e83-e8c2c79787f6,414c90e8-1f79-4fac-aa23-cea655b18828,usps,1Z832QJ7619840099,2023-06-25,2023-07-01,delivered
355ab41f-8949-4a3c-aa3b-7346b448ee66,e9fd22b0-a5b5-40d4-9934-3c46489cf401,067cb52e-60b6-4c7f-b93d-ba67d806f2e9,ups,1Z317HI6111745256,2024-03-31,,in_transit
f06623ed-963c-4dd1-8a23-6735a5d30b67,c94b5860-7fe8-4dc8-98b6-3c80fa1de6cd,414c90e8-1f79-4fac-aa23-cea655b18828,fedex,1Z318OF0816511841,2023-12-29,2024-01-03,delivered
320ed3ea-918b-4e98-aa15-a05cfb0efb98,e7bb7585-d35b-420e-93e5-809c1b0ca8e3,2f1e95b4-aa81-4b55-926d-70531f59528d,fedex,1Z244YS9136397360,2023-11-16,2023-11-22,returned
452543da-3cea-41c7-881c-c943733bfeb1,2b37a4b5-d0fa-4f7b-847f-98f708f91a3c,9a7f238f-ff0a-4a46-9bc5-b76c045f34f7,fedex,1Z179DQ9931132249,2024-01-30,2024-02-05,delivered
56188c3f-f624-478e-829f-81cba29eb6bc,77d15488-fd66-4280-b6fb-81f1ef19bb78,067cb52e-60b6-4c7f-b93d-ba67d806f2e9,fedex,1Z319KZ1787750444,2024-03-08,2024-03-14,delivered
284d1857-6f20-4878-9e4b-199593f751a7,6b2fa69e-38a1-448c-a773-09e7c8ed2a0f,bd0b4a2e-3f75-46a1-bf8a-5a82594d70a4,ups,1Z154TD0740984171,2023-07-12,2023-07-17,delivered
ed247902-b992-45a1-8d9a-66c161ab2f05,79d99bde-1b93-469b-8c13-49cdc0eefcb4,ab993ac2-3403-4413-88ca-adf00cee0973,usps,1Z578CV5537850689,2024-04-28,2024-04-30,returned
fff45dc8-f0c5-4ce9-aebb-b07942a55a40,adceb1cc-de63-4a78-8aa5-6d95329459b6,bd0b4a2e-3f75-46a1-bf8a-5a82594d70a4,ups,1Z413NJ3514420230,2023-02-14,,in_transit
f191a2bc-0478-49d9-a0cd-4277748ba7ea,933b6ef2-6156-4d14-9b98-245fb7102f6a,675870cd-1868-4277-aeba-578addec8838,fedex,1Z646PL6821727544,2024-04-11,2024-04-16,delivered
d7e62b89-28aa-4df5-bac8-6ce6b88f6b47,dab41d28-af55-4e38-87a9-096a1285278d,30a760c5-971e-45bc-a486-1b9c5c6cb5b3,fedex,1Z011FE7461929369,2023-11-24,2023-12-04,delivered
f8c53b83-607d-495a-bfda-6041a8850841,ff1b95da-feb1-48c5-932a-0ecfaa323469,3b5e3aa9-ba0f-4938-8883-41d61182dc94,usps,1Z131II3678804530,2023-08-30,2023-09-04,delivered
c321c4f1-098b-488e-b42b-e26694cceeeb,2b151821-9dcc-4c19-8ff0-a6dd80ed2f62,675870cd-1868-4277-aeba-578addec8838,fedex,1Z380JD0699914615,2024-04-25,2024-04-30,delivered
1b7f52c3-af78-475d-b050-6b7dd0d2994c,ac93f2ee-b156-4b96-997d-d7e32c5d54b2,fa42ec50-bf62-41ae-851d-68ee160f73ae,ups,1Z856UX0615839329,2024-01-08,2024-01-11,returned
e7ecb804-d0bd-499d-915c-a08f18095f8d,ede029f3-6474-4359-81b0-72a92c7931f6,17c4e490-aea6-450e-8341-edd09cb436b7,ups,1Z370JY0957798247,2023-06-05,2023-06-07,delivered
b280c240-3642-4c5d-b5f4-95f74ceaa19d,8ed54d32-d371-490b-8486-c60f3f72c279,414c90e8-1f79-4fac-aa23-cea655b18828,dhl,1Z740QQ5705562575,2024-04-30,2024-04-30,delivered
a2409985-0124-4748-9f6f-5a4f8d0f3583,0df68eba-7309-4333-a8ed-33257787aef8,bd0b4a2e-3f75-46a1-bf8a-5a82594d70a4,dhl,1Z443FJ8779793982,2023-12-15,2023-12-25,delivered
f0c5cb94-934e-404a-8349-ecdd21a3ad8c,7d3abd79-18b4-48c5-9e6b-201a73c2a8c4,9a7f238f-ff0a-4a46-9bc5-b76c045f34f7,usps,1Z091JP5364937621,2024-04-14,2024-04-17,delivered
7896c660-0606-4217-8a70-6e55f893345b,9cb24cf6-731a-4ce8-952e-89762ba4b93d,414c90e8-1f79-4fac-aa23-cea655b18828,ups,1Z201GA3378968638,2023-12-16,2023-12-17,delivered
da32b6b3-8c39-4221-94f9-1196b1bf95f5,e4a0472b-77c4-472a-8a3c-be3ae08a2f3a,fa42ec50-bf62-41ae-851d-68ee160f73ae,fedex,1Z372YG8389405652,2023-12-28,2024-01-05,delivered
64dc8534-d68c-41f6-af01-e0a89288b754,3c8388ad-8bc7-4428-93d4-c3f4d25cd77a,3b5e3aa9-ba0f-4938-8883-41d61182dc94,usps,1Z756JH9701962315,2023-10-17,2023-10-22,delivered
b21610f2-6a61-412f-a0ca-a0f863ed71ae,5b36838b-9dc9-4ea1-a6f3-90e5d6ab3261,675870cd-1868-4277-aeba-578addec8838,usps,1Z402QP4432371057,2024-03-27,2024-04-04,delivered
541087d0-2428-424f-8e97-eabcdc014857,9d4b5420-6caa-411b-b38b-c47598b9a7b5,067cb52e-60b6-4c7f-b93d-ba67d806f2e9,ups,1Z138EY7641179014,2023-08-20,2023-08-21,delivered
02aaea0a-64e0-43e2-b9f5-9247d0bec9cb,7aecd19c-fbf2-4f57-be65-eb588561b8fd,17c4e490-aea6-450e-8341-edd09cb436b7,fedex,1Z471FY7709133691,2023-07-09,,in_transit
a67bacc7-0b09-4a51-ab36-40543c251de8,d958a7f5-157d-4a0f-a6b8-9784645750d6,3b5e3aa9-ba0f-4938-8883-41d61182dc94,ups,1Z377QW4878959060,2024-01-21,2024-01-26,delivered
ec4a6a6d-46fb-4cb6-a350-ad6c0f1db7b9,f2622c2b-9f4e-4841-b5c5-65a59e15279a,9a7f238f-ff0a-4a46-9bc5-b76c045f34f7,ups,1Z428LP7206048200,2023-02-17,2023-02-27,delivered
f6330789-3a03-402b-a809-752b8fe40ff1,308ab177-dc73-4091-8d20-fa5c54622afb,186252aa-ede5-4d43-ae8c-afa67e2d2f41,fedex,1Z158LL0866500584,2024-02-05,2024-02-08,delivered
2c8e8746-b916-4e0f-9fdd-73e9012bfb1c,5fc9fad8-f65a-42f0-81fd-8f5072f48d42,675870cd-1868-4277-aeba-578addec8838,ups,1Z417TH1333645388,2023-07-06,2023-07-16,delivered
fe9f99a5-7aef-4ca2-bca1-fd152f3458ee,7486f3c7-e83b-4461-bf12-10f01aec534a,9a7f238f-ff0a-4a46-9bc5-b76c045f34f7,usps,1Z091AR9857467203,2023-04-13,2023-04-18,delivered
c77b0d40-75b9-4d16-96f3-a5f37778d64f,40ec613d-2272-497f-aee4-8cedbff2e57a,30a760c5-971e-45bc-a486-1b9c5c6cb5b3,amazon_logistics,1Z087ER0794223217,2024-04-30,2024-04-30,returned
ce750bf9-16ff-4057-98d4-f24667b49318,17f5ba04-a737-4669-b40e-929695d60679,bf354916-9528-4db9-8189-f6524573c41b,usps,1Z832LA2219208569,2023-05-14,,in_transit
5f2c0308-4116-4f72-a382-fbe7fb3dc067,6a226cb3-1930-441e-8fc0-de41bc686129,30a760c5-971e-45bc-a486-1b9c5c6cb5b3,fedex,1Z977GN6566735065,2024-01-18,2024-01-20,delivered
13a9b020-1fb4-4f02-8f1c-165001ab88df,d3d9da20-ec8e-4700-a3a8-4290f4b38811,30a760c5-971e-45bc-a486-1b9c5c6cb5b3,ups,1Z473ON9955977356,2024-03-28,,in_transit
c6002fd5-5b89-4b2a-95de-e0d52ca93cad,64e570f6-2505-4a4f-b6e4-60ad8ccf60c6,17c4e490-aea6-450e-8341-edd09cb436b7,fedex,1Z152NE2258104233,2024-02-22,2024-02-29,delivered
27ac4c61-e29e-4051-8532-bb16b124d883,49a0a445-7f4c-4526-b8d3-44c63f45e42b,bd0b4a2e-3f75-46a1-bf8a-5a82594d70a4,ups,1Z037DQ9383176887,2023-06-02,,in_transit
19de8e86-c627-49f6-846b-713498e38e21,a2b011e9-d180-455e-9eaf-52117a568b61,bd0b4a2e-3f75-46a1-bf8a-5a82594d70a4,dhl,1Z751ZT1082184750,2024-02-15,2024-02-24,delivered
2d0330c1-6ab8-4c06-a79e-f26648020c42,6032fd87-d55f-4f24-a469-76aab188e279,30a760c5-971e-45bc-a486-1b9c5c6cb5b3,fedex,1Z740QH4158608275,2023-05-17,2023-05-19,delivered
bfbbfa4b-7cdd-4657-aefc-8989cbd5aff1,65a7dba5-31d3-4500-be16-7f4f5351a6e9,186252aa-ede5-4d43-ae8c-afa67e2d2f41,usps,1Z179AM1228669400,2023-12-07,2023-12-12,delivered
1c046f29-94ed-468c-b2db-7801c20788c8,e360c8c0-3f14-49a2-8df3-f3e0975a37c3,17c4e490-aea6-450e-8341-edd09cb436b7,fedex,1Z584ZP8930115624,2024-02-19,2024-02-23,delivered
31d88fae-7bf2-4abd-a090-e23900c7049c,2b3a8ac3-64d7-41bb-9719-60595ec08e63,3b5e3aa9-ba0f-4938-8883-41d61182dc94,ups,1Z732YO9117410631,2024-01-30,2024-02-09,returned
dc324151-37d8-4e10-830f-953242cbc7f5,38826120-7a7c-4381-90b9-79b9be26eb7a,3b5e3aa9-ba0f-4938-8883-41d61182dc94,fedex,1Z927ZS7916588462,2024-03-10,2024-03-17,delivered
9bb7efe7-7bfb-40e8-845d-c1f40fefe71d,829b476f-0c2a-42e1-9be4-98e43ad3d1cc,186252aa-ede5-4d43-ae8c-afa67e2d2f41,dhl,1Z265WS6123850295,2023-12-25,2023-12-26,delivered
f4379717-d328-4305-90fb-777ae41a9ab5,6474f530-31f1-4f62-afab-96ef482d219d,2f1e95b4-aa81-4b55-926d-70531f59528d,ups,1Z246EB2923202075,2023-10-12,2023-10-19,delivered
3eb8fbcc-559f-4a4a-abf4-bb982db015e7,2514402f-a1af-4e78-8350-ddab9dfc696a,ab993ac2-3403-4413-88ca-adf00cee0973,ups,1Z086EJ5327595063,2024-03-17,2024-03-22,delivered
e65dd51a-0256-4663-a559-e678c1d7c01e,d0fd5120-e5ea-48eb-b70a-53da5d9ae031,067cb52e-60b6-4c7f-b93d-ba67d806f2e9,dhl,1Z605GM7739981373,2023-05-22,2023-05-29,delivered
7c281fc6-3fd0-4c26-879f-74451511e4f6,e6c1110f-cba7-4b75-b840-822555d02d42,bbc4323f-7fdc-4913-8813-74f66d90fbff,fedex,1Z078OW3830872590,2023-08-30,2023-09-03,delivered
5d2fc689-d7cf-451d-afd7-bf9e454805b6,55119db9-7a2b-4490-ba9c-aaaaa934dad9,067cb52e-60b6-4c7f-b93d-ba67d806f2e9,amazon_logistics,1Z357RG7017552845,2023-11-15,2023-11-16,delivered
09882d19-56aa-494d-ad2e-3f01da1e2df3,cbd8030f-9a5d-4be5-bc0e-cfbf84958dd2,90d6c40d-10d6-432b-99fe-bd1448f1aa57,fedex,1Z937AW6192493392,2024-04-11,2024-04-21,delivered
131280dc-26de-42c2-be44-6fea08fbf793,6c80fce4-fd3b-4449-9cf7-eb5baa352469,90d6c40d-10d6-432b-99fe-bd1448f1aa57,fedex,1Z423NJ6781356600,2024-01-20,,in_transit
882b2012-cbef-4168-822a-436b1fa4cfc9,18d8712c-342b-408e-9b2e-2ed7ccb7d3ec,067cb52e-60b6-4c7f-b93d-ba67d806f2e9,ups,1Z032QD6512016746,2023-02-19,2023-02-23,delivered
f1c95e48-a0fc-4d00-b00d-b99757bea97b,e1acf867-9a07-4fb5-8108-c20a9a4bf19c,414c90e8-1f79-4fac-aa23-cea655b18828,usps,1Z122UT0401329043,2024-02-26,2024-03-06,delivered
03f72b6f-7280-4646-b04d-76bf9cb62ecf,cfb3e22c-bc89-48bb-8a6d-ec73c94dcc7d,067cb52e-60b6-4c7f-b93d-ba67d806f2e9,amazon_logistics,1Z580NR4653634639,2023-04-09,2023-04-17,delivered
77ef9f34-b696-4e3e-9312-0b7a218b8c3c,76a84880-0383-4f0d-b868-f8d95b32cae6,9a7f238f-ff0a-4a46-9bc5-b76c045f34f7,usps,1Z806EQ9372662935,2024-04-11,2024-04-19,delivered
f3b2b7b5-423a-4ba1-aa4a-91355271ae14,02b3ed9d-41c6-4ecf-9604-607234d2dfaf,ab993ac2-3403-4413-88ca-adf00cee0973,ups,1Z333BO6564989550,2024-04-29,2024-04-30,delivered
8aa99c6d-d16a-4b2c-ba47-7a0929136887,b6144d93-63cb-4580-be58-53cd58ec0ca3,fa42ec50-bf62-41ae-851d-68ee160f73ae,ups,1Z809ZD2646562755,2023-09-19,2023-09-28,delivered
b259e1ec-b0cc-462a-a6fb-8df4eee33cb9,6bc235e0-d561-4c63-b93f-1c86a75f76ef,bd0b4a2e-3f75-46a1-bf8a-5a82594d70a4,fedex,1Z823MX6943715314,2023-08-29,2023-09-08,delivered
b67ce79c-be60-4fe0-87ed-7b42a21a2122,228f0de5-0928-4b1e-a723-93de34b53515,ab993ac2-3403-4413-88ca-adf00cee0973,fedex,1Z566QE2355546671,2024-03-29,2024-03-30,delivered
8cf1ceca-58bf-4e7f-b255-d68fd5adac15,7d8c9ee0-04ec-4d0d-8298-95ba9346f18b,17c4e490-aea6-450e-8341-edd09cb436b7,ups,1Z886YA1156088415,2024-01-11,2024-01-21,delivered
86aa7997-6d13-44e0-9399-0977a5ab8d27,04549279-35c3-4786-afd5-c3828e0293a5,bbc4323f-7fdc-4913-8813-74f66d90fbff,dhl,1Z243VI3193385896,2024-02-08,2024-02-11,delivered
988486a8-c55c-4306-ae80-350393ac918e,24466293-769c-487b-b469-0f866991bec0,067cb52e-60b6-4c7f-b93d-ba67d806f2e9,dhl,1Z584OE0403385293,2023-12-26,2023-12-29,delivered
1886b7a5-7f3b-4399-b291-5ba0a4e3031f,96ab8868-9262-4c41-83df-c1086ad8eec3,bbc4323f-7fdc-4913-8813-74f66d90fbff,usps,1Z324TY2314073047,2024-02-26,2024-02-27,delivered
53f87c32-f9ab-448b-babf-e10be6042e37,cd93bc04-adf7-4656-8fcd-132000dcfc68,bbc4323f-7fdc-4913-8813-74f66d90fbff,amazon_logistics,1Z708BP0033184996,2024-02-24,2024-02-26,delivered
10892954-308e-4b71-b4be-0f179a50306f,fba1a7a9-0dde-4d7e-87c8-d55392215a9b,bf354916-9528-4db9-8189-f6524573c41b,fedex,1Z838CJ6641546054,2023-07-14,2023-07-20,delivered
17ab49e9-49ea-432c-b46a-079886966256,7810a5c9-82c4-4542-a07a-b6760496bf8f,067cb52e-60b6-4c7f-b93d-ba67d806f2e9,ups,1Z695DW1130532428,2024-01-29,2024-02-05,delivered
aa13030b-3b48-4f45-a8ea-eb787498c1ac,ab0c99b0-6d22-4fcf-930f-7bc2712cb7d2,bbc4323f-7fdc-4913-8813-74f66d90fbff,dhl,1Z532RW4802269081,2023-09-28,2023-09-30,delivered
c47cc40b-e59b-4fd5-b2b2-8635515c9fb7,062931c9-0489-43b1-a9b0-171dc0241e66,067cb52e-60b6-4c7f-b93d-ba67d806f2e9,ups,1Z612AM4217907572,2024-04-12,2024-04-16,delivered
20d56717-3bc7-4f14-85cb-17bdb9ac1cc2,47ae4990-d1e2-494c-a376-2bc422045c21,186252aa-ede5-4d43-ae8c-afa67e2d2f41,ups,1Z795LW1777770776,2024-03-03,2024-03-11,returned
f8fe58fc-e206-4e59-a417-89df5d68d59e,6c5bfce0-f697-4ffc-9b03-aac826185307,414c90e8-1f79-4fac-aa23-cea655b18828,fedex,1Z972QZ3027526967,2023-01-03,2023-01-10,delivered
10d8f82b-da50-4761-81db-de8dc809a861,0066c73e-7ec7-4883-ba09-532c8f9d82fe,30a760c5-971e-45bc-a486-1b9c5c6cb5b3,usps,1Z741EA9872648179,2023-11-24,2023-11-29,delivered
d4cf17d4-2094-4381-b4f4-13b0a1bb7983,0b6478bf-02ba-442b-a91b-77d47d5f0388,bf354916-9528-4db9-8189-f6524573c41b,amazon_logistics,1Z855PP2160023841,2024-02-02,2024-02-10,delivered
feadb2b2-a720-4b4e-a637-25fae11dddb8,3a20722c-958c-467c-a159-b114c065796d,fa42ec50-bf62-41ae-851d-68ee160f73ae,dhl,1Z056HC8132304708,2024-04-05,,in_transit
70e873e7-e45e-4339-aeda-4c93364a06ce,f67c534e-294f-4621-8d1e-c27334cb0cd3,067cb52e-60b6-4c7f-b93d-ba67d806f2e9,ups,1Z732XZ3250005578,2023-07-09,,in_transit
0a7bce28-43f4-43bf-8199-d542bc321625,64589b02-05f2-4525-a586-aea8174edcb5,186252aa-ede5-4d43-ae8c-afa67e2d2f41,ups,1Z872BS3682644260,2024-02-13,2024-02-14,delivered
99749ebb-e377-4929-b7f7-e561c8924687,1ecf214a-9599-47dd-822c-7a1efc649ed6,17c4e490-aea6-450e-8341-edd09cb436b7,fedex,1Z615YT1302337182,2024-03-02,,in_transit
b8b4ac33-acee-4317-a500-0a6d4aa6f90c,27c68b46-946d-40e9-a7c6-926a1fe00ffc,675870cd-1868-4277-aeba-578addec8838,fedex,1Z357XH7826486223,2024-03-25,,in_transit
560233c7-9e32-42e5-bfd8-f0018fd46f7e,fea1b54e-ba4e-411a-a31c-48ca65d007ca,067cb52e-60b6-4c7f-b93d-ba67d806f2e9,dhl,1Z941RB0724764835,2024-03-21,2024-03-25,delivered
b7dfa2ec-ce55-4f79-9468-d76cadfe4785,5520552e-a7c7-497d-bcd4-ae09d6749ab5,30a760c5-971e-45bc-a486-1b9c5c6cb5b3,usps,1Z915FA3887605344,2023-11-05,,in_transit
72dd282a-9f18-48c4-ae59-918b5fe440f2,b6295fa3-edf3-4935-b0bf-114d16a3762c,067cb52e-60b6-4c7f-b93d-ba67d806f2e9,ups,1Z795DP2482852789,2023-03-29,2023-04-04,returned
e567e373-fc21-4ca8-a9ca-fdac63f27845,f6362839-9df0-49cf-8ca1-5157e9985bf3,2f1e95b4-aa81-4b55-926d-70531f59528d,fedex,1Z769GQ0919684513,2024-04-19,,in_transit
d71a5383-7286-4ec2-ba0a-824d78bc0f73,57bf367c-803b-4105-9033-333e217dac09,bd0b4a2e-3f75-46a1-bf8a-5a82594d70a4,fedex,1Z439GY9203350238,2023-12-30,2024-01-09,delivered
58742e2d-b944-4feb-ad3c-55fdced918bf,5966ca8d-bbf9-425d-8dba-3878f65a96d3,067cb52e-60b6-4c7f-b93d-ba67d806f2e9,usps,1Z756SW4946131695,2024-04-01,2024-04-11,delivered
a130f8ee-7548-4495-a330-e7c75eda041f,d2d3894a-7c68-41d0-b6d6-ae197bceddff,3b5e3aa9-ba0f-4938-8883-41d61182dc94,fedex,1Z371CT6872243377,2023-07-10,2023-07-19,delivered
79cb57a8-9b6d-4876-a2ff-26746286d0a1,8dc3f188-e699-4dc2-8ed9-db2b2feeef64,067cb52e-60b6-4c7f-b93d-ba67d806f2e9,usps,1Z103PG7310682112,2024-01-20,2024-01-29,returned
0ccf3789-afba-4caf-b6ce-7a580bada7fb,43ed8e1b-35b4-4320-88f7-0e4f9e2bd710,bf354916-9528-4db9-8189-f6524573c41b,fedex,1Z340HB9008243843,2024-03-03,2024-03-06,delivered
76b16145-c0a7-4784-a07a-49132eda6497,6e72ca16-9e61-4a53-a53f-8c41979d6447,fa42ec50-bf62-41ae-851d-68ee160f73ae,amazon_logistics,1Z403GT8131076927,2023-11-19,,in_transit
0ca551ff-a0ee-4511-82a9-3c4d9423f5e6,cad525b0-99ef-4458-9ce5-b1ba0891a20f,067cb52e-60b6-4c7f-b93d-ba67d806f2e9,fedex,1Z102AX7116775052,2023-06-13,2023-06-16,delivered
81e41f0f-3df9-48dc-af50-74fb7a026f7f,19e9cb3d-fd67-4160-a770-403322062c8a,3b5e3aa9-ba0f-4938-8883-41d61182dc94,usps,1Z030KW2013560682,2023-12-12,2023-12-16,returned
6b44ea3f-dbfc-4681-82c0-87532c584080,ead1113e-f78c-4bd6-98ed-bfb5ac91a85a,17c4e490-aea6-450e-8341-edd09cb436b7,dhl,1Z932VV1134906694,2023-10-12,2023-10-13,delivered
1ce85afe-c338-4ab6-8c5e-a063f09f4627,2026e626-c61b-4e12-ba72-3a733fa34ecd,fa42ec50-bf62-41ae-851d-68ee160f73ae,ups,1Z271FT4141591493,2023-02-18,2023-02-20,delivered
5c90bb4e-14b1-45bd-b73c-e183d9cf451a,a4d5e7ed-858a-41cb-b88d-2385ec920268,bbc4323f-7fdc-4913-8813-74f66d90fbff,fedex,1Z075CI1961045940,2024-04-25,2024-04-26,delivered
0102460c-7467-4f59-9d91-43d5c0a00460,357a8c8f-70c6-4d82-bf05-240e01f92ebb,9a7f238f-ff0a-4a46-9bc5-b76c045f34f7,amazon_logistics,1Z343WU4612073664,2024-04-23,2024-04-30,delivered
f97ac8c5-86f0-486a-8f36-c74b193b7007,8d309303-2e1c-45e4-b521-2eb50e792eba,bf354916-9528-4db9-8189-f6524573c41b,dhl,1Z175NW1591265060,2024-04-03,2024-04-06,delivered
a7ab4bdb-bae5-4d25-9902-b46dfc8e2e7f,48cb185f-5ebe-4818-83fe-31da81c75635,2f1e95b4-aa81-4b55-926d-70531f59528d,ups,1Z515SO3523499763,2024-04-05,,in_transit
fb615d55-32e7-41b7-8879-037f64910e06,6541b213-614c-4888-be5e-0e3d8169e681,bf354916-9528-4db9-8189-f6524573c41b,usps,1Z983NE4227188703,2024-01-06,,in_transit
21a780b8-e459-4830-a0c2-d71334a4d4a1,d81b7fc9-7381-4181-8192-902a38e88c08,3b5e3aa9-ba0f-4938-8883-41d61182dc94,fedex,1Z341ID6161793261,2024-04-21,2024-04-23,delivered
02dfa3de-1d61-4c10-a31f-09768de6eb48,1d9faa02-a56a-4756-b784-d713b9146dc9,414c90e8-1f79-4fac-aa23-cea655b18828,fedex,1Z911YK5787573329,2023-07-28,2023-07-31,delivered
3e718383-f13b-40e3-b99d-a992d9c3487d,93e73159-c177-459c-89d4-d47f7844294f,3b5e3aa9-ba0f-4938-8883-41d61182dc94,usps,1Z400VS6976473256,2023-12-07,2023-12-13,delivered
cd7bb653-e481-4f4c-ab12-1b1f342067d5,d2a59baa-e65d-416b-9b7e-236d5f75dd06,414c90e8-1f79-4fac-aa23-cea655b18828,ups,1Z130IK4212442690,2024-04-24,,in_transit
cc029b30-a25e-46aa-8582-384a5ded5e68,7736567b-d44c-4d92-a58e-c0ff452739b4,fa42ec50-bf62-41ae-851d-68ee160f73ae,fedex,1Z641XV2774691266,2023-01-11,2023-01-16,delivered
11659f8a-3bba-449c-b30a-51bf5694ec08,8d1c4cb5-4fce-44ad-8cf2-253a9cbc5760,fa42ec50-bf62-41ae-851d-68ee160f73ae,usps,1Z424NR0078239582,2024-03-12,2024-03-16,delivered
a32cf34f-0329-4bd0-9175-15dd54063e93,4fed811f-3dad-4299-b3d6-6604a67a7919,30a760c5-971e-45bc-a486-1b9c5c6cb5b3,ups,1Z209WF2188742773,2023-10-16,,in_transit
f61ad8fe-6db9-454b-8747-086b0e39c9a7,4f001cd9-e2e9-415e-b02f-10fb36ca1f8b,17c4e490-aea6-450e-8341-edd09cb436b7,ups,1Z046CB3092285410,2024-04-11,2024-04-13,delivered
31f962a9-d996-483a-88fd-16048eec7cf7,4e07090f-03bf-4533-838f-72b5e3f8467e,90d6c40d-10d6-432b-99fe-bd1448f1aa57,dhl,1Z657IM8508354829,2024-04-22,2024-04-25,returned
dbceb203-645c-4c42-89e5-1abd43d196c3,bbf4e6d5-183e-4a4b-aea1-aa563a7b5d51,186252aa-ede5-4d43-ae8c-afa67e2d2f41,fedex,1Z441PB3804400627,2024-01-04,2024-01-09,returned
3e4483f2-d93b-4c89-93b9-eea8459cdc2b,30d13e9c-98eb-4974-a6c0-42f36713bf98,17c4e490-aea6-450e-8341-edd09cb436b7,fedex,1Z045JW3083265027,2024-03-14,2024-03-19,delivered
9c9ab830-abe0-4eca-b52f-bc0030451b25,78c449c4-a317-4199-b334-8c33e1969c1a,186252aa-ede5-4d43-ae8c-afa67e2d2f41,ups,1Z847NC9618202101,2024-03-21,2024-03-25,delivered
f26c9f79-95a2-4376-8284-22a608a3333c,e329516a-48da-437e-86f4-9cad466125fd,90d6c40d-10d6-432b-99fe-bd1448f1aa57,dhl,1Z519WS3026621935,2024-03-28,2024-04-07,returned
e2c8ffb6-5b87-4b28-b6a1-058d04cdc6ed,c9baa3b0-e935-403b-b41b-da4538dd7ebc,bf354916-9528-4db9-8189-f6524573c41b,amazon_logistics,1Z990CV2394203711,2023-12-07,2023-12-08,delivered
273146e6-a3ba-438e-8e68-d5570bc1d1f2,a6c1e10c-2060-439e-90cc-b84f94743152,414c90e8-1f79-4fac-aa23-cea655b18828,usps,1Z389JA8590093744,2023-10-04,2023-10-13,delivered
18f42d1e-f8a0-422a-b28b-3a35a43b52f0,54b9eb7b-43e8-4581-8f16-04fdd28c0cb9,414c90e8-1f79-4fac-aa23-cea655b18828,fedex,1Z113PU4571535647,2023-08-02,2023-08-04,delivered
d6333100-ba9a-42d9-9be1-c8b4ac4cd940,102e4ab0-16f7-4fb9-80e9-221977f40e8e,3b5e3aa9-ba0f-4938-8883-41d61182dc94,dhl,1Z744IB9014891065,2023-09-12,2023-09-14,delivered
0ad0c603-cee1-4fdf-9837-11aafc90647c,8cdb5264-b790-4399-8051-e15fbfcb12e1,bbc4323f-7fdc-4913-8813-74f66d90fbff,ups,1Z548OO7589349570,2024-04-03,2024-04-04,delivered
873bc1f1-fff4-4702-a66b-2c7dd595df2f,fed615d2-66e5-4766-b110-222c6ee85795,414c90e8-1f79-4fac-aa23-cea655b18828,amazon_logistics,1Z214VX9333279961,2023-01-17,2023-01-27,delivered
0e6ef9d1-2b8d-4851-af6e-d903560bfa19,27405d2e-c84d-405a-9ec6-3c41b2126def,675870cd-1868-4277-aeba-578addec8838,fedex,1Z479BL5216974406,2023-12-08,2023-12-18,delivered
de7580bc-5d33-4eb9-87ef-76d7915ed2e4,619fdec6-f085-4287-8ff1-09c45582d0a2,bbc4323f-7fdc-4913-8813-74f66d90fbff,usps,1Z612RL2051043364,2023-03-25,2023-03-28,delivered
e18f6db1-56dc-43b0-b251-d384431e4a13,cc4c277e-3f2a-46e8-b45f-d67514a14a95,675870cd-1868-4277-aeba-578addec8838,dhl,1Z362EF9154209676,2024-04-30,2024-04-30,delivered
fd7263c5-ce85-467e-b817-aa5e29cc3230,fa4d2b5e-a6e5-4ea0-8908-7f483be86214,2f1e95b4-aa81-4b55-926d-70531f59528d,dhl,1Z067NA9979971441,2023-10-14,,in_transit
23178392-06db-4291-bfef-6f0d68433374,7c85cd54-7c88-4060-8ea6-311fbb71c6cf,414c90e8-1f79-4fac-aa23-cea655b18828,usps,1Z169ID9192561113,2023-10-18,2023-10-27,delivered
6945364e-cb53-45dc-a234-00a466ee7fc7,df0f26df-4419-499a-9b93-d1995b378716,bbc4323f-7fdc-4913-8813-74f66d90fbff,dhl,1Z837OM6878670448,2024-02-04,2024-02-11,delivered
2eed35d2-6364-4414-8c94-6d8df7837e51,f7adf968-9636-41d2-b889-0a83e755bd65,fa42ec50-bf62-41ae-851d-68ee160f73ae,fedex,1Z176YV2890553256,2023-09-17,2023-09-27,delivered
7507cdfb-692b-497a-8430-6285d48a7d22,60abf674-cbae-4af2-b826-fa4228d44cf4,9a7f238f-ff0a-4a46-9bc5-b76c045f34f7,ups,1Z633LN7725045827,2024-03-07,2024-03-12,delivered
0776d25f-361a-45ec-9003-a8268afd4980,ca9108fe-0543-4df9-8c7b-cd5a292edbc1,bd0b4a2e-3f75-46a1-bf8a-5a82594d70a4,ups,1Z667TA8134081169,2023-09-10,2023-09-14,delivered
f5b5d076-ef93-4989-8633-c54f82ce0f3e,3626eda8-185e-4244-92a9-1a738d910721,675870cd-1868-4277-aeba-578addec8838,ups,1Z684SV8725836875,2023-12-10,2023-12-20,delivered
a5a0b83d-15fb-457d-b366-832b7cc1811d,e1b35b06-7512-473c-91ac-34fc8db91e13,17c4e490-aea6-450e-8341-edd09cb436b7,ups,1Z567QB6364511936,2024-04-25,2024-04-30,delivered
561979ce-1c21-4a24-b1b3-535dcaa8f2c2,149730b9-a6d6-4f3f-a992-54a1137ab4e5,bf354916-9528-4db9-8189-f6524573c41b,ups,1Z489PC4412834431,2024-04-30,2024-04-30,delivered
e130e128-52ac-44e0-a3e7-cf8a433c510c,3290a9ad-e166-437d-a1f2-f639d90fd9b3,30a760c5-971e-45bc-a486-1b9c5c6cb5b3,ups,1Z547TD2110541044,2023-12-14,2023-12-16,returned
16645a9e-e218-4704-966b-303c3972547d,1eca61ea-9e78-4148-9ecc-f09af701defd,414c90e8-1f79-4fac-aa23-cea655b18828,ups,1Z562AJ1147036227,2023-06-20,2023-06-23,delivered
f252ccfe-15b7-42ac-863a-dc8d3c701629,11b8e0db-6c50-4a26-8961-d8232fe21bbf,ab993ac2-3403-4413-88ca-adf00cee0973,fedex,1Z538UA6858321609,2023-10-23,2023-10-28,delivered
71e931f6-abbb-4c14-a22b-6d22ffc0c25e,7d189353-32c8-489e-ad41-04e855957e63,3b5e3aa9-ba0f-4938-8883-41d61182dc94,dhl,1Z275CM3759329936,2024-04-25,2024-04-30,returned
4baa35db-a4a8-4d76-9bb2-c63448d4ccdb,d43e0071-495b-4e90-acc1-b524b1dec2e4,675870cd-1868-4277-aeba-578addec8838,amazon_logistics,1Z730KF4119418460,2023-09-04,,in_transit
3bc025cf-1958-4a51-a022-173ccad43c98,eebfd3e2-b02e-485f-8428-a1cb1ff4b6b3,ab993ac2-3403-4413-88ca-adf00cee0973,ups,1Z163JB5110506660,2023-10-06,2023-10-11,delivered
bcd7a2bc-78a2-42f9-a6c6-3197fd56ace1,c10b1c4a-43de-4ff3-b68a-a891538e0303,fa42ec50-bf62-41ae-851d-68ee160f73ae,amazon_logistics,1Z558AG1246359862,2023-07-01,2023-07-09,delivered
9aee059f-22c1-4522-ac22-fdf1edc9d01e,34e7be8b-a33e-4279-9bee-e8b1e6d817af,90d6c40d-10d6-432b-99fe-bd1448f1aa57,fedex,1Z124VP9414896170,2024-02-17,2024-02-23,delivered
171729fd-ca58-4510-8df4-51f46d1ed533,c0226d2f-e0cb-480e-a9bf-b3060da824f4,fa42ec50-bf62-41ae-851d-68ee160f73ae,fedex,1Z015AT8828040851,2024-03-14,2024-03-20,delivered
1afbb379-01e8-40ad-8f53-6d0e86c1b971,d891a57d-d276-4fec-9f74-5c333c966f8b,bd0b4a2e-3f75-46a1-bf8a-5a82594d70a4,fedex,1Z599HX6147558002,2023-06-08,2023-06-11,delivered
3d03691d-9367-4309-8ff2-bb74804f454a,d907f039-7610-4ea2-aec3-895ed1055f95,30a760c5-971e-45bc-a486-1b9c5c6cb5b3,dhl,1Z669KU1990095238,2023-12-24,2024-01-02,returned
0d8acc62-30cd-4094-b947-665e273e04a2,0937e806-ee33-4f37-8271-b4431dd2a0d3,bf354916-9528-4db9-8189-f6524573c41b,usps,1Z766RW8563670907,2023-12-24,2023-12-27,delivered
90a0400c-4f8f-49aa-9984-6314d0e5a058,3f95df1b-39b3-4168-951a-a48ee23e4724,90d6c40d-10d6-432b-99fe-bd1448f1aa57,fedex,1Z258BJ7741986192,2024-02-05,2024-02-06,delivered
f99249d4-12ee-4365-bba9-50254bae8f0b,a91fe2ad-0cd9-4d9a-825f-ce5f57d2e411,3b5e3aa9-ba0f-4938-8883-41d61182dc94,fedex,1Z835WS1555753714,2024-03-19,2024-03-20,delivered
27dd8afc-e261-4cde-a466-ae58a3e4f8b9,f76dfc6a-5dc7-41e6-bdb0-0b85628ef4bf,bbc4323f-7fdc-4913-8813-74f66d90fbff,ups,1Z217JG6750221474,2024-01-03,2024-01-06,delivered
98cd9ba6-bcc4-4495-aa35-e61e10afd1ca,2948b809-2518-4dc5-a412-636490a1106e,90d6c40d-10d6-432b-99fe-bd1448f1aa57,fedex,1Z070ZV2357145750,2024-04-01,2024-04-04,delivered
6963e3d4-1537-4434-9a0b-ef244a0e4541,4a38c5b5-2282-4d0e-99a7-68cdb2b08ca3,414c90e8-1f79-4fac-aa23-cea655b18828,fedex,1Z294TY8988547723,2023-10-09,2023-10-18,delivered
53d0a0a0-c9cc-4897-8b61-6b802a7c6427,ed1fe30c-4823-4314-a7f1-18bab5fe005b,3b5e3aa9-ba0f-4938-8883-41d61182dc94,fedex,1Z324DM9029391602,2023-10-20,,in_transit
75401849-8eba-4ab7-8378-59ac98bfb06f,1daaf55f-a7bf-4935-a5da-d1b04b79751b,bbc4323f-7fdc-4913-8813-74f66d90fbff,ups,1Z387UX8804117532,2024-01-25,2024-02-02,delivered
e19485a6-213b-4b60-b761-363f891864be,d4b8bd0b-6917-4a8d-832a-0cdfc544c508,30a760c5-971e-45bc-a486-1b9c5c6cb5b3,fedex,1Z239AM7275158284,2024-04-26,,in_transit
83be27da-16e9-48a0-8c9d-2ee8baf93e1f,7912c4d0-2758-4cec-a6a8-05bb00d22d10,bd0b4a2e-3f75-46a1-bf8a-5a82594d70a4,dhl,1Z680QQ8436398179,2023-11-04,2023-11-07,delivered
33cba4ce-2a29-4b68-bef3-fc82667200dc,40d95dfb-9b94-4b04-8a07-e28f4a8ddd98,bd0b4a2e-3f75-46a1-bf8a-5a82594d70a4,fedex,1Z592GE1157858639,2023-10-14,2023-10-23,delivered
6887d154-9254-4077-8c20-93b8aac68a37,a07d7640-dbd3-4c81-a774-8a7038b49a08,bbc4323f-7fdc-4913-8813-74f66d90fbff,ups,1Z685HD5023336750,2023-10-18,2023-10-28,delivered
1e199413-fad1-4efe-a957-96f0d295dff8,1c870cbf-af92-4927-b37f-c6f443fd4bea,bbc4323f-7fdc-4913-8813-74f66d90fbff,ups,1Z786ZK2064719324,2024-03-30,2024-04-06,delivered
edeca8a8-72a7-4c4d-b60c-d91833714771,bb8b7a8f-80ef-421b-9383-02df0877784f,17c4e490-aea6-450e-8341-edd09cb436b7,ups,1Z014CW8647405478,2023-10-19,2023-10-26,delivered
67ca7874-40ee-481d-be47-8527169e7a0b,6e641973-f6a8-4576-af8d-876fe6cb487a,30a760c5-971e-45bc-a486-1b9c5c6cb5b3,dhl,1Z104DY1329949357,2023-01-14,2023-01-23,returned
679773d5-ff45-40ce-9588-282b61a609af,611ad850-2ae3-4bd2-b222-aed21522a6f7,bbc4323f-7fdc-4913-8813-74f66d90fbff,usps,1Z226TX8023940369,2024-03-25,2024-03-31,delivered
d4a9136d-e5a2-411a-af0f-9a64e7d1d5d4,68a47680-d810-4ef3-9603-e40375b60c28,9a7f238f-ff0a-4a46-9bc5-b76c045f34f7,fedex,1Z001RU3679446782,2024-01-24,2024-01-27,delivered
348acb52-5805-4663-b39c-1d545baaca89,08fb9fad-3fbe-46bb-b57e-fa844a414223,bbc4323f-7fdc-4913-8813-74f66d90fbff,ups,1Z848YX2789304629,2024-01-20,2024-01-30,delivered
e55e39b9-cebf-4630-8049-9a8b57fcd2dd,fc7cb7f3-9ae5-4e12-972a-13ffe0027939,186252aa-ede5-4d43-ae8c-afa67e2d2f41,ups,1Z852CZ0434107604,2023-09-04,2023-09-12,delivered
75f8399a-fa4b-4184-b4ce-9f3e497ddfea,bdfe0bfd-9b77-4f64-a6be-1244556016dd,bbc4323f-7fdc-4913-8813-74f66d90fbff,usps,1Z799EE9672441712,2024-03-29,2024-04-03,delivered
0a5108b6-16f0-4c6b-8e00-114a6387b7ff,daf1e442-15c3-4849-a504-cd843058d20f,bf354916-9528-4db9-8189-f6524573c41b,dhl,1Z691ZA4401513880,2023-11-12,2023-11-22,delivered
347535be-f569-417a-9f6d-c752a30e8780,c44c6cc3-7b99-4e02-b3e4-eab5252c30ce,414c90e8-1f79-4fac-aa23-cea655b18828,fedex,1Z552HP4470982945,2024-04-17,2024-04-19,delivered
a5407362-b16e-44f5-a698-89be3d930bc9,0c64358d-e779-4eab-99e1-c990ba6fb956,186252aa-ede5-4d43-ae8c-afa67e2d2f41,dhl,1Z609ZC3941457325,2023-07-22,2023-07-29,delivered
e5d49ad7-b40d-4a5c-86e3-044b5537ee9a,8baf567a-f99c-490e-b6e3-e740087aa986,3b5e3aa9-ba0f-4938-8883-41d61182dc94,dhl,1Z038YJ7175779739,2024-04-13,2024-04-14,delivered
2d70910c-9306-449e-97aa-2c4056f4dc04,b671be24-0025-4636-a7ea-31af06c5b5a1,2f1e95b4-aa81-4b55-926d-70531f59528d,usps,1Z502JU0704312774,2024-04-06,2024-04-12,delivered
c41f539a-afc8-490c-81a7-369b517c3ef7,6d26e0a8-1af1-4deb-9572-087295c9da2e,bf354916-9528-4db9-8189-f6524573c41b,usps,1Z832FU3588988512,2024-03-11,2024-03-16,returned
ad8d21d4-7a5f-4b96-abfe-586462d1856c,40d70d74-78db-4676-9c2e-b796a525504c,bbc4323f-7fdc-4913-8813-74f66d90fbff,usps,1Z582UT3217031539,2023-06-02,2023-06-11,delivered
efba8440-8953-4e63-a636-4319fa7deff6,55a94d18-4c10-45ed-837b-076ae666334f,90d6c40d-10d6-432b-99fe-bd1448f1aa57,dhl,1Z446NO3922328914,2023-05-06,2023-05-15,returned
878416a5-e133-45b5-8843-4224eeb28705,e61a81f5-4546-4ec8-b954-c2dc192434f5,30a760c5-971e-45bc-a486-1b9c5c6cb5b3,fedex,1Z658NR1666170458,2023-07-26,,in_transit
dc34507a-e327-4cff-9c8e-3db5a74922e2,30e198be-afa2-496f-8bd3-7ec32f26c17b,ab993ac2-3403-4413-88ca-adf00cee0973,fedex,1Z018WG1351025271,2023-02-01,2023-02-04,delivered
0c66825f-0d38-424b-8184-f73423e300b2,9b2c32cf-03f2-41b9-934c-66e2527e52df,ab993ac2-3403-4413-88ca-adf00cee0973,ups,1Z870PL6918769846,2024-02-17,2024-02-27,delivered
4783cf72-e111-4088-b2e6-15d76c72f08d,2c2874ef-2f38-4c69-985a-fd3be5ba7f50,fa42ec50-bf62-41ae-851d-68ee160f73ae,ups,1Z568BV1860993283,2023-08-18,2023-08-20,delivered
bcc8b6fc-28ad-4413-91c3-bcd7de6e4a79,68c9d0a8-b188-4539-8fcb-16e1049ffdc0,30a760c5-971e-45bc-a486-1b9c5c6cb5b3,fedex,1Z779YS1178737091,2023-07-07,2023-07-11,returned
c899d698-9a9b-4003-8d7f-c762928ac3cb,59a9afc4-f4c8-4fa1-a807-184e2cab2f98,ab993ac2-3403-4413-88ca-adf00cee0973,ups,1Z666GB4450486542,2024-03-09,,in_transit
696573cc-12fa-4bd9-aee0-b5dd45564332,806335b1-bade-44ee-8a93-f1e5166732f3,bf354916-9528-4db9-8189-f6524573c41b,ups,1Z101DJ9472977034,2023-05-25,2023-05-30,delivered
79427b56-9347-44ab-85fe-33951a887686,b8ac5afc-2752-413a-a9e8-827ba50ee4fc,675870cd-1868-4277-aeba-578addec8838,ups,1Z528WB0763136933,2023-04-15,2023-04-23,delivered
25121a9d-8523-4e4e-8386-f4e82c1ec673,c5374702-3298-4032-8c7d-0ed9ad5004cb,186252aa-ede5-4d43-ae8c-afa67e2d2f41,ups,1Z517EQ1381671262,2023-11-15,2023-11-23,delivered
9f5d2bf0-2cce-4d52-bf3e-c12f942ea8fc,5c320dee-ffa0-44ca-8cff-d5389310aa33,fa42ec50-bf62-41ae-851d-68ee160f73ae,ups,1Z214LB5535924241,2023-08-08,2023-08-17,delivered
ba5d53d2-c629-4f8a-a33b-1adbaf063c05,9bcc24b0-3b95-44c6-9736-76eaa48c778e,90d6c40d-10d6-432b-99fe-bd1448f1aa57,fedex,1Z587GC7883303111,2023-12-12,2023-12-20,delivered
c5c4d36c-e339-4b0d-8b75-b8c4a5bc2386,4be2ef1c-76c1-47e7-9f5c-3a72c086c554,bf354916-9528-4db9-8189-f6524573c41b,fedex,1Z588ZO8140701277,2023-07-14,2023-07-24,delivered
ee6f187e-6c6d-4b63-8b6a-4efc619f486e,49a47c06-b97b-4691-99ca-ad4aaec0635e,ab993ac2-3403-4413-88ca-adf00cee0973,dhl,1Z399TY7100779574,2024-04-23,2024-04-24,delivered
e524ed34-06b3-41df-827d-e312e536fbf9,11fa5b0a-74d0-4e42-b525-ef7b6a8af706,2f1e95b4-aa81-4b55-926d-70531f59528d,usps,1Z635IA5749927598,2023-07-23,2023-07-24,delivered
fbbd855a-322d-4ba7-b68b-29df4f81c09a,3d05d56e-e37e-40f5-996c-a402227be86e,9a7f238f-ff0a-4a46-9bc5-b76c045f34f7,amazon_logistics,1Z784AB4515178264,2023-03-27,2023-04-01,delivered
1604f784-2b51-4f11-a24e-dc93c1916169,01b46b08-294b-4d7b-ac16-113f790d8637,bbc4323f-7fdc-4913-8813-74f66d90fbff,ups,1Z246FU6940242297,2023-12-20,2023-12-30,delivered
c330406f-afe3-481a-a2aa-bd01dcc68ad3,9e458229-3eaa-477f-88c1-8123b18b8409,30a760c5-971e-45bc-a486-1b9c5c6cb5b3,usps,1Z064VM4949180927,2023-08-26,2023-08-28,delivered
9a5861a7-3307-4bd8-a872-f59a5768ae22,f9b7fffc-1b8a-400d-a59c-8a4516407118,bbc4323f-7fdc-4913-8813-74f66d90fbff,fedex,1Z052UB4083358346,2024-04-13,2024-04-19,delivered
1232e19f-78d6-4dbe-a1f2-c0965024633b,cf98f97f-c932-45f1-9b83-3fed2af418c6,186252aa-ede5-4d43-ae8c-afa67e2d2f41,usps,1Z963VG9989923725,2023-09-20,2023-09-28,delivered
5c05fd68-92a9-40d8-b02f-c0139cd71fc4,ad62b574-8f85-4fe4-acc5-284c2bd11bd1,414c90e8-1f79-4fac-aa23-cea655b18828,ups,1Z776HB8652641904,2023-07-12,2023-07-21,delivered
54c99e0a-f84e-4a65-af6e-c253d61182f2,08b1bf79-420d-4f78-bdef-077cd54a67f6,9a7f238f-ff0a-4a46-9bc5-b76c045f34f7,amazon_logistics,1Z691CC2683470089,2023-11-25,2023-11-29,delivered
c31ff3b0-72b1-4238-bd80-043db66c5551,f982537a-f07e-457d-a1a3-efed43dcd744,186252aa-ede5-4d43-ae8c-afa67e2d2f41,ups,1Z009AV6527962332,2024-02-06,2024-02-11,returned
68b83d14-5d8d-41a6-831d-7b86650d428c,ac16d16f-5b2d-46ce-aa8a-fb04d6b66f71,bd0b4a2e-3f75-46a1-bf8a-5a82594d70a4,fedex,1Z155GW2464343751,2024-02-13,2024-02-23,delivered
27589eb1-37ae-446c-8d6d-ed0769558628,e02ed70b-65a2-49a5-9437-b043d3df13c8,675870cd-1868-4277-aeba-578addec8838,amazon_logistics,1Z047ZO1194478439,2023-12-04,2023-12-12,delivered
0a09083c-0365-4e37-8766-85387ab7c195,c1e1dab9-d0c7-44c2-9ef9-42e461d5e41a,675870cd-1868-4277-aeba-578addec8838,dhl,1Z865BM9545916347,2024-04-04,2024-04-10,delivered
e34e4748-83e5-4386-81b0-82a4cf74e32b,a948732b-8fd0-43ca-afb7-85d95a5b9bb3,ab993ac2-3403-4413-88ca-adf00cee0973,fedex,1Z376XU7071260798,2024-04-27,2024-04-30,delivered
eef5d4e8-458e-4ed0-9901-d1727efe54a6,c8f5b76b-2a39-482c-96a0-701353988228,675870cd-1868-4277-aeba-578addec8838,fedex,1Z559SI1495787111,2024-02-28,2024-03-02,delivered
ab512c11-3b71-4314-8ba6-f6e84bf27b9c,c1d7105a-c59b-4d9b-9067-b3efc0199c49,067cb52e-60b6-4c7f-b93d-ba67d806f2e9,ups,1Z901ZE0720886962,2024-04-08,2024-04-13,delivered
07dfdc7d-db75-49c9-9031-e738206589af,1a69eccd-6515-4e12-beb1-7552ab6f8e9c,ab993ac2-3403-4413-88ca-adf00cee0973,amazon_logistics,1Z257EK9796258747,2023-12-16,2023-12-26,delivered
aa14ec00-17a0-4459-91aa-a0fbba8eea6e,d98d2f7a-edaf-484d-8519-1132b233b412,ab993ac2-3403-4413-88ca-adf00cee0973,usps,1Z170DP9258615299,2023-12-08,2023-12-09,delivered
a52e203c-73b1-4bdf-b7e7-6052c9e56cf0,07209b3e-6b40-4b52-b1c0-a0b403eca193,fa42ec50-bf62-41ae-851d-68ee160f73ae,dhl,1Z880JX4797866966,2024-03-12,2024-03-15,delivered
36a7d0c1-c0de-4585-b312-282b3c877d70,9b77345b-fe4e-4066-a607-e52e0c32c780,9a7f238f-ff0a-4a46-9bc5-b76c045f34f7,ups,1Z083GL0142390021,2024-03-21,2024-03-26,delivered
60cbc0f9-293c-41a6-b795-70bc3d900a1a,1c706be9-0e16-4a63-8569-4bcb852f0b89,414c90e8-1f79-4fac-aa23-cea655b18828,ups,1Z236JA4270574460,2023-03-27,2023-04-06,delivered
51b13ee2-3a12-4b25-a31e-92043e3285f1,1c7e4be6-6859-44e9-9a7b-1a4cf30b28f8,3b5e3aa9-ba0f-4938-8883-41d61182dc94,ups,1Z694BT8391471331,2024-01-21,2024-01-31,delivered
190c71b5-9502-4b32-b7a1-b1083b020224,d93d7d8f-512d-42c5-a3c5-bbb67215c011,bbc4323f-7fdc-4913-8813-74f66d90fbff,dhl,1Z494WZ7631218204,2023-08-02,2023-08-12,returned
b78ed16b-3c6c-4cb5-990d-913fd326ee21,5581f221-427c-432f-b0d2-1b4d051150c7,ab993ac2-3403-4413-88ca-adf00cee0973,dhl,1Z517PW4006981693,2024-02-26,2024-03-07,delivered
d5b8c41e-6a11-4896-a432-43e445c3f960,9cf4e39c-7764-4a88-894c-79d9ac853941,17c4e490-aea6-450e-8341-edd09cb436b7,dhl,1Z999NS7305322854,2023-09-13,2023-09-14,delivered
fe7de25a-7ac5-4cf2-b88a-e3335f98206b,59172dd4-26e2-4158-87f6-f0f341c8df1b,30a760c5-971e-45bc-a486-1b9c5c6cb5b3,fedex,1Z800HH5868202118,2024-03-01,2024-03-07,delivered
59c131b9-0624-45ed-aa48-7cc2fc21034a,7df2c819-335b-42e8-8e85-252103d32d7a,17c4e490-aea6-450e-8341-edd09cb436b7,usps,1Z161LD3650562322,2024-01-20,2024-01-25,delivered
4ec326b8-dafc-443c-85d7-5ae29565188f,d08b9f45-a486-4936-9c85-48fe49415a32,bbc4323f-7fdc-4913-8813-74f66d90fbff,ups,1Z459LW6827361565,2023-01-04,2023-01-08,returned
9b21957f-b2fc-47c4-b47f-8aa38e4d7b4f,f96ab6ad-97d3-4075-ac9e-0743228c2513,3b5e3aa9-ba0f-4938-8883-41d61182dc94,usps,1Z593YX5725417846,2024-04-16,2024-04-23,delivered
d87a194e-7cd4-4f5b-8be0-72b4879615d3,f5b70202-3b73-47d8-9cbf-9e461a97cd57,fa42ec50-bf62-41ae-851d-68ee160f73ae,dhl,1Z551LC7093767557,2023-08-14,2023-08-21,delivered
4340b47b-5fcc-439b-a48d-14b791a63822,18cc1ec8-9b1a-4305-b00e-d79513738af2,bd0b4a2e-3f75-46a1-bf8a-5a82594d70a4,usps,1Z836GG4261049976,2024-04-18,2024-04-22,delivered
eb5dec37-1cc5-4411-8afd-c1b494f5925a,9275f2e5-cc51-49ba-8a24-9cea17933a4e,3b5e3aa9-ba0f-4938-8883-41d61182dc94,fedex,1Z974QF0737522701,2023-05-08,2023-05-16,delivered
aa5c7dfc-c6a3-43b3-ad35-ac91666132af,01ebed40-3f19-49bc-b658-2bf1d6323595,675870cd-1868-4277-aeba-578addec8838,dhl,1Z785LS0268846569,2024-03-09,2024-03-18,returned
146f45d2-8629-4357-9c5e-6d6f780f10e0,d83f6b49-41ed-4912-9dee-5ced2864da67,3b5e3aa9-ba0f-4938-8883-41d61182dc94,usps,1Z562CA7610720297,2023-05-30,2023-06-06,delivered
60a18ae7-67f2-43b5-941f-f2ecffb702eb,a2cf73fe-a82f-4ff9-9271-87ed87c46dc2,9a7f238f-ff0a-4a46-9bc5-b76c045f34f7,ups,1Z043WH3788514456,2023-09-07,2023-09-15,returned
aebd754a-afb1-4c85-8b70-556a0d34ab4f,db8d8cd2-786b-4bf7-84e0-e4bac7696a44,2f1e95b4-aa81-4b55-926d-70531f59528d,fedex,1Z755GA4991453382,2023-07-22,2023-07-24,returned
edaf98c8-b009-41d2-baa7-64c953da418f,b6a70e4b-c570-480f-b343-5af643a1c0ed,ab993ac2-3403-4413-88ca-adf00cee0973,usps,1Z533AQ4820022796,2023-10-24,2023-10-28,delivered
5796abe6-e0cb-4201-9ead-35eef73eadc0,a9cb66ff-6af3-43f2-b3fd-ac3cde5378f0,30a760c5-971e-45bc-a486-1b9c5c6cb5b3,usps,1Z532XM6996365976,2024-02-26,2024-03-04,delivered
8949d414-41b9-4f9e-833a-6904433326bc,bb775040-8ada-456f-b683-83180cb8eb0e,186252aa-ede5-4d43-ae8c-afa67e2d2f41,usps,1Z128FV7202517091,2024-02-05,2024-02-10,delivered
95c4f3d5-504a-434f-8fd9-3b9bd0d7b4db,963d8831-976f-474f-a839-b8e93b05b598,90d6c40d-10d6-432b-99fe-bd1448f1aa57,usps,1Z990LZ8650765889,2023-01-11,2023-01-20,delivered
f5b42d4c-d94b-47da-ba1d-01c26e59b2e5,779590e4-7f4b-49ae-8a91-d14e7b0aeea1,fa42ec50-bf62-41ae-851d-68ee160f73ae,amazon_logistics,1Z115XK9702985026,2024-03-08,2024-03-11,delivered
c260023f-226c-414b-b15e-8b37954a41cf,14dc687f-20e5-48fb-a2c4-ce123f73949f,067cb52e-60b6-4c7f-b93d-ba67d806f2e9,fedex,1Z866SK9009188901,2024-04-20,,in_transit
39afeb53-81c1-4fbc-9cd5-47345fa8309c,0a6200cc-0685-4e0e-bf76-2e8e36107fb6,30a760c5-971e-45bc-a486-1b9c5c6cb5b3,amazon_logistics,1Z531IN8989118862,2023-07-10,2023-07-14,delivered
b4c15752-fe09-4803-932d-ec33b7d49c67,2455e0a8-3a7b-41da-823c-14b5b7b28639,067cb52e-60b6-4c7f-b93d-ba67d806f2e9,ups,1Z959MB3590033089,2024-04-28,2024-04-30,delivered
6fdd1575-4e11-4c47-b7f6-fe78cc331ceb,04e5b2f9-d1c5-416f-b497-b873c77d9278,414c90e8-1f79-4fac-aa23-cea655b18828,dhl,1Z254RI8612360508,2024-02-25,,in_transit
f3215c96-fafd-4ffa-8814-7ad91601b623,b53deb52-6099-4b23-9533-76b06c6817c7,675870cd-1868-4277-aeba-578addec8838,ups,1Z919PF1742407948,2024-04-28,2024-04-30,delivered
db679895-4819-45f0-949d-5ea04f204498,fe3223c5-7480-4787-9188-06434a7e33a7,3b5e3aa9-ba0f-4938-8883-41d61182dc94,fedex,1Z506UG4193019233,2023-06-06,2023-06-08,delivered
9744ce4b-67c5-4404-9357-4ead9ce0daac,fc4c7022-81c1-444e-a28e-064f74e907f6,30a760c5-971e-45bc-a486-1b9c5c6cb5b3,fedex,1Z019SO2330175819,2023-08-01,2023-08-03,delivered
988f02a6-4838-4a84-ae0f-293793a8b927,b1d27838-828e-4fc1-97c4-73baf4109e1d,9a7f238f-ff0a-4a46-9bc5-b76c045f34f7,fedex,1Z028UC5608511085,2024-01-09,2024-01-18,delivered
cf385fb4-4cb8-4035-b740-6d5fef2b13e8,5ae6a315-e796-49dc-afaa-20ab5bb588cd,414c90e8-1f79-4fac-aa23-cea655b18828,usps,1Z062OP3839916033,2024-03-14,2024-03-23,delivered
f60f7e5f-27f2-4dd4-9aba-c00e4111ccde,012fd87c-096b-4f4f-8346-e3e789b99102,bd0b4a2e-3f75-46a1-bf8a-5a82594d70a4,fedex,1Z870TD0285503781,2024-04-08,2024-04-09,delivered
39f76a70-40a8-41c7-b36a-b065f087c537,5ad0abd8-7bef-4b1f-966f-301dcd7e3938,30a760c5-971e-45bc-a486-1b9c5c6cb5b3,dhl,1Z527HH7772698298,2023-01-21,2023-01-22,delivered
99d66be7-186b-4888-997d-d555981b540e,d2b99277-acdc-41d1-b80c-e4c7c59b33dd,17c4e490-aea6-450e-8341-edd09cb436b7,fedex,1Z404QZ1458015186,2024-02-23,2024-03-04,delivered
c25992b6-7989-4743-af80-dcb169a162a0,a02efd10-aa75-415c-80cd-21b30ad65c2d,90d6c40d-10d6-432b-99fe-bd1448f1aa57,ups,1Z430FY4512138200,2024-03-26,2024-04-02,delivered
521bc97b-e009-46a9-9019-13d7d22d09d5,8c92ad2d-12f7-4e2f-856c-881a9373926b,90d6c40d-10d6-432b-99fe-bd1448f1aa57,ups,1Z536QL5712616239,2023-12-27,2024-01-03,delivered
ec96faf8-ac78-4a86-baed-7384810c5c3f,0ab020d7-85b0-4733-b4cd-3ac859004f60,ab993ac2-3403-4413-88ca-adf00cee0973,fedex,1Z722WI9249758363,2024-03-02,2024-03-12,delivered
bcd5f8b4-8c3c-4bd5-9ceb-8a2a745a8692,2b8ea5b1-7a72-4f4f-98dd-99d45eef8758,90d6c40d-10d6-432b-99fe-bd1448f1aa57,fedex,1Z503XX2439443240,2024-03-19,2024-03-26,delivered
ce87eeab-c497-40ab-8f52-ee12e7a90d9d,8dcf6e4e-f1af-4dab-b983-ff1755b33db7,bf354916-9528-4db9-8189-f6524573c41b,usps,1Z138KF8547152462,2024-01-16,,in_transit
b48a09cd-0f71-40e4-919b-ccc4116e90d9,661c16a5-ae85-4a8d-8ca4-7ecf4cca4774,90d6c40d-10d6-432b-99fe-bd1448f1aa57,ups,1Z150OG7961711591,2024-02-21,2024-02-29,delivered
63edc172-e952-4c3a-83cd-3f535fbf4606,75f82984-674a-46fc-af0e-0a9e7af957e6,9a7f238f-ff0a-4a46-9bc5-b76c045f34f7,fedex,1Z211GL1265572973,2023-08-01,2023-08-08,delivered
b5d81540-2a37-4bb2-a099-f53b190650f5,4d477421-33c8-4778-8bad-eb8c78692964,ab993ac2-3403-4413-88ca-adf00cee0973,dhl,1Z023QE0649099810,2024-01-16,2024-01-26,delivered
621c5a8f-8497-440e-b71b-a1c57d68c86f,e2804620-40e4-4d4c-94c8-b3fb5617bd87,fa42ec50-bf62-41ae-851d-68ee160f73ae,usps,1Z762GD9103115690,2023-11-26,2023-12-06,delivered
9d0be552-e03b-4f2e-88cc-dd3f555d1ba6,a4be29d4-c869-4fde-81ac-7a433783d0eb,675870cd-1868-4277-aeba-578addec8838,usps,1Z670MV5879434530,2024-03-03,2024-03-12,delivered
1a0296a5-dca9-4248-b87e-dd052dd38a06,13a57631-c3b6-417d-8141-9996095f4d3f,3b5e3aa9-ba0f-4938-8883-41d61182dc94,fedex,1Z863ZB5400090597,2024-02-25,2024-02-27,delivered
5f5eadac-cabb-4c57-b8b2-63249dcbda9e,aee19994-854d-4088-b34d-9d8b8fbf5df5,675870cd-1868-4277-aeba-578addec8838,dhl,1Z333RZ3995009000,2024-01-15,2024-01-17,delivered
701019e9-9f57-49f7-835d-9324ab3f2a77,aeb98857-bff6-42f1-8462-f8f5f387710f,3b5e3aa9-ba0f-4938-8883-41d61182dc94,fedex,1Z275YZ3147540460,2024-03-21,2024-03-28,delivered
5c339da7-fb91-4b4c-a2f5-7ed5f9987aad,227846a7-c769-48fe-80b7-d3c119852b3c,414c90e8-1f79-4fac-aa23-cea655b18828,ups,1Z134II9355846471,2024-04-20,2024-04-27,delivered
4d56be80-e6b4-46a6-9fe0-f9055a23c5a9,de162496-d030-4678-9758-da1c41e1bef7,bbc4323f-7fdc-4913-8813-74f66d90fbff,ups,1Z322QY2423021119,2023-06-08,2023-06-09,delivered
f7b4695e-10f3-4f16-8a64-8bbbf961c403,fc070709-411e-4f82-b2ba-9bcf17dbc7f2,bbc4323f-7fdc-4913-8813-74f66d90fbff,ups,1Z166AW0141465967,2024-04-30,2024-04-30,delivered
2c513033-94da-4e9c-90ff-88758e3b1b8a,fd236f09-5373-4f0f-9a75-aaf17720334e,414c90e8-1f79-4fac-aa23-cea655b18828,fedex,1Z918UP2853444018,2024-04-30,2024-04-30,delivered
dc7f6e3a-998b-414c-8d80-24efed6d7d39,6f5294bc-f68a-4de8-9e7f-ce9a58e6dbb7,17c4e490-aea6-450e-8341-edd09cb436b7,usps,1Z623BS5233751130,2023-03-06,2023-03-11,delivered
ff4a4399-0fe3-4999-9515-acebd71f5a69,1a75f01e-c783-4c99-ad9c-1f78bdfcd308,414c90e8-1f79-4fac-aa23-cea655b18828,dhl,1Z231XU8448167524,2023-03-07,2023-03-11,delivered
e71dda27-1fbe-401d-87b2-f6c68ccd6143,adc52b40-e0a9-4767-8d3d-c3432f295260,bbc4323f-7fdc-4913-8813-74f66d90fbff,ups,1Z121OH1508793116,2024-04-30,2024-04-30,delivered
4c4cba11-4e65-4d7e-8faf-2af597fc0b0a,5df03c81-32c5-4a4d-997d-de6fcfa02619,067cb52e-60b6-4c7f-b93d-ba67d806f2e9,usps,1Z067JO5422482541,2024-03-22,2024-03-28,delivered
4e750527-c58a-41e3-bc48-ffa19442859d,36acffb1-b812-4758-bd5f-d7e3ffc440bb,17c4e490-aea6-450e-8341-edd09cb436b7,ups,1Z950HC9015395019,2023-12-26,2024-01-01,delivered
7cf0a60c-9650-4d35-a4cd-3adc5bd3f40c,ef2fb235-4762-4d01-b597-7233a272be49,414c90e8-1f79-4fac-aa23-cea655b18828,fedex,1Z686LW2948502126,2024-04-04,2024-04-09,delivered
51d75556-3686-4f54-9601-876ff147781e,cfeecd1d-8c01-4dc3-a4d8-245c06d340dd,067cb52e-60b6-4c7f-b93d-ba67d806f2e9,fedex,1Z141LQ6653632293,2024-04-20,2024-04-28,delivered
14608486-92c5-4f01-8732-4728a3d5caca,2ff9c456-8e16-4e3d-a560-2cc06d17c8fc,414c90e8-1f79-4fac-aa23-cea655b18828,ups,1Z279HD7926812123,2023-10-27,2023-10-31,delivered
197fd817-5e53-4cc5-99cd-4da4f2d627ff,9ac7dd9b-b715-43c7-ad7b-9735f658c138,17c4e490-aea6-450e-8341-edd09cb436b7,fedex,1Z821NH3880550863,2023-03-07,2023-03-16,delivered
97b041ce-6356-483f-ada5-aaec7c487334,1834fec8-0276-4d45-9b5f-bd28143c67e7,ab993ac2-3403-4413-88ca-adf00cee0973,amazon_logistics,1Z259PL8559694986,2024-04-27,2024-04-29,delivered
02740462-4ff0-4bf0-a1ad-6d2c426857a1,267a15e9-92e9-4600-b23e-9625ca2b5822,3b5e3aa9-ba0f-4938-8883-41d61182dc94,ups,1Z978MO9443844076,2023-07-24,2023-07-30,delivered
ebf6cf8f-1e2e-494a-a9e4-f16e888026b5,d8323191-d34b-406e-9a12-7e47fba34529,2f1e95b4-aa81-4b55-926d-70531f59528d,usps,1Z456NT1206423258,2023-04-26,2023-05-04,delivered
a91d27e7-94e7-499b-843c-ac9e8725c35b,a48af327-417a-4744-9586-ddcb93729d7d,bf354916-9528-4db9-8189-f6524573c41b,ups,1Z104TN3464336924,2024-04-30,2024-04-30,returned
04a175fd-adb1-48a8-96c5-32e81552609f,130d2417-668e-46ad-9d52-76e716aff63f,fa42ec50-bf62-41ae-851d-68ee160f73ae,fedex,1Z686XO6271857019,2023-01-23,,in_transit
9caba178-ae88-4716-8687-ed38ffe7c90d,dff6efdc-36f2-4e2d-9c46-25cdaa947258,90d6c40d-10d6-432b-99fe-bd1448f1aa57,ups,1Z411TN9929403510,2023-04-20,2023-04-27,delivered
4ea10b1f-2a4a-4327-9f88-15ebd5b7821c,d219a39c-f075-4781-a4f9-41a6dac5e4da,186252aa-ede5-4d43-ae8c-afa67e2d2f41,fedex,1Z740LE5734637711,2024-04-29,2024-04-30,delivered
53e60faf-1bd1-442d-83c2-3783d73c745a,9faaa4ac-3398-4597-8e68-6a9bb00ea645,90d6c40d-10d6-432b-99fe-bd1448f1aa57,usps,1Z146AQ6880085064,2024-03-06,2024-03-09,delivered
c178c316-5717-4af8-96d5-89294dab08fb,d2683f80-e43d-47e3-9883-96660de83011,9a7f238f-ff0a-4a46-9bc5-b76c045f34f7,dhl,1Z777DB3096118423,2024-04-03,2024-04-06,delivered
2e9e0824-fd48-4f4a-a6c8-e7ba06b2738f,a255ad87-77f4-4c81-b1bb-a16821d9ca64,ab993ac2-3403-4413-88ca-adf00cee0973,fedex,1Z973FE6061602281,2023-09-13,2023-09-15,delivered
a0d12a37-fd3f-4e50-80a8-f73baf6d4e97,9fdccdbd-c4d4-498b-b3cf-2413e132a796,17c4e490-aea6-450e-8341-edd09cb436b7,usps,1Z446QS5906117583,2023-05-18,2023-05-27,delivered
9fb9e5ff-a41b-4e77-9118-2652d50e1a22,b847324b-da23-4945-990e-80ebcd093839,186252aa-ede5-4d43-ae8c-afa67e2d2f41,fedex,1Z719WI6686848880,2024-02-12,2024-02-16,delivered
917820f5-a5af-41ab-bf10-c452a49c701a,3ac5ab1a-e296-4d14-b416-08c676e8bde3,2f1e95b4-aa81-4b55-926d-70531f59528d,ups,1Z979VW4406088884,2024-03-28,2024-04-04,delivered
9a62c638-cb91-4945-b160-5b476b5db970,a2003ee8-9417-4664-87f4-32c3e4a8cd3d,ab993ac2-3403-4413-88ca-adf00cee0973,usps,1Z998OQ2406751530,2024-03-13,,in_transit
285f90db-4d22-49c2-ace1-a51dc3a862be,d3834c45-f476-4a00-8b88-6d1f741c5880,17c4e490-aea6-450e-8341-edd09cb436b7,ups,1Z386RJ6669814967,2023-03-09,2023-03-10,delivered
23bd0699-eaaa-46ea-9746-e4b22fdfb73d,27c05bf1-3809-4547-9a76-32dde640457f,675870cd-1868-4277-aeba-578addec8838,ups,1Z841TF6266367615,2023-02-03,2023-02-07,delivered
e2d50df9-bfb0-4a0b-b5eb-2bfbf5eb38e6,5627dffe-a3f5-4427-9c5b-fd47792c89c6,bf354916-9528-4db9-8189-f6524573c41b,ups,1Z389WT0766752227,2023-04-09,2023-04-13,returned
68fe55b1-8e86-406b-88ae-b8f167ce59f3,d6e0f300-5d00-4611-8470-7f16435e213b,bbc4323f-7fdc-4913-8813-74f66d90fbff,usps,1Z369AJ5765530570,2023-02-27,2023-03-04,delivered
b461a30f-6f56-491c-920b-7306febc1bd4,b039e48c-4d03-48f7-8ac2-f482823cc606,bd0b4a2e-3f75-46a1-bf8a-5a82594d70a4,amazon_logistics,1Z935RZ2501893579,2023-08-20,,in_transit
f110c8c3-13fe-46a9-b8c3-606b6ffacac1,e5890ce5-678d-42f9-9c66-aeff6d74bfea,bbc4323f-7fdc-4913-8813-74f66d90fbff,ups,1Z044QZ1426856725,2023-12-27,2024-01-03,delivered
3226035c-5f34-4f9e-8a31-b2a00168d73f,e558527c-ff0e-4377-8f3b-3dd2fa46a1b0,17c4e490-aea6-450e-8341-edd09cb436b7,ups,1Z797GN7614771455,2024-01-23,2024-02-01,delivered
b692393e-daa5-4281-9d9a-0ff6ea3f8726,317e2128-a050-4ed1-b047-338115a04cc5,067cb52e-60b6-4c7f-b93d-ba67d806f2e9,fedex,1Z411YX8192400942,2023-06-05,2023-06-15,delivered
542d1d40-a693-4dd8-b525-3abee008e4c6,bd979bbb-ebb2-4b9d-a60a-acdf5bfe5f0b,2f1e95b4-aa81-4b55-926d-70531f59528d,ups,1Z481GO5790830262,2023-10-23,2023-10-26,delivered
9d7c4276-427c-4bd8-91fa-5c2ee1d9f3a1,f51aab28-75cf-4af9-b6e6-bbf13477b7e9,ab993ac2-3403-4413-88ca-adf00cee0973,dhl,1Z666ZH7174868899,2023-11-23,,in_transit
f4b62106-bcbf-410b-bb2a-c1db37505b20,dadc5283-82a0-4f29-a406-4626bb7abbbb,30a760c5-971e-45bc-a486-1b9c5c6cb5b3,ups,1Z389KP7701245694,2023-07-11,2023-07-13,delivered
68c62df5-4a56-4dd8-965d-860c5be9724f,f148070e-efc1-47a3-b0ce-46088d5ad349,30a760c5-971e-45bc-a486-1b9c5c6cb5b3,fedex,1Z144BD5113136316,2023-05-12,2023-05-13,delivered
4330eb9d-c8b9-4f67-b9fa-7a7e304ed12d,bec05131-1e1c-4dc3-9818-deb4407c6c21,ab993ac2-3403-4413-88ca-adf00cee0973,usps,1Z139XO8245115100,2023-10-31,2023-11-07,delivered
9438d2f6-fb98-421e-8164-b11cd5b57241,962323eb-34f5-4c01-9c08-3fe657bfd135,9a7f238f-ff0a-4a46-9bc5-b76c045f34f7,usps,1Z290WU2145618678,2024-03-24,2024-04-03,delivered
c8fab4ba-5505-40b1-b388-127518e588e2,fc869473-1d45-4aed-8d54-b8c27f61d1fb,17c4e490-aea6-450e-8341-edd09cb436b7,usps,1Z692WN3655810877,2023-04-26,2023-05-03,delivered
9d8ef0f4-e804-4153-82c9-9aa55fe8037e,ccb88ea8-2eb4-446d-8fdb-d143af2c000e,3b5e3aa9-ba0f-4938-8883-41d61182dc94,dhl,1Z978MD7375775464,2024-04-23,2024-04-30,delivered
79eb9f38-7d5f-4a4a-9706-74b1d6e3de37,22f04b91-14e3-4a60-8339-0d5bcf07e9e1,90d6c40d-10d6-432b-99fe-bd1448f1aa57,ups,1Z095HI4526847836,2023-09-04,2023-09-07,delivered
2e6f67be-c6c8-4150-8f66-ef586d8ef18d,b1598197-c095-4c74-b1ad-65a24263f633,675870cd-1868-4277-aeba-578addec8838,fedex,1Z387RJ0924411138,2023-04-17,2023-04-19,delivered
abd6fa8d-82ce-4faa-a683-1c4078c50e43,507157b1-215d-413c-aec9-4b0a466c14fc,90d6c40d-10d6-432b-99fe-bd1448f1aa57,ups,1Z258YO5750671363,2024-04-19,2024-04-22,delivered
485d2fcd-3ea1-4c0c-a12d-6a38d518382a,ac864550-e0cf-424d-81d7-a20210626898,ab993ac2-3403-4413-88ca-adf00cee0973,fedex,1Z314JU9588570234,2023-08-25,2023-08-26,delivered
67347187-f694-4a91-950a-810242f75af7,d7fb13c0-4c82-4879-8d69-641528651705,bd0b4a2e-3f75-46a1-bf8a-5a82594d70a4,usps,1Z190YJ2273250755,2024-03-11,,in_transit
feb6a377-432b-4324-9ceb-b8784874ccfb,41eb9760-6a74-4fab-97af-2103d51fed54,ab993ac2-3403-4413-88ca-adf00cee0973,ups,1Z186YK2586991892,2023-02-05,,in_transit
fdec6e30-4dd8-4e90-8a37-9b015c4dcdd2,2355fdb1-a30a-46a5-bf44-d6c9d1ef2787,17c4e490-aea6-450e-8341-edd09cb436b7,ups,1Z179ZX7244047185,2023-06-11,2023-06-19,delivered
f852fad8-0e6d-4ef3-87a4-1a20ee44c135,5860a5b7-6c43-4b18-a890-e47f6f6fe1bb,414c90e8-1f79-4fac-aa23-cea655b18828,fedex,1Z864YM7158440719,2023-05-24,2023-05-29,delivered
39ea68ea-3ce0-41a6-944a-153ae73c32be,66a8c5a2-4385-462c-be07-a653efbab94e,675870cd-1868-4277-aeba-578addec8838,fedex,1Z625MM0533655900,2023-12-10,2023-12-11,delivered
e64740e4-98d1-4d86-8832-57f8c2d54cd2,62e125ec-8bf2-489f-8f84-a2069855affd,414c90e8-1f79-4fac-aa23-cea655b18828,fedex,1Z823JH5722516519,2023-08-02,2023-08-08,delivered
12a345c9-4ac3-49d8-94b4-6deae1f24286,7721c117-6e2d-437a-bc4b-be8aead4f957,30a760c5-971e-45bc-a486-1b9c5c6cb5b3,dhl,1Z435UJ0825527856,2024-04-02,2024-04-11,delivered
b91aea1c-a15d-4041-973f-eb420935cda8,3c496523-bba5-441d-b083-f10844d60953,2f1e95b4-aa81-4b55-926d-70531f59528d,ups,1Z030EF0369022312,2023-06-05,2023-06-08,delivered
d232597a-f2de-4a98-bfa3-7c40774b768c,2f7513fd-aa66-4347-bee2-fd4dfb7caa63,186252aa-ede5-4d43-ae8c-afa67e2d2f41,ups,1Z454IE0379664299,2023-04-30,2023-05-08,delivered
81a9dd88-4448-4a0e-876e-4eb0f7bf7c54,0cc9ad86-f037-4d8c-bc07-d54b82e84c13,ab993ac2-3403-4413-88ca-adf00cee0973,usps,1Z513KW5427611859,2023-12-14,2023-12-19,delivered
f27d29fe-1540-491c-a408-8758f3bf549e,10649e9c-6c61-451a-9242-d1d877e39b5f,ab993ac2-3403-4413-88ca-adf00cee0973,dhl,1Z035IY4856998666,2024-03-16,2024-03-22,delivered
3c48eae2-06c2-46bb-84a5-28dc638ada10,52b5a0b7-8b85-464c-8efa-94da7e49b557,414c90e8-1f79-4fac-aa23-cea655b18828,fedex,1Z985XO1275352900,2024-03-01,,in_transit
740d61d8-b855-47ab-b643-da5c1bdc4184,65d30b4a-82cd-4cdb-b5b4-16e4c2dafab8,2f1e95b4-aa81-4b55-926d-70531f59528d,fedex,1Z124LA7440612169,2023-09-02,2023-09-07,delivered
5ffa4db0-fbc4-4962-8440-bebb52fb9b41,d3668ee2-3b04-4fd8-9f91-99001db10007,bd0b4a2e-3f75-46a1-bf8a-5a82594d70a4,usps,1Z688VP0914552467,2024-03-09,2024-03-18,delivered
88367487-236f-4a76-b065-f8363f59476b,84aae08a-7773-4797-89ea-833a7c71c662,90d6c40d-10d6-432b-99fe-bd1448f1aa57,fedex,1Z582KQ3511010545,2023-03-25,2023-04-01,delivered
6d4809fe-bf1e-48c6-9801-5dd46fbddaf8,fb56116f-192f-4814-b435-1c5b16ee5ceb,bf354916-9528-4db9-8189-f6524573c41b,ups,1Z712JM1837018183,2024-03-14,2024-03-15,delivered
d4d2e588-cbf1-4c43-87af-50f10efdb0c6,b419effb-89fc-4931-8eee-d0159afc703a,3b5e3aa9-ba0f-4938-8883-41d61182dc94,usps,1Z530CM5308226762,2023-08-15,,in_transit
f8f074ce-d22b-4b21-bfb3-878c2fdacf91,78bcb2b2-0515-4ab0-a344-579944d5162c,2f1e95b4-aa81-4b55-926d-70531f59528d,ups,1Z197IF8006936349,2023-03-25,2023-03-26,delivered
35d5bd3a-4607-431d-9c0b-f13dd6780ac1,5abd0517-3b8a-4a4d-8e86-c6f9acb8cfe6,bbc4323f-7fdc-4913-8813-74f66d90fbff,ups,1Z969SS3028421834,2023-08-08,2023-08-11,delivered
9223379e-eed5-4add-96be-302f94ad6ec7,302d0dcb-07dd-4d2f-948b-3bd04b627065,414c90e8-1f79-4fac-aa23-cea655b18828,ups,1Z950QH5911605991,2023-02-23,2023-03-04,delivered
94630fa6-07b9-456f-bd1d-196e7c966207,632bc611-356a-4227-a47c-1f4b73933bf1,2f1e95b4-aa81-4b55-926d-70531f59528d,ups,1Z078KB8507783601,2023-03-10,2023-03-18,delivered
e51a8653-b57f-4949-a252-e697992ad799,2b70a668-7f90-40c1-ad3f-7b741cb79025,186252aa-ede5-4d43-ae8c-afa67e2d2f41,ups,1Z640EH0508213792,2024-04-25,2024-04-30,delivered
bbd3f1a7-665d-43d7-9e21-b1cb69a49482,1a8dafc8-7238-43f8-9050-758e1cc29ac5,9a7f238f-ff0a-4a46-9bc5-b76c045f34f7,amazon_logistics,1Z730XG9932868616,2024-04-04,2024-04-06,delivered
b71b8ea1-2013-4d67-bff2-8c139175cfab,b5d99a55-0a35-4fc3-82ae-b167e697d2d1,17c4e490-aea6-450e-8341-edd09cb436b7,ups,1Z146NY4404571568,2023-05-10,,in_transit
16966c7d-f6a1-42ff-b524-ad703b750eb7,45c88d57-cc06-44db-b47e-5d0641677ca4,bd0b4a2e-3f75-46a1-bf8a-5a82594d70a4,fedex,1Z715MK1728516650,2023-08-17,2023-08-19,delivered
3c98ee66-4423-445c-b0d7-38003768be00,7282dc8e-57b1-433b-82cd-777ba2376ea4,bd0b4a2e-3f75-46a1-bf8a-5a82594d70a4,usps,1Z980OV3651177808,2023-09-24,2023-10-01,delivered
d92bbfbb-856a-4ebc-a876-cf85ed058112,c6919338-c335-4416-9975-2515b9a1ea0a,414c90e8-1f79-4fac-aa23-cea655b18828,fedex,1Z706ZW5381268270,2023-08-18,2023-08-28,delivered
7a14b463-eedf-4c45-ac89-fcfe1c120e0f,932e774d-ff77-4f8d-a48b-1bdd44e49307,3b5e3aa9-ba0f-4938-8883-41d61182dc94,fedex,1Z101GH5448959586,2024-03-21,2024-03-27,delivered
2f2d06ac-0c5e-46f9-b5f2-583899721729,95d0d969-9750-40b4-8860-eab755255a20,bf354916-9528-4db9-8189-f6524573c41b,dhl,1Z208PF6169528567,2023-11-08,2023-11-17,returned
ddc75530-6fc6-4c8e-9113-76bb46eeb45b,c85c2d0a-4d9c-4dba-96a4-d4a16f9770a0,17c4e490-aea6-450e-8341-edd09cb436b7,fedex,1Z391XC6301014988,2023-09-11,2023-09-14,returned
77e2ef17-197c-415a-802f-71a42315a324,98c71d90-cb16-4e4c-b9da-eb599e5db4bd,bf354916-9528-4db9-8189-f6524573c41b,dhl,1Z080RR1383094036,2024-02-01,2024-02-08,delivered
57cd870d-6e03-43db-8085-0448186dd3ea,51ba50f2-49ba-4894-9e3f-af031a558c8c,414c90e8-1f79-4fac-aa23-cea655b18828,ups,1Z980GG4248998278,2024-03-06,2024-03-14,delivered
828a0a21-7a1c-4efe-8702-27f1006d93da,d59b77f6-2e7b-4e24-8b7f-f210e445e2ce,9a7f238f-ff0a-4a46-9bc5-b76c045f34f7,fedex,1Z100UV9578292453,2024-01-27,,in_transit
c8415f63-7bd7-43ec-b693-a849bb36b586,da0ab055-8c2e-4120-b958-b5ee05ff6d98,2f1e95b4-aa81-4b55-926d-70531f59528d,fedex,1Z475XV9398832604,2024-01-15,2024-01-20,delivered
c00aa506-d499-4128-a88c-f1f702c3075b,72306957-8ff6-4ca1-bde2-2dd00b2d2d64,17c4e490-aea6-450e-8341-edd09cb436b7,ups,1Z936ZV4498776453,2023-04-07,2023-04-11,delivered
daa2760d-8ca4-470a-9453-af18cadaab13,e6e8fd51-67e3-48d2-ae72-98436e023a37,186252aa-ede5-4d43-ae8c-afa67e2d2f41,dhl,1Z249QI8797318867,2023-09-26,2023-10-01,returned
37066a31-838e-4a0b-92ed-f338be481b35,8dbbcb56-d13f-4d6c-bacc-87c749f65696,9a7f238f-ff0a-4a46-9bc5-b76c045f34f7,ups,1Z870BU8784224043,2023-03-24,2023-03-25,delivered
a541cf6c-b5aa-4f62-928e-1bd9da33e9a0,0332b30d-829a-4bba-8fd5-c24da2b2092c,bbc4323f-7fdc-4913-8813-74f66d90fbff,ups,1Z097KA9273682335,2023-12-28,2023-12-29,returned
c4005568-df1e-4cae-ba9a-95743b1da7d5,b93bb72a-2a86-4a42-a173-2fc462725888,3b5e3aa9-ba0f-4938-8883-41d61182dc94,fedex,1Z700OD8017922190,2023-03-24,2023-04-02,delivered
78aa4783-aec8-42bd-baec-9ed0f70fc692,25672198-5229-4475-8c5b-23e1ec2edbfd,067cb52e-60b6-4c7f-b93d-ba67d806f2e9,usps,1Z105MH1727300385,2023-09-07,2023-09-11,delivered
a7cd3b34-a2a2-45cf-afe0-b9b8fc2e8aaa,7ed8a5d0-1603-4e4f-a9e0-16cb3b2c255f,186252aa-ede5-4d43-ae8c-afa67e2d2f41,fedex,1Z279OX4999038539,2024-02-27,,in_transit
aa91df42-ea33-4aa0-8a5a-592bb842aba1,fcd480f5-893b-4e2b-a4a9-9a3c07cc244e,675870cd-1868-4277-aeba-578addec8838,fedex,1Z243KQ2922422445,2023-04-12,2023-04-20,delivered
913f328e-78dc-4b1f-a934-faad7262bb64,e3dbb9f5-6366-436b-aedb-3df51318532b,ab993ac2-3403-4413-88ca-adf00cee0973,ups,1Z767DZ9144248647,2024-02-23,,in_transit
e65d682e-359a-439a-92af-8e39a478e106,34ed12fe-4d5d-4a98-8372-453c36320065,9a7f238f-ff0a-4a46-9bc5-b76c045f34f7,usps,1Z258BR7274028363,2024-02-13,2024-02-14,delivered
e11ca04c-d661-4d23-a74f-421598c46678,8049b91c-55e3-4784-b940-afa9018ca18d,bbc4323f-7fdc-4913-8813-74f66d90fbff,usps,1Z197BR4909525356,2023-11-17,2023-11-22,delivered
19d94e64-dc43-4af2-8fd1-abe2ed38103c,a39990a7-2284-4fdc-ba32-04898081563a,186252aa-ede5-4d43-ae8c-afa67e2d2f41,ups,1Z233BH8530628854,2024-01-19,2024-01-24,returned
3644b9ef-3b38-45b8-983d-a432f6601239,da549840-6086-4398-9a8d-81e379a3c22c,675870cd-1868-4277-aeba-578addec8838,ups,1Z209MX0538138611,2024-04-01,2024-04-11,returned
a2c000b2-8b1a-43b7-9b0b-4d40c3fb6745,dd72d9cd-d076-4fd3-b697-00cb6fce3490,30a760c5-971e-45bc-a486-1b9c5c6cb5b3,amazon_logistics,1Z672PM5323771023,2023-02-20,2023-03-02,delivered
ed2faf67-6ae6-4ef0-993f-e353b8e88d00,5de1bfa2-f4cd-4731-b5cb-3fbd59392682,30a760c5-971e-45bc-a486-1b9c5c6cb5b3,fedex,1Z169VY5847352379,2024-03-10,2024-03-17,delivered
345a44bf-b485-4c40-9fd9-d56a31d846f2,befc089b-61b6-451a-ac76-b250fa1c052d,fa42ec50-bf62-41ae-851d-68ee160f73ae,ups,1Z680OD8161229467,2023-08-19,2023-08-23,delivered
a0edee78-cdc8-4aea-8e81-8eb6e63fb8d6,d1cb1f3b-5674-457a-bfc3-fd1af58d7d65,2f1e95b4-aa81-4b55-926d-70531f59528d,fedex,1Z262ZL2134213341,2023-05-31,2023-06-04,delivered
52f0603c-8f27-486b-bc88-50618a4c1a8f,60a7a0a1-7854-476a-b16c-8eb81993a4b2,675870cd-1868-4277-aeba-578addec8838,fedex,1Z195OA3485851010,2023-08-26,2023-09-02,delivered
5affbe8f-85ec-486b-aaa4-08a8dad48ff3,c95491dc-87a0-4471-a3d9-74e91be9d2a7,ab993ac2-3403-4413-88ca-adf00cee0973,ups,1Z437LL7386616475,2023-02-13,2023-02-18,delivered
3fc844b2-7512-497c-9165-c984ba41b386,36d24577-928c-4e7d-801c-0fa1d0dbbafa,414c90e8-1f79-4fac-aa23-cea655b18828,ups,1Z011MZ1490940417,2024-03-22,2024-03-25,delivered
6907fa47-9299-4fed-b854-c721a50ebce6,2d251a60-3a1c-42f6-b333-c0388decbffe,2f1e95b4-aa81-4b55-926d-70531f59528d,fedex,1Z683NE7034512327,2023-12-24,,in_transit
b9424b36-710f-430c-b096-30a156bcc0d7,02ff984f-4b81-4bed-849b-ff40d3af1cf8,067cb52e-60b6-4c7f-b93d-ba67d806f2e9,fedex,1Z581TD3931075923,2024-01-21,2024-01-23,delivered
a70a48ea-75a1-4d0f-a5ea-28a5ae6fd6ad,6db745db-442d-4547-a085-7ea027ac54fe,bd0b4a2e-3f75-46a1-bf8a-5a82594d70a4,ups,1Z970UE8339593819,2023-08-14,2023-08-18,delivered
92b2b891-b82f-4018-877e-205b27139ca4,518aad3c-f255-44d7-92b8-30817f6a32b5,067cb52e-60b6-4c7f-b93d-ba67d806f2e9,ups,1Z425MS4795827123,2023-09-11,,in_transit
f0a16433-7eea-47c1-b405-a51683f0fa2a,7a181d38-4cc2-4ac8-9a03-0e9d79ec983c,186252aa-ede5-4d43-ae8c-afa67e2d2f41,usps,1Z567ON9227606801,2023-07-26,2023-08-02,delivered
583b120c-8901-4f50-aae6-b4059a3ae435,2c7006e6-e7d7-4baa-b0e6-7cd727999e19,30a760c5-971e-45bc-a486-1b9c5c6cb5b3,amazon_logistics,1Z001AB1773003172,2024-01-23,2024-01-28,delivered
df471d3d-44f4-412b-b5c4-7b3b0f70f902,ec874a1c-f134-4148-a610-b3c3636c2d27,9a7f238f-ff0a-4a46-9bc5-b76c045f34f7,ups,1Z812DX2846762423,2023-12-22,2024-01-01,delivered
668c265e-d5f2-4545-a260-c9e30182dbef,90ab37b2-2846-4ab0-92d1-e015d8dfad0b,bbc4323f-7fdc-4913-8813-74f66d90fbff,ups,1Z290NQ8069344756,2023-12-27,2023-12-29,delivered
f1786b66-0f0d-40e8-a829-c4e0654d6c4c,82ff0eb9-769c-4d5e-af1c-00a5f7fd5749,fa42ec50-bf62-41ae-851d-68ee160f73ae,fedex,1Z490MF0290255287,2023-11-25,2023-12-03,delivered
22e86fca-1c6f-4372-a406-870bcf75a810,f2b0c2f4-e539-4d18-b2fb-02bf825ffdd5,17c4e490-aea6-450e-8341-edd09cb436b7,ups,1Z638DJ6591408664,2023-09-03,,in_transit
fc55862a-29fe-42b7-87b2-21deb090d744,b88d57ce-9064-4806-a18c-cdf85618da16,fa42ec50-bf62-41ae-851d-68ee160f73ae,ups,1Z160NJ5416820460,2023-11-27,2023-11-28,returned
6639a129-6838-43be-9efb-2a7e1f9cab9c,7009c720-3eed-4e26-b4c2-f7f9efedaba5,bd0b4a2e-3f75-46a1-bf8a-5a82594d70a4,fedex,1Z767LJ4585697630,2023-11-27,,in_transit
7822a980-f209-4d54-a36a-8b914f812f0c,7fed1d50-7db5-4886-b73e-73982081268b,675870cd-1868-4277-aeba-578addec8838,ups,1Z243FK0982906569,2024-04-20,,in_transit
b1d0395c-a611-429a-a75b-8e06003cfc86,2b314cb0-b67b-4665-a88c-b220fba7f25e,17c4e490-aea6-450e-8341-edd09cb436b7,dhl,1Z290DJ5721649860,2023-06-04,2023-06-08,delivered
7a2b9bbb-c6c5-412f-be2a-9f818c103af7,13d4e0cd-0b12-408b-b76a-48d5f936600e,414c90e8-1f79-4fac-aa23-cea655b18828,ups,1Z814WO2161252354,2023-10-31,2023-11-09,returned
76087b8a-99e9-4bb4-9258-cb81e0a0abd4,5942c5c4-6409-403b-9883-35d82f17979f,ab993ac2-3403-4413-88ca-adf00cee0973,fedex,1Z237HG6047953846,2023-08-06,,in_transit
7c2d2813-be2e-4106-a1a1-4e4c219e2f49,db669a67-1596-406a-9076-b3a1e6399165,ab993ac2-3403-4413-88ca-adf00cee0973,fedex,1Z592GS4571809214,2023-12-23,2023-12-24,delivered
ab824a4d-6a91-42d4-bb44-7a378a09702a,f0893278-9671-4711-96db-8fcdc3f777e5,90d6c40d-10d6-432b-99fe-bd1448f1aa57,fedex,1Z106EX2293780902,2023-12-29,2024-01-05,delivered
fed5f715-7d56-44e9-b4c4-82f901fe48ea,1cf4b9d1-42e9-4289-843f-f023dcd625c4,bf354916-9528-4db9-8189-f6524573c41b,usps,1Z050LA5103143597,2024-01-26,2024-01-31,delivered
80e7c59f-fde8-4beb-ac14-9b81e10d13c0,d1b3dcaf-81a6-4102-9dd6-d3d74e853d59,bd0b4a2e-3f75-46a1-bf8a-5a82594d70a4,ups,1Z842VW2866162681,2023-12-12,2023-12-14,delivered
54ae7663-34d5-44e0-946e-aa59e92f0c57,bda1153c-4523-40d8-9c37-0caf933849b0,fa42ec50-bf62-41ae-851d-68ee160f73ae,ups,1Z410ZE2838513203,2024-02-26,2024-03-01,delivered
d13f4980-0863-4075-bff8-ad61d4fd1abe,63509f13-aff7-46d5-9454-d8dcf9ed20e7,9a7f238f-ff0a-4a46-9bc5-b76c045f34f7,dhl,1Z783AF5687213546,2024-02-09,2024-02-18,delivered
ac8563db-8d6c-4b84-a686-c5fe7b5fc244,0c2c2dbf-5e23-4ef3-ad27-58668013ac9f,17c4e490-aea6-450e-8341-edd09cb436b7,ups,1Z580DU0581717623,2023-12-17,2023-12-27,returned
27cb9bc3-cbac-4c95-965d-182a6761ef18,3ae6469f-c6de-482c-9c46-482f7f5e4010,bf354916-9528-4db9-8189-f6524573c41b,usps,1Z119AX5790729273,2024-04-06,2024-04-15,delivered
6b06bd59-f55f-4613-9755-11c44c5e3476,b8ef25c9-5ed2-458e-b140-88ec77a71ae0,067cb52e-60b6-4c7f-b93d-ba67d806f2e9,dhl,1Z357NU1457256970,2024-04-18,2024-04-20,delivered
16ed9a84-7592-4fd8-a6be-d9f06378f13a,d75f91d9-e043-4b63-ade6-9d2d36bf2071,675870cd-1868-4277-aeba-578addec8838,fedex,1Z060PD9885302571,2023-12-20,2023-12-25,delivered
36c7a2ee-8835-47c1-9675-3bd813932335,c7f9ebf4-aede-49cb-a9ec-fefc2749a37f,3b5e3aa9-ba0f-4938-8883-41d61182dc94,ups,1Z342GH1167463143,2024-03-04,2024-03-12,delivered
ce963ddc-4d4f-43df-86fa-9709100e864b,7d972127-47b0-436e-9aa7-f43ead8712b6,675870cd-1868-4277-aeba-578addec8838,ups,1Z334YT8502624698,2023-11-22,2023-11-24,delivered
55d01091-0446-4fa5-b2f4-bdd8b014da09,1cba9d94-e421-4245-af00-4360a7d60b79,ab993ac2-3403-4413-88ca-adf00cee0973,fedex,1Z557SX9794097955,2023-11-23,2023-11-25,delivered
219d0c96-e73c-4fba-a09b-aba7a1cac578,3a4ede1b-cfde-4d6c-b41d-4ad0fac845aa,bf354916-9528-4db9-8189-f6524573c41b,amazon_logistics,1Z494XP3076694840,2023-10-25,2023-10-28,delivered
fd2edb7a-9dcb-4afb-8259-607d401a8603,3a1f208d-3e86-4d3c-94a1-c1201a50870d,30a760c5-971e-45bc-a486-1b9c5c6cb5b3,dhl,1Z382FD2094320141,2023-06-23,2023-07-03,delivered
af0531f9-1631-40fc-b3b7-6d54c28ca213,d9474564-b17b-4a14-98fc-21d435b92acb,186252aa-ede5-4d43-ae8c-afa67e2d2f41,ups,1Z066VL8052475101,2024-01-27,2024-02-02,delivered
1f8191e0-136c-4ece-8bf0-ff883fb72de2,ca872056-5069-4f7d-b734-3e5db7947abb,414c90e8-1f79-4fac-aa23-cea655b18828,ups,1Z138NR0667708697,2023-03-06,2023-03-15,delivered
695b9f80-5d66-4f54-9d56-c4167b7a0136,ef2881ec-f484-48c1-af12-267a81f65e69,186252aa-ede5-4d43-ae8c-afa67e2d2f41,usps,1Z148AZ2895194831,2023-03-28,2023-04-06,delivered
836cb4dc-e971-49d0-8f91-6789cdb9560b,cb94de89-98ae-4afc-847a-9dd4e5aa67cf,30a760c5-971e-45bc-a486-1b9c5c6cb5b3,fedex,1Z992VT5846227312,2024-04-05,2024-04-13,delivered
80a39045-7a1d-4b22-904f-dd144b628f87,b852969d-57ea-4889-82b8-aee9f417f491,bf354916-9528-4db9-8189-f6524573c41b,ups,1Z151JT1705450273,2023-10-19,2023-10-24,delivered
1f231cd1-e93e-4670-b88a-ae6613802357,0db22f62-e24a-4b68-a9b5-1fe2df65caf9,414c90e8-1f79-4fac-aa23-cea655b18828,ups,1Z101XK2690052496,2024-01-26,2024-02-04,delivered
84744b43-79d8-4119-95fb-46853c69e0b7,55ced44a-9459-4f81-82c3-5cd930214dac,bf354916-9528-4db9-8189-f6524573c41b,ups,1Z666YS4504859056,2023-12-07,2023-12-12,delivered
aff0c5f8-9ade-4cc9-9bdf-d73741d4f31d,a9907cda-c63e-4396-937b-d116fe156364,414c90e8-1f79-4fac-aa23-cea655b18828,dhl,1Z128FI4095269028,2023-06-30,2023-07-06,delivered
a144de2f-7b1d-48d2-bae7-efaa57dc4fa1,0bbfc441-b8f2-45f3-809f-daae2afb0897,2f1e95b4-aa81-4b55-926d-70531f59528d,ups,1Z117ZU1337370580,2024-01-24,2024-01-30,delivered
10ab670b-37b3-4c46-8639-b61cb90df5d8,bc4bd8b0-91c6-4161-a668-23b4cb625351,bd0b4a2e-3f75-46a1-bf8a-5a82594d70a4,fedex,1Z859IE9608553298,2024-01-30,2024-02-01,delivered
cb823f37-69e9-410d-b793-ca27d7315ede,10233c28-59d4-4845-9af0-4a76105943f7,ab993ac2-3403-4413-88ca-adf00cee0973,ups,1Z755KT1671232359,2023-08-19,2023-08-27,returned
3cf84787-dc1c-4f3c-8319-6a0589791e2e,dd615711-363c-47fc-a486-be255f35ae44,414c90e8-1f79-4fac-aa23-cea655b18828,amazon_logistics,1Z307MN2983356367,2023-01-10,,in_transit
dccab36a-73cc-4a45-8a4c-e3ee1cef1635,6a671a40-c607-4221-bafa-aefacd9b121a,2f1e95b4-aa81-4b55-926d-70531f59528d,dhl,1Z504SB3690473299,2024-03-15,2024-03-22,delivered
7090a8ed-8572-41c8-b461-8f2c7a56b96c,d77a52a7-d96d-4ba9-b14c-48c075596702,9a7f238f-ff0a-4a46-9bc5-b76c045f34f7,ups,1Z724AA1630320621,2024-04-30,2024-04-30,delivered
2d7dd48c-cdd3-43dd-bb79-41fdc67e5780,ca7e5fde-cd8a-4a55-bcf5-0789fac5ac33,bd0b4a2e-3f75-46a1-bf8a-5a82594d70a4,dhl,1Z539YI5813321124,2023-09-30,2023-10-07,delivered
4f46ff6e-4c7d-476c-ad1d-51698583353e,12d21101-5f0a-4e5e-b87e-ef014f970d94,30a760c5-971e-45bc-a486-1b9c5c6cb5b3,fedex,1Z750TI4386151960,2024-03-09,2024-03-12,returned
cdcc9d08-0ad0-42c8-b975-dea229ce2811,38235ff4-21b0-4351-a9c6-6fb308ddc861,675870cd-1868-4277-aeba-578addec8838,fedex,1Z774MW8283168741,2023-12-01,2023-12-03,delivered
fce731d9-d0c4-4fad-81a3-a0f2ae5435a7,e1812538-6614-487a-83df-22692ab464d2,675870cd-1868-4277-aeba-578addec8838,ups,1Z405SO1446935546,2023-12-27,2024-01-02,returned
94e92d1f-fa76-4c48-8155-84add62e8df7,079e88f7-4c89-472f-aab2-a6f63a1df600,675870cd-1868-4277-aeba-578addec8838,fedex,1Z515OE3359236117,2023-01-06,2023-01-10,delivered
d87838ed-bdf0-4d62-9d00-cadd18b90ca5,76229340-55ba-4105-88c4-391bef880bc3,17c4e490-aea6-450e-8341-edd09cb436b7,usps,1Z132CG9024731606,2023-04-17,2023-04-21,returned
1ef7fce9-1d78-4085-b2fc-22ed6f2cd225,9f790ce8-9f63-4e95-8340-3307cccf2a03,2f1e95b4-aa81-4b55-926d-70531f59528d,dhl,1Z162KK9895288678,2023-08-18,2023-08-26,delivered
0cba4815-195a-4bc4-af4b-deafbc89b579,40472af4-a331-4402-83f8-4a35469ded1e,30a760c5-971e-45bc-a486-1b9c5c6cb5b3,usps,1Z397BZ4649222671,2023-01-05,2023-01-11,delivered
b2fd49c5-8eea-427b-96c9-ceb7e1192992,fedefdd3-096b-46f1-8b44-12df360e1997,675870cd-1868-4277-aeba-578addec8838,dhl,1Z847GA2416279111,2023-04-15,2023-04-17,returned
0339342c-e94b-420c-a2aa-18ee73c460d2,273035e9-61b0-4daf-8864-ae12e0bf2716,bbc4323f-7fdc-4913-8813-74f66d90fbff,fedex,1Z237KR3148315306,2023-06-06,,in_transit
8b0000cc-8f06-4009-913a-8b1c34f81787,8d9cb252-5290-4b0d-ab8e-49ac10c421e4,675870cd-1868-4277-aeba-578addec8838,ups,1Z124HJ0040820907,2023-12-06,2023-12-12,delivered
b3023539-a5e3-4427-8440-ab2b42633442,0309e315-d9c5-4c85-884a-87e25133a62c,90d6c40d-10d6-432b-99fe-bd1448f1aa57,ups,1Z484NA4079111450,2024-02-02,,in_transit
6a8310e6-b170-4c0f-b5ee-7c8d5665233b,49db199c-556c-4153-bdcc-62d7349e6e3d,bbc4323f-7fdc-4913-8813-74f66d90fbff,ups,1Z500ZE2272975913,2023-10-13,2023-10-18,delivered
53f3a627-3d76-4f0c-8446-f27bc94a6630,4537de12-e489-455f-ae31-f0f902f15175,2f1e95b4-aa81-4b55-926d-70531f59528d,ups,1Z673UT6635150331,2023-11-07,2023-11-17,delivered
5967e21f-8f0f-41bf-b661-e6f8aae7c980,4ba36a28-0458-4e1a-a1b6-298cb583b073,ab993ac2-3403-4413-88ca-adf00cee0973,fedex,1Z927IL0683786393,2024-04-26,2024-04-29,returned
7639609a-b92f-4329-a4ea-b6ca555cede0,b22891ea-3cc2-4bf4-a9d9-6d96bd0b5848,675870cd-1868-4277-aeba-578addec8838,amazon_logistics,1Z795RS3737944875,2023-09-02,2023-09-08,delivered
7939bc77-1ba1-45cc-b2d3-7cbc7c39d266,390b6007-8976-4790-962f-cb0db26d20df,9a7f238f-ff0a-4a46-9bc5-b76c045f34f7,dhl,1Z329KJ3932045018,2024-03-16,2024-03-21,delivered
1a55be0a-ab4e-44b8-a5a5-e3710c27eedf,fd419a99-6444-407d-ada7-6d9980a67c4b,186252aa-ede5-4d43-ae8c-afa67e2d2f41,ups,1Z268CF2876227992,2023-12-30,2023-12-31,delivered
02bd8de6-7fe4-41eb-aa3f-e4037596d429,d905b6be-d36a-4a77-af10-753d927bfc59,414c90e8-1f79-4fac-aa23-cea655b18828,ups,1Z395VY4115852156,2023-10-31,2023-11-06,delivered
5de5808d-610d-4156-958b-5394ad1cd338,852eebc2-8355-430f-a12a-fbbcaa7ec2cf,bf354916-9528-4db9-8189-f6524573c41b,ups,1Z713VG9355323979,2023-12-14,2023-12-20,delivered
11beb835-7ba0-4d18-bb08-225c8f0371f0,d9059c37-0629-4a09-99c5-2d6bff85600f,3b5e3aa9-ba0f-4938-8883-41d61182dc94,usps,1Z028DH6978403382,2024-03-18,,in_transit
41355c4f-2294-4b9b-82d2-b1fc7e9b764a,5b54a697-209c-4f87-b06b-12f7d1a901d1,bbc4323f-7fdc-4913-8813-74f66d90fbff,ups,1Z513HK6843842611,2023-01-10,2023-01-18,delivered
4d48b1be-fbc3-493a-b6f9-482e2c9252f7,cb864e0e-c13b-4cdf-af44-485717eb8afc,2f1e95b4-aa81-4b55-926d-70531f59528d,ups,1Z489TB2402256512,2024-03-12,2024-03-18,delivered
8da1647a-6b2c-43ee-bd0a-5d6e7d714ae4,5e4fa51b-88a3-4020-b6ed-32ff10c0732d,675870cd-1868-4277-aeba-578addec8838,fedex,1Z315YJ1266833803,2024-04-22,,in_transit
0140664a-cf6a-4b35-aaf9-6e3588d9b033,86fc6f8e-dc88-483b-b999-daf42144a79b,ab993ac2-3403-4413-88ca-adf00cee0973,ups,1Z424SI7419903309,2024-03-26,2024-03-31,delivered
5e35715e-466e-44c7-a52f-76e72d670d38,5da752d4-e4b7-4b36-8fca-480e1de525e7,30a760c5-971e-45bc-a486-1b9c5c6cb5b3,ups,1Z931UT6334109184,2023-03-08,2023-03-16,delivered
778d1be0-fc44-4999-b452-4f75a766fd40,cda42c8d-cde3-42b0-8937-c0b6f75be6ea,bd0b4a2e-3f75-46a1-bf8a-5a82594d70a4,usps,1Z512WM5992170395,2024-04-21,2024-04-29,delivered
e4cccf0b-ef28-4c61-9551-6768cc9dc3db,2561e5c9-ea03-4062-b736-e560410a8f3f,30a760c5-971e-45bc-a486-1b9c5c6cb5b3,fedex,1Z614AK4985037828,2023-06-21,2023-06-28,delivered
4b2bbf56-56cf-4c37-8a4b-21abdeb06140,96fe92cb-51e7-4349-a618-d3e3d27c6d54,3b5e3aa9-ba0f-4938-8883-41d61182dc94,fedex,1Z710FD2853580491,2023-08-31,2023-09-08,returned
325ec392-0565-428a-be4a-f9c6db7a57f1,1be9a28c-0635-452d-8d64-bcc719dbe9b8,17c4e490-aea6-450e-8341-edd09cb436b7,usps,1Z270RM7057143881,2023-08-26,2023-09-01,delivered
c80d6101-ed06-4402-9235-060aa923ff55,bba53102-4689-4800-9f8c-04676e2780fd,bf354916-9528-4db9-8189-f6524573c41b,fedex,1Z469IL3087165273,2023-09-07,2023-09-11,delivered
62aacdad-906c-496b-b6f5-c66af58571de,9bc0f6ae-4170-44e8-b495-6a4f25194327,186252aa-ede5-4d43-ae8c-afa67e2d2f41,dhl,1Z879BD3994162415,2023-08-11,2023-08-16,returned
f2ba2a4d-0ddf-4139-be4c-bafc0197664d,88c03471-4197-40ad-987b-8337617fc235,3b5e3aa9-ba0f-4938-8883-41d61182dc94,usps,1Z822TO9463502326,2023-05-14,2023-05-16,delivered
95e53405-828f-4504-ac5c-1cd3dc289be4,40261897-a21b-41df-b484-c2d65f7fdcc4,30a760c5-971e-45bc-a486-1b9c5c6cb5b3,amazon_logistics,1Z823XA1123672622,2023-12-10,2023-12-13,delivered
f0dac75f-faa5-4f12-94f9-a4ecbe6c159e,97c3e1a7-ebfa-4f55-961d-7de30cf2b0b9,2f1e95b4-aa81-4b55-926d-70531f59528d,ups,1Z213AH6193374678,2023-04-18,2023-04-21,delivered
12fd4286-b52f-4f12-b4cc-a396b2816bc9,e194c855-25e6-4a43-8b6b-7bf80fef66c1,067cb52e-60b6-4c7f-b93d-ba67d806f2e9,ups,1Z891EV7381099914,2024-04-05,2024-04-06,delivered
3b9991e2-0e2a-4f08-b67e-ada7df216a40,923c36cd-5081-4a02-9951-029375963b61,30a760c5-971e-45bc-a486-1b9c5c6cb5b3,ups,1Z123RK9627239530,2023-04-27,2023-05-04,returned
293baf90-ac6a-479c-8c7a-6148e2aa306e,a1583907-4a0c-43d1-9e0f-2a0885c49800,90d6c40d-10d6-432b-99fe-bd1448f1aa57,ups,1Z414AK3285883853,2024-04-20,2024-04-26,delivered
93c275a7-08c6-4ea0-93db-a7c4da58d78e,d42d0cde-6e2f-44ff-b89b-d25ac2e4e8f4,186252aa-ede5-4d43-ae8c-afa67e2d2f41,dhl,1Z835VI3606320506,2024-03-11,2024-03-14,delivered
69e2de9d-f704-47a3-91ca-107e766f8d12,000b02f4-f04c-4aaf-bd93-78234e4ff683,30a760c5-971e-45bc-a486-1b9c5c6cb5b3,amazon_logistics,1Z708XZ8565195766,2024-04-22,2024-04-29,delivered
390c7e1e-e999-416d-9a4d-f416ad0bb893,02bd6664-e8f8-489d-9a9b-d28226a9e211,186252aa-ede5-4d43-ae8c-afa67e2d2f41,ups,1Z605TG1306681425,2023-05-28,2023-05-30,delivered
85b77e7c-28fd-4360-9d71-6eece0bf010b,22fdce16-2f2c-4d26-a154-45af09555ab8,2f1e95b4-aa81-4b55-926d-70531f59528d,usps,1Z909EI9367246937,2023-09-22,,in_transit
2f6b4103-5fa3-480d-bd70-18896948c610,8da49b8c-3d95-450d-9fba-bcfac592928c,bf354916-9528-4db9-8189-f6524573c41b,fedex,1Z509TJ0047243003,2023-07-28,,in_transit
2d6c0104-d5da-49a3-ace6-69992d830f51,e64a4aa3-40b4-4d00-80e5-8dd5e41e476a,bd0b4a2e-3f75-46a1-bf8a-5a82594d70a4,ups,1Z089DB7141183445,2024-01-25,2024-02-01,returned
3354f0bd-3474-4886-a891-572204f7ca01,163baaa7-b029-4ed4-9238-9724f300ec1f,30a760c5-971e-45bc-a486-1b9c5c6cb5b3,ups,1Z380FQ4685593727,2024-02-06,2024-02-16,delivered
0a4516c4-2689-4bd1-a7db-4d3e1467a6dd,909ca521-570b-4ccd-9ece-4f6c3bd89101,186252aa-ede5-4d43-ae8c-afa67e2d2f41,usps,1Z773PD6385688353,2023-10-03,2023-10-10,delivered
f5a26590-7bfd-41e5-8062-650d2b4c0912,f3ceba0d-f8bf-481d-a82d-8b61ea73d3fa,30a760c5-971e-45bc-a486-1b9c5c6cb5b3,ups,1Z465ZI2286429064,2023-08-19,2023-08-25,returned
be0f5e82-c5ab-4b10-bd94-0ae51c028ed8,756e8f49-3864-4f82-86af-fee3cc67779a,9a7f238f-ff0a-4a46-9bc5-b76c045f34f7,usps,1Z793ZL0150944475,2023-02-10,2023-02-14,delivered
c42f5f0d-9198-4164-b045-724454ded306,bc2456f3-d777-4b6f-be3f-6f199ce4d964,90d6c40d-10d6-432b-99fe-bd1448f1aa57,dhl,1Z528MS3148631695,2023-05-23,2023-05-24,delivered
72616e66-e818-435a-9d9b-9bdec4aa858f,31105140-5c2e-4c4d-bc2b-e03381b0a858,186252aa-ede5-4d43-ae8c-afa67e2d2f41,ups,1Z024MM7370079403,2023-12-25,2023-12-30,delivered
8e43af81-32b1-4b05-abc6-00665b6be56d,52e35ef5-96b3-4b7c-9521-31b866a5ec51,fa42ec50-bf62-41ae-851d-68ee160f73ae,fedex,1Z438BI4871991888,2023-09-06,2023-09-12,delivered
0df7034c-7ef1-421f-9945-8000b3cb166e,f94ccc53-45ca-4fc0-8021-3ecb4a60abb1,bbc4323f-7fdc-4913-8813-74f66d90fbff,usps,1Z709JC7089655776,2023-12-28,2024-01-01,delivered
4b4b157c-c7a9-4205-bc15-9647bf9176fc,d655e69e-82b7-4f21-9877-2c8fe11878db,3b5e3aa9-ba0f-4938-8883-41d61182dc94,ups,1Z958EI0323193138,2023-01-11,2023-01-15,delivered
5d2a66b9-5538-4284-bbcd-1a8c1900dea0,cf0c59ed-1942-40a9-a732-c35d03ce5b77,675870cd-1868-4277-aeba-578addec8838,usps,1Z006BK8954043652,2023-05-28,2023-06-05,delivered
ff6875d7-67da-4567-8a9c-b03fff98d9a8,a7a91c8d-7967-4092-b108-8d73ada54ba2,bbc4323f-7fdc-4913-8813-74f66d90fbff,usps,1Z969FH7070298192,2023-10-09,2023-10-12,delivered
5691848b-3a7d-45e2-b1a2-700bbd943ee5,89712894-e650-405d-84d5-9f31f35fa6ae,067cb52e-60b6-4c7f-b93d-ba67d806f2e9,ups,1Z425FB3268674719,2023-11-14,,in_transit
349d0c2f-13fa-40a6-bb6b-41dcfb5fd6e9,971a9b7b-0d71-4180-b0d7-c29783f4f160,30a760c5-971e-45bc-a486-1b9c5c6cb5b3,usps,1Z558XU9943157996,2023-09-03,2023-09-12,delivered
56ffa087-f26e-4c56-9a0e-df03e4a38ef7,f2e7e928-4ca0-4223-adb9-26f121a084b4,17c4e490-aea6-450e-8341-edd09cb436b7,ups,1Z243CE0435406029,2023-07-27,2023-08-03,delivered
77dacb68-3f02-4917-8ab3-00b68ce6fbef,373e74c3-968e-48d3-93f9-55f9bb4ab9d7,9a7f238f-ff0a-4a46-9bc5-b76c045f34f7,ups,1Z433HV0464652246,2024-03-08,2024-03-14,delivered
6d59c616-ad65-4993-856e-fa61fa2e0a68,dec69c8c-0551-4457-88b3-64038ad98fbc,414c90e8-1f79-4fac-aa23-cea655b18828,dhl,1Z112CT4402867894,2023-04-12,,in_transit
f623c3b1-0fcd-484c-baf5-c5ff97fd6500,af833edc-26bf-4591-b018-e919962794bb,067cb52e-60b6-4c7f-b93d-ba67d806f2e9,dhl,1Z623SC4115765402,2023-02-06,2023-02-14,delivered
5e6d7b58-2d16-4768-8b0d-ab99057bab90,5b6264e0-fca7-4cab-b674-259bc98e760f,414c90e8-1f79-4fac-aa23-cea655b18828,dhl,1Z353CA7980593224,2024-03-13,2024-03-14,delivered
7fb011b6-b710-4c8d-860b-39688d54fede,eb24ab7b-5555-4194-bbde-f0c018d5d399,2f1e95b4-aa81-4b55-926d-70531f59528d,usps,1Z028GH2924380880,2023-09-10,2023-09-15,delivered
8f5f0a32-d009-4908-8b57-01163d9be06e,a91bba83-2de6-475b-99cd-69675e2c3f93,17c4e490-aea6-450e-8341-edd09cb436b7,usps,1Z384FW3066057123,2024-02-22,2024-02-23,delivered
e43ef0ac-4e0a-4c39-8fc1-de4dfd6b6a30,0f57206c-8fa9-49b7-bebb-b8ef8274b4da,17c4e490-aea6-450e-8341-edd09cb436b7,ups,1Z894BA2065223281,2023-07-05,2023-07-12,delivered
165be3df-2a23-45d8-9387-1ed27a80807b,fd809b31-2626-42ce-93c0-043d38653abb,675870cd-1868-4277-aeba-578addec8838,ups,1Z682HV2430937048,2024-01-04,2024-01-05,delivered
b27dabb1-b161-44d1-a562-86e68170512e,b54d02f6-2eea-4286-80f5-635dafe4d531,067cb52e-60b6-4c7f-b93d-ba67d806f2e9,usps,1Z569MT7548008601,2023-07-05,2023-07-15,delivered
1ac1d6f0-b435-4b51-b938-16af2d881384,70a01794-fe02-4b12-9103-469ee7017f7b,bf354916-9528-4db9-8189-f6524573c41b,dhl,1Z752VF4911866960,2024-04-23,2024-04-30,delivered
97402e61-2f48-4d8b-b71a-a13d2e541f35,6abb4fe8-20df-42b5-b974-b22920771aee,90d6c40d-10d6-432b-99fe-bd1448f1aa57,fedex,1Z303QS9318070669,2023-07-28,2023-08-01,delivered
88def3b2-22bf-45e2-9d85-6aa44083bfc6,1a9a884c-cf14-4bfd-a534-12efd74dbbd6,ab993ac2-3403-4413-88ca-adf00cee0973,ups,1Z174TR0306272194,2024-02-22,2024-02-24,delivered
23adee7f-75b3-4e8b-abaf-485150f17faf,4c05e409-d58b-48cf-acde-d9ba9aa0ddaa,30a760c5-971e-45bc-a486-1b9c5c6cb5b3,amazon_logistics,1Z491KQ1874719430,2023-09-20,2023-09-28,delivered
d41b1746-353c-4d9d-975d-cc64598a8cd3,81cff11b-4db2-446c-b3b1-81e74df92a33,3b5e3aa9-ba0f-4938-8883-41d61182dc94,fedex,1Z524LD2156651400,2023-12-28,2023-12-31,delivered
dd5140a1-5095-420a-9a2e-16f94876a812,3e183a59-4eac-43b3-91c6-07a6bd1de178,9a7f238f-ff0a-4a46-9bc5-b76c045f34f7,ups,1Z551IV5211545717,2024-02-26,2024-03-04,delivered
847a7278-c0b0-4b88-bc05-0dc71e411b91,092580b0-da31-4edc-a9a9-178ca01ea379,186252aa-ede5-4d43-ae8c-afa67e2d2f41,ups,1Z780MK7068572110,2023-04-30,2023-05-08,delivered
6bcfe35d-c9ab-4cb6-b28c-6c20c0d2cbbb,16a1a9e6-5048-413b-b523-7dd3eb516c53,90d6c40d-10d6-432b-99fe-bd1448f1aa57,dhl,1Z197IK3583866619,2024-04-13,2024-04-15,delivered
34af7753-ee0e-4242-b003-2ffeaf8a697c,be723578-5b9f-45b0-839f-333824a4cb43,bd0b4a2e-3f75-46a1-bf8a-5a82594d70a4,ups,1Z745JN7620705262,2023-05-12,2023-05-13,delivered
bc19e448-29cf-4675-a079-69faf2f85189,d8b5cfc0-e18b-4823-91a7-d1f296201b64,bd0b4a2e-3f75-46a1-bf8a-5a82594d70a4,usps,1Z320FU2519184350,2023-11-02,2023-11-09,delivered
ab829a12-f74f-4ebb-adfd-114a1d00cb45,3e535b5b-baea-451f-9a62-05d55c63e698,186252aa-ede5-4d43-ae8c-afa67e2d2f41,fedex,1Z705IJ3798497002,2023-07-26,2023-07-27,delivered
2a34b1c7-fe97-4b4d-9ae0-142bc82bbc02,af26a1fc-84f4-4f9a-9291-1216a974d328,ab993ac2-3403-4413-88ca-adf00cee0973,dhl,1Z381GF5233815011,2024-04-13,2024-04-20,delivered
af64fab5-73ad-422e-ab25-3361f989aba4,dc6670a9-8c14-4b4b-b8e1-84489ec2c0d6,bbc4323f-7fdc-4913-8813-74f66d90fbff,fedex,1Z606VW6744402141,2024-04-02,2024-04-09,delivered
4e836448-6da4-493f-87ed-2138db131a69,fd6ba136-bdda-40af-92c3-e78337291028,3b5e3aa9-ba0f-4938-8883-41d61182dc94,ups,1Z662RD9664512994,2023-08-10,2023-08-14,returned
e992d3a8-f677-4a7b-9f26-9b2e96d5d743,43f56dcf-e094-4259-97f6-7bdc5acff5f4,3b5e3aa9-ba0f-4938-8883-41d61182dc94,fedex,1Z521VY0976631936,2023-08-31,2023-09-09,delivered
95fcf053-e049-402f-9509-cfca3d7af064,7283a52f-020e-42ba-b2e8-af2a940ecdc5,30a760c5-971e-45bc-a486-1b9c5c6cb5b3,ups,1Z543MK5678652074,2023-07-21,2023-07-28,delivered
0047aa2e-96da-4841-8def-f13fc494d646,c9f74549-8dc2-4594-b888-4ec792dae36c,90d6c40d-10d6-432b-99fe-bd1448f1aa57,ups,1Z199TO3074825450,2023-01-06,2023-01-15,delivered
a78751db-67d0-44f2-94ed-549affbca1a8,367c008b-40eb-40ff-91fc-38f2ae86b10a,bbc4323f-7fdc-4913-8813-74f66d90fbff,fedex,1Z379KM0849798250,2023-01-30,2023-02-01,delivered
26881f72-2a11-4602-833c-24ff2b3140c5,7dd83010-3cc1-4d5e-b538-5c4f13a9ad79,ab993ac2-3403-4413-88ca-adf00cee0973,ups,1Z048VH8630888881,2023-10-31,2023-11-01,delivered
0960c16c-7fca-4476-8348-f1315263ecb6,565eff8e-bfd7-4345-ae42-fce3d4cee690,2f1e95b4-aa81-4b55-926d-70531f59528d,amazon_logistics,1Z694BH2701483022,2024-01-26,2024-02-01,delivered
ba6a966c-84c7-4926-8895-052c0aaeaab4,dca6b21b-690d-48b2-bfb5-8f6527694ca6,30a760c5-971e-45bc-a486-1b9c5c6cb5b3,dhl,1Z565SQ7752331714,2024-02-14,,in_transit
5ed63164-256c-4ee6-a714-dc45a18cabdf,f53befc1-6e62-4742-8212-8628a7b0f65a,067cb52e-60b6-4c7f-b93d-ba67d806f2e9,ups,1Z296VD5775120315,2023-11-27,2023-11-28,delivered
f8dcc72b-3e36-4d3c-b8f9-715f6d50b2ea,368a3d83-aa4c-4e9e-94f2-969acd9aed66,675870cd-1868-4277-aeba-578addec8838,ups,1Z981QQ0517336567,2023-01-30,2023-02-03,delivered
da7ecfdf-98c2-4345-84c3-f63ea4f86d4e,0cf297af-806f-45ae-a2db-241911876fec,186252aa-ede5-4d43-ae8c-afa67e2d2f41,ups,1Z947KC7685688837,2023-05-23,2023-05-31,delivered
b820c0fb-b6f5-4005-a8d0-e660c619b344,e3b93ce2-c8b0-4333-873a-b717d7f95b63,17c4e490-aea6-450e-8341-edd09cb436b7,usps,1Z087AI5026297500,2023-10-26,2023-11-02,returned
2d01bb71-fa66-4f79-9194-0c5896e5c34e,69d8874e-e28e-4892-8eb3-22bd9dc222e9,067cb52e-60b6-4c7f-b93d-ba67d806f2e9,usps,1Z790IO6923207617,2023-04-23,2023-04-29,delivered
5fb87efa-9aa9-436e-b5c0-3d2787c9c9b8,3e133bf6-6996-4e02-b916-64d253b213c5,067cb52e-60b6-4c7f-b93d-ba67d806f2e9,fedex,1Z897AW4964144815,2024-03-30,2024-04-03,delivered
cc2ddaea-df33-4899-bd3f-c7655b405101,1a247193-3457-4e9c-96a2-5742ae342a27,2f1e95b4-aa81-4b55-926d-70531f59528d,fedex,1Z197TS2528782213,2023-12-19,,in_transit
91635478-d7d4-4b20-afad-7adff635ffe8,8f0b97eb-058d-48ea-a476-fc50d8cc0f9d,bbc4323f-7fdc-4913-8813-74f66d90fbff,ups,1Z480IA7501114922,2023-06-28,2023-07-08,delivered
ef1a067b-eebe-4ad3-840c-3a691cf598e1,6c27f428-11d0-40a7-8b25-e31c4572ceea,bbc4323f-7fdc-4913-8813-74f66d90fbff,fedex,1Z995AT0437096813,2023-05-22,2023-05-23,delivered
aa9c553e-bbe9-469a-9681-f7f31ab18133,5be23643-6ea0-4e57-beec-7709ff48ba5b,ab993ac2-3403-4413-88ca-adf00cee0973,ups,1Z837SR6661644755,2023-02-26,2023-03-07,delivered
754eb35c-b3b1-4110-a885-d5f68b522eb2,734e3e11-1321-4aa0-83b1-fda93b4c020a,675870cd-1868-4277-aeba-578addec8838,dhl,1Z385RV4262758389,2023-01-03,2023-01-06,delivered
4bc8a9d8-a140-4901-95a5-a429c437c6f5,fd3f8b42-ef48-41cb-8499-0fa222cff437,bf354916-9528-4db9-8189-f6524573c41b,ups,1Z533US2265947104,2023-11-13,,in_transit
7f439a96-2cc2-45ca-b8bd-0ead1be8c686,fc1f016b-e583-46dd-afe3-da36c35cfb71,067cb52e-60b6-4c7f-b93d-ba67d806f2e9,amazon_logistics,1Z239KU7737929043,2023-10-09,2023-10-19,delivered
c0502438-9dbc-497f-abaf-d542d7bacfcd,b7bc0114-b5c9-4551-87a0-203c9664cacf,3b5e3aa9-ba0f-4938-8883-41d61182dc94,usps,1Z558QJ9836880408,2024-04-25,2024-04-30,delivered
3774532f-2a6b-49a3-a6e8-459d7f090c80,9d8c5fa4-8ffc-451f-a14c-f1c7366de6c7,2f1e95b4-aa81-4b55-926d-70531f59528d,ups,1Z503UA6260513048,2024-04-20,2024-04-29,delivered
b32088b3-c1f9-48a1-ac5d-50f6c7b110ff,a2d9898e-de30-4256-af9f-219162607c4d,414c90e8-1f79-4fac-aa23-cea655b18828,fedex,1Z326RA3278372248,2023-06-07,2023-06-14,delivered
8b605202-447e-4ece-a220-03ba6bf1cce9,7cfd03af-64ce-457b-a452-9d8c1cb77847,186252aa-ede5-4d43-ae8c-afa67e2d2f41,ups,1Z966XT0881522019,2023-06-17,2023-06-21,delivered
412c593c-ea90-4575-9f53-421b5a51a4cc,96b16622-9aa5-4a9a-b395-4411c1669193,bd0b4a2e-3f75-46a1-bf8a-5a82594d70a4,fedex,1Z860ZO8381312488,2023-12-05,,in_transit
f098717f-68d7-4afa-9457-1adf52484292,b0ba5bf9-a905-48a8-a75d-04efcc0ce70e,17c4e490-aea6-450e-8341-edd09cb436b7,fedex,1Z955TP8865148082,2023-10-08,2023-10-17,delivered
e1a12924-0f41-4c49-b398-0d348fad4a18,73c3da8c-925f-4afd-9395-f8f23dbe4397,30a760c5-971e-45bc-a486-1b9c5c6cb5b3,ups,1Z270VE6980480362,2024-02-29,2024-03-01,delivered
604c0871-838c-4efc-9d18-fb6b2dff8fec,ddc07588-1943-45fd-9f74-4f02e2813f4b,17c4e490-aea6-450e-8341-edd09cb436b7,ups,1Z367NO7717289530,2023-07-07,2023-07-15,delivered
c3541f3c-252b-49fe-a88a-962951054dcc,6be1eb93-dba8-45b8-88cb-2991d4f3d4d0,bbc4323f-7fdc-4913-8813-74f66d90fbff,usps,1Z493WP2683447325,2023-07-30,2023-08-06,delivered
f00909cf-ef43-45da-9c22-36a8c6231bfe,27e715ff-7f7b-48e5-a12a-30a5df42f82e,ab993ac2-3403-4413-88ca-adf00cee0973,dhl,1Z985OS3601078984,2023-09-14,2023-09-16,delivered
01479b02-294b-43af-9d66-99718590bce2,69b9971b-1f5f-454c-8592-9310cd89148b,30a760c5-971e-45bc-a486-1b9c5c6cb5b3,fedex,1Z895EA6083371730,2024-04-08,2024-04-10,delivered
410f5a2e-1d69-4a73-a328-e4cac55d11e3,d67bd4ae-3373-417c-a6cd-17c41bb59668,2f1e95b4-aa81-4b55-926d-70531f59528d,usps,1Z927CG8794429991,2023-07-12,2023-07-14,delivered
87235142-8a7c-45d6-aa50-19a9ab1849a7,7bdc7452-b79a-4be9-b6c3-ef35f84c7ac0,2f1e95b4-aa81-4b55-926d-70531f59528d,ups,1Z326VL9546393303,2023-07-23,2023-08-02,delivered
df673ed8-833c-4b72-bc2e-e94e0fdc5fe9,09113432-9568-4a18-8dee-79b37c583077,fa42ec50-bf62-41ae-851d-68ee160f73ae,usps,1Z790ZC6347600283,2024-02-28,2024-03-04,delivered
0704c6e6-9d4d-49a1-b7d4-381dc2b9fa13,8ddf0ab8-de21-4444-ac3f-0353561e5f46,bd0b4a2e-3f75-46a1-bf8a-5a82594d70a4,usps,1Z187KP6033301379,2024-03-14,2024-03-22,delivered
ae4d0598-d862-40e5-9f1a-c55d17813fda,bb48bbaa-9587-434f-be60-245107abdcfb,bbc4323f-7fdc-4913-8813-74f66d90fbff,fedex,1Z324BA7365074790,2023-02-12,2023-02-18,delivered
0f07fc32-8a68-4c74-a3b6-b933cb2377fd,ba7abc86-47a4-422e-8924-3e2f7c9072f2,9a7f238f-ff0a-4a46-9bc5-b76c045f34f7,dhl,1Z316QE8438890138,2024-01-29,2024-02-05,delivered
e75feb13-5c55-4eab-9904-d9c3e831750d,34b1a47d-1133-4c9b-a757-81588f65a739,675870cd-1868-4277-aeba-578addec8838,usps,1Z113BQ6878155473,2024-01-24,2024-01-28,returned
4f973e69-7216-4170-a395-1ce0368e6faa,72a3a050-3831-42b4-93b1-84d2ae97de71,675870cd-1868-4277-aeba-578addec8838,fedex,1Z451SE6238075295,2023-12-13,2023-12-14,delivered
06d752c4-bf9b-4042-9129-dddf9c402522,623b2ba5-c16c-4824-bfa0-d86ccfcf41f5,17c4e490-aea6-450e-8341-edd09cb436b7,ups,1Z014MZ9769845669,2024-04-24,2024-04-30,delivered
0d7fd091-ec54-450c-ae38-09fe0f36dc94,ac555f23-2f66-44b4-949b-d406d3d0be94,3b5e3aa9-ba0f-4938-8883-41d61182dc94,ups,1Z030UW6122385198,2024-03-17,2024-03-26,delivered
09860581-2fda-4b2c-b43a-a98e4aecbe27,2c024f0d-8e94-4072-bd08-c429443b3ea3,186252aa-ede5-4d43-ae8c-afa67e2d2f41,ups,1Z466XN5080650190,2023-07-06,2023-07-08,delivered
5c498d53-7c89-40af-a614-0d39db70768f,cf2fb6fb-ba10-4d9c-9368-6a6c85907ec5,bbc4323f-7fdc-4913-8813-74f66d90fbff,ups,1Z123XX9735659959,2023-11-02,2023-11-03,delivered
b7a7f0a2-60ae-4fb3-b198-867e128f2f55,664d9a50-a999-47b1-9b0c-48ba1e961d33,90d6c40d-10d6-432b-99fe-bd1448f1aa57,usps,1Z106MQ7027494064,2023-08-08,2023-08-13,delivered
245d0baf-0384-4260-9f12-e9ffb4702ddc,d0e309a0-47dd-4e84-bcf6-6cfb2cf6b7dd,3b5e3aa9-ba0f-4938-8883-41d61182dc94,ups,1Z321RW2057622299,2023-07-06,2023-07-16,delivered
e49185e5-0117-433e-8d55-39de4529cf85,14f2ff53-ab56-4943-8380-375bca1141f9,90d6c40d-10d6-432b-99fe-bd1448f1aa57,ups,1Z795GN4683564909,2023-07-18,2023-07-26,delivered
e8ec9b1e-f731-4f6c-8f74-fbb5f6ee0d70,7e9d8539-a67a-49a9-b8e5-146c68c2abf2,bf354916-9528-4db9-8189-f6524573c41b,usps,1Z341JX2495860510,2024-02-04,2024-02-07,returned
7f784a36-75fc-499e-bb9e-5eeb3915f459,0e76d1cc-8cb8-45f9-84ba-60e396c9a9d4,9a7f238f-ff0a-4a46-9bc5-b76c045f34f7,fedex,1Z929UP8864824885,2023-07-18,2023-07-22,delivered
4b0198c2-3269-40f5-84bc-e96e59efabdb,dd67af3e-b2fc-47fc-8cae-19cf03e65df6,bf354916-9528-4db9-8189-f6524573c41b,fedex,1Z707ZP4968583710,2023-07-01,2023-07-04,delivered
e6e771ec-b6a1-41c3-9526-29f4e7f8a142,a80d86b2-a718-4822-a811-2cf5d52a1265,bbc4323f-7fdc-4913-8813-74f66d90fbff,fedex,1Z106EL3734095500,2023-08-22,2023-08-23,delivered
c38af209-d445-4312-baa9-bb6e583bdb7e,746db5e6-b074-4c39-83e1-8cd0e679b6ac,bd0b4a2e-3f75-46a1-bf8a-5a82594d70a4,ups,1Z193HN8036350024,2024-02-25,2024-03-04,delivered
22a0db24-f638-4e71-88a1-7bc3a6b37d3c,a860c9c6-b7aa-4f6e-a665-0ad2477350c3,2f1e95b4-aa81-4b55-926d-70531f59528d,ups,1Z749HR9687846022,2023-12-17,,in_transit
cf5bd319-635f-497e-972b-d59e76578f7d,5f7c3062-a6de-42f0-8a90-29635e4a9c95,3b5e3aa9-ba0f-4938-8883-41d61182dc94,usps,1Z910OW7839543037,2023-11-20,2023-11-30,delivered
9ef841ae-53f9-4043-bb48-e04100e2deee,f6723729-9d35-4670-a53b-cde766484768,ab993ac2-3403-4413-88ca-adf00cee0973,ups,1Z844DO1064189218,2023-04-24,2023-04-30,delivered
774312ca-0c4b-4dbd-b69e-170614ff9c85,8382c406-e55f-463b-966e-db0d05179dfa,fa42ec50-bf62-41ae-851d-68ee160f73ae,dhl,1Z731SI2061715517,2024-01-22,,in_transit
fd102452-47f0-4439-b296-26592255ffcc,4325a140-5354-4a7a-964c-74fb3ea44724,90d6c40d-10d6-432b-99fe-bd1448f1aa57,dhl,1Z804DM8269099392,2024-04-17,2024-04-27,delivered
08c72cf0-fc35-403e-8b7f-6986d9c17922,36c16820-15c4-4061-a9b6-761a9f3523a3,17c4e490-aea6-450e-8341-edd09cb436b7,ups,1Z679JK7216096070,2023-03-24,2023-03-25,delivered
d5bf89e2-97d4-49e8-94f1-726720336530,86ef6808-a3b6-4b8d-b1a0-ecb71b978818,bf354916-9528-4db9-8189-f6524573c41b,ups,1Z337EN9494016487,2023-05-13,2023-05-18,delivered
4e557597-e736-4e77-8043-f08581381af8,c66aa92e-0afd-4ef9-a898-8c6d51b1b7c2,bf354916-9528-4db9-8189-f6524573c41b,fedex,1Z359SJ8460413750,2024-04-19,2024-04-27,delivered
dc39e8ac-e107-4218-bc85-1a98a7db85b3,038dcc68-78e5-427a-ba55-759858b5c637,3b5e3aa9-ba0f-4938-8883-41d61182dc94,fedex,1Z591FF7811730107,2023-04-22,2023-04-23,delivered
57e92032-7684-415a-acbd-1d30b247e390,8052bedc-b783-4c52-b5a9-454c9541dc12,bbc4323f-7fdc-4913-8813-74f66d90fbff,dhl,1Z551VJ6867632440,2023-11-20,2023-11-28,delivered
6b405383-d63c-4521-8742-157e93bcbdb7,0b6fd7e4-3932-4faa-8aca-0ea14c3fd3c8,675870cd-1868-4277-aeba-578addec8838,dhl,1Z086TQ5887939437,2023-11-21,2023-11-22,delivered
938c61b9-384a-4c15-9d42-6d459b5a47de,ac39edb1-e31c-4e0d-a937-72ddc4f9a61c,bd0b4a2e-3f75-46a1-bf8a-5a82594d70a4,dhl,1Z247TE8240089131,2024-01-22,2024-01-30,delivered
8b8170f7-ee38-464b-88f5-7f8b8f7a6db6,c0a4d6ff-a3df-42d2-87c0-809e18ffeeb5,414c90e8-1f79-4fac-aa23-cea655b18828,fedex,1Z409YE2162872203,2023-11-24,2023-11-27,delivered
33e45cc8-2717-4fd8-a542-7d49de6d7ed5,d5db051f-d6bd-4b00-841d-16c395d0bfa3,414c90e8-1f79-4fac-aa23-cea655b18828,usps,1Z983ZG9601303393,2024-01-21,2024-01-29,returned
1ecf6738-5f02-4bd1-b38c-d939e0843e87,13640d26-8093-4924-8078-fe3988487bda,bf354916-9528-4db9-8189-f6524573c41b,ups,1Z679JY9334629427,2024-01-10,2024-01-14,delivered
fe6f67dc-9692-435c-b659-99ca48e824d9,e538e06b-4838-4516-9798-158f062e8b67,675870cd-1868-4277-aeba-578addec8838,amazon_logistics,1Z906IN9242416704,2023-06-02,2023-06-10,delivered
208cb9bc-8ec4-4252-8759-5c6d6cd6ebf2,0362c7ed-ee63-4245-86ae-1bab23a5c58e,17c4e490-aea6-450e-8341-edd09cb436b7,amazon_logistics,1Z103IS6492180556,2024-02-13,2024-02-16,delivered
5ec5d6ce-8e1e-4da3-be71-faf18f0eb2e0,0015dd6c-d153-47a1-b056-a63e5b821889,bf354916-9528-4db9-8189-f6524573c41b,ups,1Z814JA0950516974,2023-10-23,2023-10-31,returned
569404b3-5172-4be0-a1cb-50b0850c4c8f,1736654a-505e-4bd0-bd40-873b95e51ed8,2f1e95b4-aa81-4b55-926d-70531f59528d,usps,1Z143TM7748521928,2023-11-04,2023-11-06,delivered
84f5a86d-600d-4542-bdba-07568498d1e6,462dd97e-07b2-4c00-a662-b90b6081bffa,3b5e3aa9-ba0f-4938-8883-41d61182dc94,ups,1Z523ES8132242152,2023-03-16,2023-03-20,delivered
5f41d74f-0ffb-40bd-8df6-8b221e12ada5,a51806a1-3e2c-426a-9be5-0f0e1c069db0,bd0b4a2e-3f75-46a1-bf8a-5a82594d70a4,fedex,1Z703KU0873632649,2024-03-09,2024-03-18,returned
1bf82c3b-84ad-4b02-ae29-df2346e8ab2c,b1354cfe-d6f8-4a73-82a7-38a574cb16be,3b5e3aa9-ba0f-4938-8883-41d61182dc94,dhl,1Z053GY9862630402,2023-09-24,2023-10-03,delivered
20bffac1-7916-4d1c-a5df-6481586dde62,1e3bf690-b289-4907-aaa1-5dcc3b236402,bd0b4a2e-3f75-46a1-bf8a-5a82594d70a4,fedex,1Z740OM6166414602,2023-09-30,2023-10-06,delivered
a4bc28b8-c0f1-4071-97b0-e5a69d9d2f35,6a9c8577-6ac1-4327-897f-02c413f6cbdb,675870cd-1868-4277-aeba-578addec8838,dhl,1Z033CL8793146291,2023-06-08,2023-06-09,delivered
1c38a4cd-fa68-4197-8c1d-897f91f0dd5a,eeb5087f-cd3b-48a5-816b-d03c06792eaf,17c4e490-aea6-450e-8341-edd09cb436b7,ups,1Z855KH9607692025,2024-01-10,2024-01-18,delivered
29341e36-4eed-4be5-bee6-7364b16cb618,7e8da8c6-d5a4-4990-9364-c60e3d139a16,186252aa-ede5-4d43-ae8c-afa67e2d2f41,amazon_logistics,1Z989DC3924368797,2024-01-09,2024-01-12,delivered
56ddccbd-e6aa-465a-abe2-7dc05d5c06cd,efa0a491-503b-46f0-a72a-0c37b93bd1de,90d6c40d-10d6-432b-99fe-bd1448f1aa57,fedex,1Z982SB9754202663,2023-04-10,2023-04-16,delivered
c9768fc7-8d3c-4e8d-a247-e3d7a2ceb462,281ac626-23cc-4088-81bd-36ee025595e6,675870cd-1868-4277-aeba-578addec8838,usps,1Z855EM0220960130,2023-08-27,2023-08-30,delivered
9d4fe5f3-b42a-491a-80b2-f2ea7b5755d1,ce2f61b5-a25f-4bb2-bcdf-5563ef570144,067cb52e-60b6-4c7f-b93d-ba67d806f2e9,dhl,1Z701IG8350239405,2024-02-27,2024-02-29,delivered
6fe5d2ea-7163-4ed4-a36b-52b611577f9a,fd8c1164-ad0d-43ca-ad0b-05f24ddfff90,675870cd-1868-4277-aeba-578addec8838,ups,1Z540XW6713424769,2024-01-27,2024-02-05,delivered
8ca37317-cc33-4258-8a14-0a6fdc8ab77a,4d063a1e-8ef1-41ed-a530-285d6c039ef5,90d6c40d-10d6-432b-99fe-bd1448f1aa57,dhl,1Z147GQ7640790840,2023-09-08,2023-09-16,delivered
4a66649c-e516-4268-aff2-16008a2eaeab,0c576b11-298d-457c-959a-078bc5d0742e,fa42ec50-bf62-41ae-851d-68ee160f73ae,usps,1Z680SG2093460655,2023-07-09,2023-07-13,delivered
686e790d-e477-4313-8953-ec63dc9ed8a1,81f4c550-332e-4fd9-9ad8-6794ae0f52ad,9a7f238f-ff0a-4a46-9bc5-b76c045f34f7,fedex,1Z996AO6174797020,2023-11-07,2023-11-15,delivered
60451cb8-c9ab-4f8d-9ac2-6b34581e8678,5251032b-67af-46a3-ad58-7440e3d86f1a,675870cd-1868-4277-aeba-578addec8838,fedex,1Z263XW8123712884,2023-10-15,2023-10-18,delivered
61e673d4-4fde-4af8-a50c-df0a8141bb8f,c9f12ea1-96b1-4f0a-9e2d-efede4380465,bbc4323f-7fdc-4913-8813-74f66d90fbff,dhl,1Z302ZR8509139184,2024-01-19,2024-01-27,delivered
f9164978-fb9f-4b48-bb92-4822879509d2,e48d76a3-f7f8-4ba1-b986-5a9b00afdc74,067cb52e-60b6-4c7f-b93d-ba67d806f2e9,fedex,1Z595QX5214421493,2024-04-23,2024-04-30,delivered
720554ef-e2e8-4467-89f3-6af13e0450ea,980299e7-15ce-4e1d-a2f5-e1c53c5954d1,90d6c40d-10d6-432b-99fe-bd1448f1aa57,usps,1Z510CW2303510258,2024-04-04,2024-04-09,delivered
a8b57de2-582b-478c-a6e0-986f930f65b9,fb0d97e2-0215-4945-ae0e-ec03b2d291a5,067cb52e-60b6-4c7f-b93d-ba67d806f2e9,fedex,1Z554IB0882046366,2024-02-19,,in_transit
224119bc-bbd9-4cc4-8b83-5507b6ff3810,1942fce3-161a-4c32-9703-98fa0951142e,bbc4323f-7fdc-4913-8813-74f66d90fbff,ups,1Z886XU2071446783,2024-04-06,2024-04-12,delivered
99360652-efd8-48b4-9e92-68f88e2a9046,11969763-6c48-4b6e-b08c-cfd83eebf57a,3b5e3aa9-ba0f-4938-8883-41d61182dc94,usps,1Z776DB7767978607,2024-01-14,2024-01-23,delivered
10f1cffe-c95d-4258-ac53-e359696f890c,a6672142-1b83-415f-ad29-daba538232dd,ab993ac2-3403-4413-88ca-adf00cee0973,usps,1Z634UZ2762645420,2023-06-05,2023-06-11,delivered
ce89f73e-6ff8-4b30-93d9-97e01644a4db,bd5eca31-4373-4020-b141-a0b164a7b62e,186252aa-ede5-4d43-ae8c-afa67e2d2f41,fedex,1Z672OY9501485041,2023-12-06,2023-12-08,delivered
cf32f8e9-98f5-434f-8cec-43f1d7cf5a32,09a74adc-3628-4a74-b509-772c74143a59,3b5e3aa9-ba0f-4938-8883-41d61182dc94,amazon_logistics,1Z961RR5975037868,2023-11-12,,in_transit
3fdb8c16-bca9-4c60-a309-2666aadb0ba7,cec8c4a9-05e5-4966-b26b-3ca31dfe998f,067cb52e-60b6-4c7f-b93d-ba67d806f2e9,ups,1Z333CH3971281429,2023-11-06,2023-11-11,delivered
4b5b3170-772e-45a2-95d7-8ef93b929195,53153f87-9424-4e60-a803-a38227c6cb45,17c4e490-aea6-450e-8341-edd09cb436b7,usps,1Z513WV3945497234,2023-07-28,2023-07-29,delivered
73b6545b-c18b-4db4-9a02-9eadb9edb671,a8a49116-e396-41d8-b884-ca5a9b045ceb,186252aa-ede5-4d43-ae8c-afa67e2d2f41,amazon_logistics,1Z365BV1710323434,2024-04-21,2024-04-26,delivered
23d6f97c-4e59-4e11-90f9-d220ad0ef6d4,b265c0ee-fe6d-4508-94d3-cb0ac96895b5,414c90e8-1f79-4fac-aa23-cea655b18828,dhl,1Z318UF2896436230,2023-12-30,,in_transit
786a4427-35dd-4249-a9d4-431010ce2bdb,6ee74fc1-3a4e-4bb6-9b1a-e340a8a1017e,90d6c40d-10d6-432b-99fe-bd1448f1aa57,usps,1Z539WS4213762724,2024-04-01,2024-04-05,delivered
9716ce9d-6d78-4c5a-a146-4412a2759612,63e54ae0-06a8-4511-b339-70f8e9fb74e0,bf354916-9528-4db9-8189-f6524573c41b,ups,1Z879WL9087056877,2023-07-16,2023-07-18,delivered
bd36502a-2c13-4d66-8ead-b4cbdf1e0a3e,4a47a004-25f5-45e0-bc20-c3686dbd39f2,bd0b4a2e-3f75-46a1-bf8a-5a82594d70a4,ups,1Z174KS9408983516,2023-10-13,2023-10-18,delivered
a0b5ff11-8cbd-42a5-a985-c7205baa3c0d,93070c0c-0cfb-4ad0-9341-c8924f246b86,414c90e8-1f79-4fac-aa23-cea655b18828,amazon_logistics,1Z659CT4007673808,2024-02-08,2024-02-16,returned
7c728596-4a2b-4f05-b0a5-5e86ad7909a2,5dab7d54-9e68-41fa-81c8-806c61773d47,067cb52e-60b6-4c7f-b93d-ba67d806f2e9,usps,1Z850SA0715013914,2023-03-18,2023-03-21,delivered
d64ba50d-d3c4-4656-b21b-f0af6fb1b40c,cf3206c2-fdb3-419c-8154-0ef7d48b6919,bd0b4a2e-3f75-46a1-bf8a-5a82594d70a4,fedex,1Z522WS9018883833,2024-01-01,,in_transit
ec9186f7-833c-4215-b0d8-76193773848b,a223bf0e-6077-413c-9f15-dc197653eed2,bbc4323f-7fdc-4913-8813-74f66d90fbff,ups,1Z391EX7350358150,2023-08-31,2023-09-07,delivered
21b1c8eb-fb7b-4d67-9d8f-8636c079f42c,96d363b9-6f43-456b-9c4e-d9c86efd7277,067cb52e-60b6-4c7f-b93d-ba67d806f2e9,dhl,1Z304UU0333342851,2023-10-11,2023-10-21,delivered
02002979-c1ed-4b93-ac2b-879d790082ba,bb9fafb2-f614-4dfd-9303-d1b43c04c66e,90d6c40d-10d6-432b-99fe-bd1448f1aa57,ups,1Z293QS1265195226,2024-01-02,,in_transit
afa5754b-1301-4c01-a1f4-a11f9e9f65cb,2014ed95-e897-4aa6-b0a8-09e70bbc0539,3b5e3aa9-ba0f-4938-8883-41d61182dc94,dhl,1Z213UE7916465452,2023-05-14,2023-05-18,delivered
951d47fa-67bc-4806-a26a-02708a113bcd,9cd99e73-45a0-44ca-9f55-d4dbb5727027,bbc4323f-7fdc-4913-8813-74f66d90fbff,ups,1Z333DS5076260259,2023-08-11,,in_transit
7c60c0d9-4f66-47e1-ac61-60ff73903167,c2b1d445-bc86-456e-a685-144ff3c42a37,bf354916-9528-4db9-8189-f6524573c41b,amazon_logistics,1Z716VD6727938064,2024-02-23,2024-03-02,returned
62ba82a1-f34c-4f47-9c68-5197b4810e66,a4f29a45-eed5-4c61-aaea-b5390dc615a5,bbc4323f-7fdc-4913-8813-74f66d90fbff,ups,1Z189UF1783149246,2024-01-28,2024-02-05,returned
53964224-7186-4d85-a6b7-987ebb18c4cb,646aab1c-a9b4-4a6e-b156-94ba9ab9b6b2,ab993ac2-3403-4413-88ca-adf00cee0973,fedex,1Z197CJ6172005691,2023-09-11,2023-09-20,delivered
55142424-e652-4db7-bba6-1d5ede261131,41035928-92c3-4472-94db-3da19ded8160,90d6c40d-10d6-432b-99fe-bd1448f1aa57,ups,1Z225EG3227895268,2024-01-21,2024-01-22,delivered
9372a627-e73b-4067-97de-5f1ff56e9634,866b6020-1032-4c0f-8ded-d788a697f63c,30a760c5-971e-45bc-a486-1b9c5c6cb5b3,fedex,1Z791JB7639351877,2023-12-27,2024-01-05,delivered
4040ec8f-ec71-42ae-bf22-da323cbe8bc8,8266e1a2-84d7-4888-bb61-350e5d6591df,90d6c40d-10d6-432b-99fe-bd1448f1aa57,ups,1Z664YI1857234554,2024-04-22,2024-04-30,delivered
d4872606-3b08-4020-bac1-c428b4f62c38,df9e820b-f99e-4be7-916f-0b204eb15448,2f1e95b4-aa81-4b55-926d-70531f59528d,dhl,1Z149SX6503480996,2023-09-29,,in_transit
da5d7643-c031-4bc0-9044-1a96de4f8ad9,c99f11b0-28bb-44ad-ae67-32089c9cf060,3b5e3aa9-ba0f-4938-8883-41d61182dc94,fedex,1Z320NR1019161190,2024-02-10,2024-02-13,delivered
183836b1-e312-4dca-9fd1-1d51553db7fe,0b7ac826-85f3-4139-a0cc-f7b93e89c85c,bbc4323f-7fdc-4913-8813-74f66d90fbff,usps,1Z543CA5058019146,2023-10-25,2023-11-04,delivered
3a6c4663-657a-4d4c-a45b-b88c33026a0b,b192110b-a270-493d-a359-a4aac81edeb5,90d6c40d-10d6-432b-99fe-bd1448f1aa57,usps,1Z689QE7050186231,2024-04-29,2024-04-30,delivered
b53ffa78-f65b-454a-a7af-cc43a7a0b45a,ab430beb-3307-477f-a123-ba2e799e081b,90d6c40d-10d6-432b-99fe-bd1448f1aa57,dhl,1Z099MK1244706493,2023-07-25,2023-07-31,returned
06a84491-4494-4a3a-928b-4a8690256c01,bf194d58-ab88-450a-b335-77e9716abdd9,2f1e95b4-aa81-4b55-926d-70531f59528d,dhl,1Z455TQ3283751007,2024-02-12,2024-02-20,returned
beec69b5-a635-411b-b51e-d37b531cea98,131f13aa-cac7-4df0-95d7-f177125234c2,17c4e490-aea6-450e-8341-edd09cb436b7,amazon_logistics,1Z344CF7246522505,2024-03-19,2024-03-26,delivered
bd8f7e6f-a05c-404f-9a7a-41ac22533185,ea6b96e9-7976-4e14-8d15-9cb812952081,90d6c40d-10d6-432b-99fe-bd1448f1aa57,dhl,1Z306PU5293323674,2024-02-29,2024-03-08,delivered
706a1b14-e9a8-407d-b678-37f5554e0c24,673a74ac-db9c-426e-9e1f-748e72fee7a7,bbc4323f-7fdc-4913-8813-74f66d90fbff,dhl,1Z807ZC9280681120,2023-01-14,2023-01-20,delivered
76cefda2-4d9a-49c7-8738-c98b624db79d,e964539a-8ae9-44d8-983d-aa4ae5940ab0,ab993ac2-3403-4413-88ca-adf00cee0973,fedex,1Z110AD0323726011,2023-05-21,,in_transit
4c1c4c07-76ed-434d-abe6-a2be95c742fa,b2115c75-1a02-47fb-90e2-8815e1344cd3,186252aa-ede5-4d43-ae8c-afa67e2d2f41,amazon_logistics,1Z564MB2760839980,2023-03-25,2023-04-03,delivered
c62d2fd7-b76d-4079-8179-03f0a159cd51,f8147599-c26c-4eee-a89d-082ff7cad857,bd0b4a2e-3f75-46a1-bf8a-5a82594d70a4,usps,1Z872CS3987434035,2023-06-29,2023-07-06,delivered
73257387-4045-4bba-a50d-877aa049215c,4a25c103-074f-4453-b4fc-c6948fb35ead,675870cd-1868-4277-aeba-578addec8838,amazon_logistics,1Z947KX5491033195,2023-12-21,2023-12-24,delivered
4d25f276-290c-48fc-beb1-bd29d18d8958,c6256911-f35b-45c9-99ee-ba310dd9ac29,3b5e3aa9-ba0f-4938-8883-41d61182dc94,fedex,1Z771VZ6265725996,2023-02-09,2023-02-12,delivered
1aef9a61-c4ea-4eee-823c-6d5881d92623,09858185-5fb0-44c9-9b3a-7a0e5138ba95,186252aa-ede5-4d43-ae8c-afa67e2d2f41,usps,1Z122YU5533825286,2024-04-08,2024-04-11,delivered
4faeeccd-62ac-4750-b568-1b0830479e2b,50147566-dde7-4390-b516-ea5686bbf98d,fa42ec50-bf62-41ae-851d-68ee160f73ae,fedex,1Z945XH8240545826,2023-10-07,2023-10-09,delivered
9ec7d4d5-a8fc-44e2-a40d-368a36b7cb42,9c08c48a-f959-4172-8847-1f1271f216d0,bf354916-9528-4db9-8189-f6524573c41b,usps,1Z725DX3256893337,2024-03-19,2024-03-23,returned
9cf325a1-0b0f-4bca-94ae-15920a648c0d,e01ea2e7-4b58-42c1-bcaf-a8bd4354c0b4,067cb52e-60b6-4c7f-b93d-ba67d806f2e9,ups,1Z936IM9074901286,2024-04-30,2024-04-30,delivered
c6c0e9b6-67c6-4161-8786-fc11bfd79a5e,f6ce36e0-4b57-4f75-b2a8-93ded462ef96,fa42ec50-bf62-41ae-851d-68ee160f73ae,usps,1Z308MU4915552145,2023-08-29,2023-09-08,delivered
6512ad0a-fd8b-48e4-9a3b-b5477dfcd28f,77c7c41e-eb19-4166-bbb7-9ebd6dd45308,30a760c5-971e-45bc-a486-1b9c5c6cb5b3,ups,1Z691NB9967140639,2023-01-25,2023-02-02,returned
7f448be6-39e0-4165-b50e-387969b0f665,8464bb1b-25b2-44e1-91b1-44931c80beab,bd0b4a2e-3f75-46a1-bf8a-5a82594d70a4,ups,1Z408NJ8408155529,2024-01-22,2024-01-24,delivered
0d4977f8-32e5-410e-ab71-bc085bc40992,fb173562-4e36-4b7b-a620-af87abec51a1,30a760c5-971e-45bc-a486-1b9c5c6cb5b3,ups,1Z492SH3908850289,2023-10-12,2023-10-21,returned
affa0ebf-d99e-43e8-a16c-56e49ab4c217,e1376138-cc06-429b-821a-4ecb5f797c4f,186252aa-ede5-4d43-ae8c-afa67e2d2f41,ups,1Z291EO3289080546,2023-01-14,2023-01-17,delivered
69b1b824-79ec-43af-92ee-4f5d6112254f,bdf13cdb-ceb1-4b00-afb7-44777da04abe,90d6c40d-10d6-432b-99fe-bd1448f1aa57,fedex,1Z551AB8772396646,2024-03-19,2024-03-24,delivered
dc66dd55-ed4a-4ca9-bd7f-b80b5b44e893,c53a9389-df1f-4f68-99d5-8b91f3e7e4e9,9a7f238f-ff0a-4a46-9bc5-b76c045f34f7,dhl,1Z865RR6814600574,2023-07-23,2023-07-29,returned
a3daf0a6-30ed-46c8-aad9-892dee2fe14b,d0174ecb-24c5-431d-8a56-de8820d0ecd5,bd0b4a2e-3f75-46a1-bf8a-5a82594d70a4,dhl,1Z520KL4397130517,2024-04-17,2024-04-21,returned
7603ecd1-98d5-4d2b-b8ed-f6a89c7be876,6717e7ab-ea73-4210-9efa-77993bc4e98d,30a760c5-971e-45bc-a486-1b9c5c6cb5b3,ups,1Z276ZI9914966165,2023-05-17,2023-05-21,delivered
9ad5abaf-c585-4a11-82dd-72e7e744e6c9,071c3d6f-d9f5-41dd-b32a-d585d5857605,bd0b4a2e-3f75-46a1-bf8a-5a82594d70a4,dhl,1Z761JN0528829332,2024-03-23,2024-03-26,delivered
89c10d33-bb8c-4d15-b625-d2a8eda7edb5,b355d54a-833f-4295-a6f1-47682a0fbbec,675870cd-1868-4277-aeba-578addec8838,usps,1Z053HZ3115396656,2024-04-17,2024-04-26,delivered
1e9ca9d8-fed6-444a-8e17-d0f829a53be8,2ba2ca71-26bd-4098-8feb-1e3c06668ab4,ab993ac2-3403-4413-88ca-adf00cee0973,fedex,1Z407ZI4909877114,2024-01-05,2024-01-06,delivered
4938d414-5229-4e0a-8eae-947cbad47629,215dbcf0-20ec-46ed-959a-a35199014f78,90d6c40d-10d6-432b-99fe-bd1448f1aa57,ups,1Z251UZ4845648373,2024-04-23,2024-04-24,delivered
20a07ceb-de33-432d-960f-ea1a5ed8f469,4b82c2b4-8644-489b-b588-7c6c48c57707,ab993ac2-3403-4413-88ca-adf00cee0973,usps,1Z102IJ8277057594,2023-04-10,2023-04-13,delivered
d9e5429e-e0c6-47d7-b81f-a25df39c30d9,a1b976e7-8fa4-4f3b-b59a-5fbb76d41270,675870cd-1868-4277-aeba-578addec8838,ups,1Z890KM9480411165,2024-04-27,2024-04-30,delivered
3039a8a0-7d1d-4ee6-b4af-12f39b693d6d,d5644f53-feca-4f12-bfd0-e291a980d8f7,bf354916-9528-4db9-8189-f6524573c41b,amazon_logistics,1Z169HN2158383724,2024-02-14,,in_transit
d6cf0dfd-ba3b-496e-a4cc-3ecfbc71f999,bc94329c-d0e3-45f4-a67f-ec69a1f0173c,fa42ec50-bf62-41ae-851d-68ee160f73ae,amazon_logistics,1Z871BB6235332917,2024-04-10,2024-04-15,delivered
4a347aa2-0063-46bd-b4f9-3fa9f8f90540,d45bd17c-c0c9-49bc-a8fd-d33831125800,ab993ac2-3403-4413-88ca-adf00cee0973,fedex,1Z639HF7464009818,2023-01-22,2023-02-01,delivered
be1c5cd2-acc6-4e52-801f-d92998df4503,7158807f-f940-4586-b2e4-1505b682802e,bf354916-9528-4db9-8189-f6524573c41b,ups,1Z532HM3481160659,2023-05-10,2023-05-18,returned
dafdf8a1-0341-472d-9e96-0ec111c21d6e,8e43bcdc-5600-4882-9833-7794919c0014,186252aa-ede5-4d43-ae8c-afa67e2d2f41,usps,1Z920DT2694627570,2023-11-10,2023-11-15,delivered
ea30ec9a-4e95-4b05-871e-0784e009a384,a052de01-c25d-4651-9b23-a3ae3f42e405,bf354916-9528-4db9-8189-f6524573c41b,dhl,1Z016DA7388512212,2024-01-30,2024-01-31,delivered
c6c8449e-f36b-474f-b0e5-8bf41851fd1d,3fc187e1-d5c4-487c-8718-f5660f2ce357,ab993ac2-3403-4413-88ca-adf00cee0973,ups,1Z724EP6775053606,2023-07-09,2023-07-16,delivered
27e476a2-a524-43cd-9259-674ea7a2e491,b1068c3a-4db7-4cfb-a165-45e13f5c1f28,ab993ac2-3403-4413-88ca-adf00cee0973,usps,1Z559VV5497016664,2024-03-26,2024-03-30,delivered
bcddeb9f-8a06-4dd2-a9ce-7e38fc90e43b,2ef3182c-43f8-4b93-ad18-c996c25b9026,3b5e3aa9-ba0f-4938-8883-41d61182dc94,amazon_logistics,1Z128II5901482292,2023-11-25,2023-11-29,delivered
46596c6c-c3e1-4471-bdbf-933d9b9def60,75c46523-f946-458a-b09b-e750bf0e46a1,067cb52e-60b6-4c7f-b93d-ba67d806f2e9,fedex,1Z847HP8029340119,2023-06-21,2023-06-24,delivered
c00621f5-8ba4-4d35-bb30-569809042893,4f2b2690-0509-48ca-8e18-224a1d847fb4,186252aa-ede5-4d43-ae8c-afa67e2d2f41,amazon_logistics,1Z673VI2050107429,2024-03-17,2024-03-22,delivered
610bbed5-318a-4c82-bd99-bff591d85f87,4aa87d41-8fdc-45ff-9dc3-b5526bc1518e,bd0b4a2e-3f75-46a1-bf8a-5a82594d70a4,fedex,1Z953IG1785992860,2024-02-13,2024-02-23,delivered
2c385c31-daa9-40d6-a3a2-4991d59976aa,bd81a03d-4b3c-459b-b515-2d71b86d53db,9a7f238f-ff0a-4a46-9bc5-b76c045f34f7,ups,1Z978VE5034162657,2023-12-25,2024-01-03,delivered
faa68662-0ca4-493b-a363-817ee57e073b,bf99291c-7d70-4612-ba18-be42a2ca4817,186252aa-ede5-4d43-ae8c-afa67e2d2f41,fedex,1Z766JP3219475122,2023-04-13,2023-04-21,delivered
691c652d-bd4a-4728-9346-924672983a82,c9cb8b46-1c3f-40ef-a2e6-a6ee5dc32dc6,bf354916-9528-4db9-8189-f6524573c41b,ups,1Z869HT7961260447,2024-02-24,2024-02-27,delivered
68fe96f5-354f-42fd-9a00-f9fccc58117d,fe406f92-d5e6-41c3-b943-3d8690b73e33,bd0b4a2e-3f75-46a1-bf8a-5a82594d70a4,ups,1Z704XP5509544736,2024-02-02,2024-02-09,delivered
8c55a6b1-77e7-4327-bbd3-fed927c92df3,2324b643-6c2b-4621-8738-34cd343ed3b6,675870cd-1868-4277-aeba-578addec8838,ups,1Z373HS7121537822,2024-01-31,2024-02-03,delivered
5ce83818-f616-4014-85e0-5bb925a40e3a,6baa37dc-bc55-4a0f-859f-7ab3c9d6cde2,675870cd-1868-4277-aeba-578addec8838,ups,1Z191NY1248842368,2023-08-05,2023-08-14,delivered
f8482532-698b-4b34-b342-3fcc1908fb2e,80540346-9257-4f10-8ccd-cf997bb2181c,fa42ec50-bf62-41ae-851d-68ee160f73ae,fedex,1Z967IC5175264905,2023-12-28,2023-12-29,delivered
a07482b6-06fa-4ecd-b75e-0ec7c2bd03ee,049a7fa6-b9c2-43bd-9c7a-e62d638bc9fa,186252aa-ede5-4d43-ae8c-afa67e2d2f41,ups,1Z516LX3363975731,2023-07-04,2023-07-12,returned
fe66d9fd-8248-4c34-b7ac-bc107de2d771,6b0f1577-5e49-4510-8719-5f4f3913ad51,2f1e95b4-aa81-4b55-926d-70531f59528d,fedex,1Z285DI5885198953,2024-04-25,2024-04-26,delivered
f000515b-418a-417e-9a5f-0bc87e3ffb45,17dffede-e134-4b08-ab9f-3c15f265dd3d,067cb52e-60b6-4c7f-b93d-ba67d806f2e9,ups,1Z434OW0850162126,2023-06-13,2023-06-16,delivered
1a75718e-c610-4631-9e07-f6d3a9f04087,c2673cc3-71f3-4d64-8c81-e762c969a8b9,17c4e490-aea6-450e-8341-edd09cb436b7,fedex,1Z372VT9181035834,2023-05-31,2023-06-01,delivered
341c26a6-8db6-481e-8ae5-3b7ac3b60314,df038a87-c936-4144-83dd-f6a6925bf184,17c4e490-aea6-450e-8341-edd09cb436b7,dhl,1Z040FX6940594167,2023-06-08,2023-06-18,delivered
a6d53215-aeca-4b68-ba39-baaefa4c2aaf,21d0dcef-7cb4-4576-99aa-5f188e1ec84e,3b5e3aa9-ba0f-4938-8883-41d61182dc94,ups,1Z364CQ8095255786,2024-04-14,,in_transit
7d09f80d-e9c8-4d55-bdcb-4bfb632d4487,fa6b2ef0-d86b-49c3-8483-7f6bb855f5d4,3b5e3aa9-ba0f-4938-8883-41d61182dc94,ups,1Z214TD9893916483,2023-06-23,2023-06-28,delivered
3e6abd8e-435a-4ecc-9946-f17ab2fc10ee,6877474a-d513-48a5-a4de-e5059f153da3,9a7f238f-ff0a-4a46-9bc5-b76c045f34f7,amazon_logistics,1Z784NX5841702697,2024-04-06,2024-04-12,delivered
65b4f050-e375-4dde-8388-81fc8cc6a8f9,f186e5ff-1ddb-40b2-86e1-15d97cd4aa69,bf354916-9528-4db9-8189-f6524573c41b,usps,1Z212YY5770769387,2023-09-26,2023-10-04,delivered
567d627a-b342-4a65-9f6f-5b15d9b3407e,a6fcacf3-ad7c-46b7-93e5-f4a268503825,90d6c40d-10d6-432b-99fe-bd1448f1aa57,amazon_logistics,1Z375GM7815973945,2023-10-23,,in_transit
fc40d713-0b2c-4f69-828c-2aa339fafb52,972b4cbf-e300-40db-9a3d-646c4a3977d0,414c90e8-1f79-4fac-aa23-cea655b18828,amazon_logistics,1Z251AE0680292902,2024-04-10,2024-04-19,delivered
0ba6b460-2820-4e8e-8ce3-54021b8501a8,e2f64f1b-838b-4119-8a2e-3e765e972fd8,3b5e3aa9-ba0f-4938-8883-41d61182dc94,ups,1Z967SE5711608830,2024-04-30,2024-04-30,returned
fc9cfb44-1839-461e-ad57-5bba26870c14,9e24383a-081c-45e4-9f7f-5d1861665d4a,ab993ac2-3403-4413-88ca-adf00cee0973,ups,1Z603WB8427017694,2023-04-21,2023-04-28,delivered
efb5dedc-e0be-4b6e-b931-13f2ef035be9,def9759e-55af-405e-b4b6-cdc0cfec2f7f,bbc4323f-7fdc-4913-8813-74f66d90fbff,fedex,1Z865SQ5815546236,2023-01-16,2023-01-21,delivered
d74085e3-bd1b-4945-a783-60f4922b486e,12f72a5d-e66e-4e54-b23e-ebdb190dddab,186252aa-ede5-4d43-ae8c-afa67e2d2f41,ups,1Z537PZ1820356686,2023-02-08,2023-02-11,returned
e8402e7d-6bd7-44a9-858c-14e3d8553e97,e0c34c1f-fbd1-499f-a337-ab12b0c37d17,067cb52e-60b6-4c7f-b93d-ba67d806f2e9,ups,1Z770RE0027312603,2024-04-29,2024-04-30,delivered
6c03e355-c495-4400-9aa5-013a6ccc9acb,4f718d5c-f77c-43c4-ac10-8b414b4c81ab,067cb52e-60b6-4c7f-b93d-ba67d806f2e9,ups,1Z155TO6303208904,2023-12-21,2023-12-24,delivered
3eca3235-04e3-4ed5-b284-28c1ce1a1645,66638a87-1108-4695-b4c1-ed1937e46d14,17c4e490-aea6-450e-8341-edd09cb436b7,usps,1Z974YF9314576694,2023-03-22,2023-03-26,delivered
647cd519-4308-40c9-8f87-40297f12ca5e,6493b3dd-5db7-4f61-9cfb-e4940a0e428c,30a760c5-971e-45bc-a486-1b9c5c6cb5b3,fedex,1Z261FB3640800580,2023-03-18,2023-03-28,delivered
ddac0036-cc88-4e44-9a7b-2fededf443e2,18c0ecc0-99eb-4425-9a7f-03fa1df27991,bbc4323f-7fdc-4913-8813-74f66d90fbff,usps,1Z734DH3137416111,2024-03-31,2024-04-10,delivered
018e1d9c-1a43-422c-a5fd-c4e240c26c19,f961c107-05c3-4139-8913-1f8e6d718d49,90d6c40d-10d6-432b-99fe-bd1448f1aa57,usps,1Z501QF5140180317,2023-03-15,2023-03-18,delivered
785af6dd-015a-4c61-91fd-31f3d8dee1e4,d078504a-53cc-44f1-9ab5-7f6559c45b85,ab993ac2-3403-4413-88ca-adf00cee0973,fedex,1Z077VH5602520670,2024-04-16,2024-04-22,delivered
9a775a3f-5f14-4b79-9436-e9d5ba57d77a,4bba904d-31d8-4cff-9f3e-70e93a5d647a,fa42ec50-bf62-41ae-851d-68ee160f73ae,ups,1Z882RO1778683812,2023-08-22,2023-08-29,delivered
66b85b98-b4fb-4942-ad8c-e4480acdfff9,d7eba269-fb07-46b7-af0f-8383bedf8bc5,30a760c5-971e-45bc-a486-1b9c5c6cb5b3,ups,1Z473JH3859307947,2023-07-03,,in_transit
10bbc8df-e142-4391-8b31-86f1fa07e02f,81fcffff-4b81-4909-8aa1-f54a4b63a053,9a7f238f-ff0a-4a46-9bc5-b76c045f34f7,ups,1Z872PU2269665351,2023-10-04,2023-10-11,delivered
5bf186c8-0731-42ab-a8e5-38b04d25c829,ea6c40ca-098b-43db-b2f0-9535ce7ed5cb,186252aa-ede5-4d43-ae8c-afa67e2d2f41,ups,1Z272BN4463440234,2023-05-16,2023-05-20,delivered
c65fa929-71bb-4fa8-90af-a5abcaf81826,c79ff341-761b-40e9-9eb8-1e6a5bd1d19a,90d6c40d-10d6-432b-99fe-bd1448f1aa57,fedex,1Z391DF4021157904,2023-08-07,2023-08-13,delivered
098b1e07-d20d-47d7-badc-f0e21864c353,e49a0dc7-aaf1-4844-a5bf-4f84c6f7d346,067cb52e-60b6-4c7f-b93d-ba67d806f2e9,ups,1Z256XS5000541940,2024-03-26,2024-03-30,delivered
1319244f-a4a3-4b95-bd04-8473d1dbcf5e,dbe83634-4ac9-4fb9-826a-5b914a6f708a,30a760c5-971e-45bc-a486-1b9c5c6cb5b3,ups,1Z649QY7842170134,2024-04-13,2024-04-19,returned
00c9dd5d-70f9-4456-a671-1deb80f4485a,7bca0ffc-3eb2-43e2-8a7c-b502ae25b7b4,30a760c5-971e-45bc-a486-1b9c5c6cb5b3,ups,1Z691MR1376671061,2023-06-09,2023-06-11,delivered
18d07469-32ac-4f50-acdb-e45af999277c,c73177fd-da2f-463b-b3fe-8fd18486fc4b,9a7f238f-ff0a-4a46-9bc5-b76c045f34f7,amazon_logistics,1Z516ST1667003962,2023-11-16,2023-11-25,delivered
5488385b-f2d1-47a8-a471-bc8a05807eb1,0b7c2d61-347f-46f3-ab10-3c1f90ef0ce8,414c90e8-1f79-4fac-aa23-cea655b18828,fedex,1Z278MR8036633651,2023-08-26,2023-09-01,delivered
447f4fb3-d661-49ea-b026-a6d459f595b8,c5ac6ff6-f5fb-4403-8411-675bd877361a,bbc4323f-7fdc-4913-8813-74f66d90fbff,fedex,1Z345XS9753600924,2023-12-19,2023-12-23,delivered
95e9a2d5-0bfc-48d5-88b0-deab2faea8d8,ac852088-0791-4fce-9786-674a3f9d344a,ab993ac2-3403-4413-88ca-adf00cee0973,dhl,1Z685GT0189864169,2023-06-29,2023-07-03,delivered
bcaec937-934b-475e-a123-55327fa540a9,5922d554-10b5-4ec1-8739-741f3673b365,9a7f238f-ff0a-4a46-9bc5-b76c045f34f7,usps,1Z721WY8162740173,2023-05-10,2023-05-17,delivered
e0eeaaf9-d6b9-427e-8315-c6905d141726,738859a5-189b-416e-93de-1be0c326bfbe,fa42ec50-bf62-41ae-851d-68ee160f73ae,dhl,1Z195GI6837778363,2023-02-08,2023-02-17,delivered
41bf17e9-c567-44f8-8bb8-10a9bbc6d4ee,35d8f697-557e-4c65-bfcb-291d7633b5ba,067cb52e-60b6-4c7f-b93d-ba67d806f2e9,dhl,1Z356HB2914398876,2024-01-02,2024-01-09,delivered
bc60e731-9341-4048-8a62-aa6c04daf7d9,b69bc1bc-bf17-4261-8a64-66c0fba355ab,2f1e95b4-aa81-4b55-926d-70531f59528d,ups,1Z250UL4116884497,2023-05-08,2023-05-11,delivered
af223bdb-067e-4112-b944-7ac9727e99fa,89394689-cf58-41e1-bf99-9d02d554b97d,186252aa-ede5-4d43-ae8c-afa67e2d2f41,dhl,1Z648QA3286232325,2023-03-01,2023-03-04,delivered
14911ab5-81d1-46d9-9c2f-10da47138cdd,634c57dd-aa98-4142-bbe4-e046dc39be03,30a760c5-971e-45bc-a486-1b9c5c6cb5b3,fedex,1Z434RB8836954063,2023-10-12,2023-10-21,delivered
21cc888d-b199-4594-bcbc-10bb31243dac,78013119-8a4c-480c-8108-a2addfbfa894,ab993ac2-3403-4413-88ca-adf00cee0973,usps,1Z566SQ4674627663,2023-07-31,2023-08-01,delivered
7a171e9a-973d-41b2-b6d9-a1168c1d000e,8fac1f45-f059-4b18-a6ee-a2a2f308a9cd,3b5e3aa9-ba0f-4938-8883-41d61182dc94,fedex,1Z868YX0935207703,2023-01-25,,in_transit
4ee00389-16c4-4461-9374-a14633d23d24,e74b87cc-5fb2-442a-8072-374028254974,067cb52e-60b6-4c7f-b93d-ba67d806f2e9,fedex,1Z881CR2341233177,2024-01-31,2024-02-06,delivered
0fe82a1c-880d-4574-b861-00edaa17be2e,998dc442-e648-406e-be83-b420f2f81c01,9a7f238f-ff0a-4a46-9bc5-b76c045f34f7,ups,1Z045LG0926312838,2024-02-18,2024-02-20,delivered
12cfcef0-9496-4409-b076-cd874714a0c3,bdcb7837-cdfc-4de0-9309-f662b4e02620,2f1e95b4-aa81-4b55-926d-70531f59528d,ups,1Z359EC3342893156,2023-12-28,2023-12-29,returned
1fc41334-8e2e-4570-ad50-5917ae3cc9bf,5bc6f1ac-cd5c-4cb6-8ef8-0c26a047f7bc,675870cd-1868-4277-aeba-578addec8838,usps,1Z117QS0247079056,2023-08-18,2023-08-27,delivered
d9e06513-a634-4300-9163-228f2500026c,0d297b87-c857-4c75-adde-159ea8898d89,414c90e8-1f79-4fac-aa23-cea655b18828,usps,1Z588BC1126927834,2024-03-24,2024-04-02,delivered
67bae190-b8dc-4f83-97b5-8d018bb82aa0,227edd4d-8475-4f6f-8359-999ffb8afc22,ab993ac2-3403-4413-88ca-adf00cee0973,fedex,1Z980WI6195381181,2023-01-12,2023-01-13,delivered
820a1adc-d12d-4612-b72b-124ed7855dd5,d7a2a5f7-e90f-4925-be32-40ca7dbf847e,3b5e3aa9-ba0f-4938-8883-41d61182dc94,ups,1Z398PX0170188939,2023-08-08,2023-08-17,delivered
fbf48427-b693-4d18-ab0d-a4abd17e5890,3c62048b-fcc1-4df9-92bc-38f251c7ea1a,bf354916-9528-4db9-8189-f6524573c41b,ups,1Z230VJ6922526111,2023-11-26,2023-11-29,delivered
bac0da98-e201-43cc-8b3b-509e93dbc185,185a5cdd-4654-4e90-88d1-4001367bbfcb,fa42ec50-bf62-41ae-851d-68ee160f73ae,usps,1Z688ND3242992127,2024-02-26,2024-03-04,delivered
f167153c-9b23-4d7a-83ff-1e9d3f08858b,f7c7d3a6-f3c0-474a-879b-adc176b9d169,bd0b4a2e-3f75-46a1-bf8a-5a82594d70a4,usps,1Z364NS8402566390,2024-03-10,2024-03-12,delivered
6d88b57d-a410-43f5-a192-b655ed69a8d7,2caf6fd3-f083-4faf-ba8c-a384e0e9c1e1,bf354916-9528-4db9-8189-f6524573c41b,usps,1Z681ZB1307714113,2023-11-05,2023-11-15,delivered
5ebce1ab-9a6b-41a3-adeb-000faf79428a,acccf69f-9fb6-47a5-8e7f-fefaafcea3f0,3b5e3aa9-ba0f-4938-8883-41d61182dc94,usps,1Z337JZ5666139006,2023-11-25,2023-11-30,delivered
b6ed1e26-2c4a-4cce-8f99-b513e2e4f812,9d78167d-a5cf-4131-9299-5a7522bd264f,3b5e3aa9-ba0f-4938-8883-41d61182dc94,usps,1Z318PM8892411787,2023-10-03,2023-10-07,delivered
a7870363-809c-4a14-804d-c3d6152bb147,ffd79ab4-0dbb-4c4d-aaeb-b5db048c1e44,bf354916-9528-4db9-8189-f6524573c41b,fedex,1Z978QD5068861222,2024-01-12,2024-01-22,delivered
ddde6067-d9ef-4c18-8c92-621a1d875a03,9dd067ae-5ba8-48b8-b1e1-425149575435,bf354916-9528-4db9-8189-f6524573c41b,usps,1Z747ZP5594548623,2024-01-17,2024-01-25,delivered
e3555a55-1a96-4895-9f0e-fedadcaa150e,28afc00d-89db-4902-a706-c93c6fb28d66,90d6c40d-10d6-432b-99fe-bd1448f1aa57,amazon_logistics,1Z712HF4286046303,2024-03-24,2024-03-31,delivered
4b5c30b1-f4ac-4970-a1c4-fa3c31de19c5,d8be5f15-fabe-4ae4-91b7-8bf7dbd221db,30a760c5-971e-45bc-a486-1b9c5c6cb5b3,usps,1Z438MN2887483868,2023-08-26,2023-08-27,delivered
0a4314f7-cf47-4eae-9b92-241ee5fab333,81bf85b8-7eff-4691-bf19-208866aa112d,bbc4323f-7fdc-4913-8813-74f66d90fbff,fedex,1Z316QW9271250083,2024-04-17,2024-04-27,returned
8c97fd7e-5372-4fd4-9d2f-e7a13ff845b5,1f8e20af-2310-4e52-ae0a-33e9a61f1216,675870cd-1868-4277-aeba-578addec8838,ups,1Z941EL5002453543,2023-10-23,2023-11-01,delivered
c73a3dab-522c-436b-8c44-b796211a0b27,212a9b11-3838-47b7-8bbb-76d6bf0e3b97,bf354916-9528-4db9-8189-f6524573c41b,ups,1Z013BM2904658037,2023-09-13,2023-09-15,delivered
5b51b04d-ad60-43b6-ba0a-d536a2bc661a,c1213f3c-3f1e-4e55-8aac-d623f72eb407,fa42ec50-bf62-41ae-851d-68ee160f73ae,usps,1Z280GL0228635756,2023-12-17,2023-12-24,delivered
c24ad3bc-1a37-4673-8d53-a80c8deb2fa1,81942968-5947-4258-b101-995f446630d5,30a760c5-971e-45bc-a486-1b9c5c6cb5b3,ups,1Z704EP1426438246,2023-09-05,2023-09-08,delivered
36e6a725-07ef-4e28-9640-72de69e253d0,2eb021b7-512b-411a-b7bc-516a3f3b5a5e,675870cd-1868-4277-aeba-578addec8838,ups,1Z559JZ2496894139,2023-12-05,2023-12-11,delivered
43e9b7ba-803b-4e00-be1a-abaab0d4e52e,66da1db6-ad6f-45c1-a795-8a4252b2ba8d,186252aa-ede5-4d43-ae8c-afa67e2d2f41,fedex,1Z691GY4111325796,2024-02-27,2024-03-08,delivered
ae01189c-e657-4c49-aac3-c1140dbdc270,7e98b8e2-d849-4c35-a147-4d7c1783dc1f,bbc4323f-7fdc-4913-8813-74f66d90fbff,fedex,1Z622UI5371836753,2024-03-18,2024-03-27,delivered
5b89824c-1fe1-44d1-ac8d-9088a21cc797,fbac43ef-1690-4cba-b512-8d1c9815e7a0,bd0b4a2e-3f75-46a1-bf8a-5a82594d70a4,dhl,1Z250RE0961043066,2023-10-02,2023-10-08,delivered
5a7073c7-8917-4882-bac1-5fe233977bff,c9c1e5e7-2b75-4390-baf8-b698b0d7a7c6,fa42ec50-bf62-41ae-851d-68ee160f73ae,fedex,1Z164WN9269024987,2023-11-01,2023-11-02,returned
c808f9f4-d6fa-4539-ac03-99c9011c9340,3391b1ab-0c16-4c25-96f4-1a5dda802544,9a7f238f-ff0a-4a46-9bc5-b76c045f34f7,fedex,1Z031DB3752479574,2023-10-30,2023-11-03,delivered
a21a3e9b-6beb-44b8-8868-735904271438,e68ea92c-fb84-4e61-b347-8158cc4e5173,2f1e95b4-aa81-4b55-926d-70531f59528d,ups,1Z530IK1420337605,2024-01-22,2024-02-01,delivered
65c42f9c-f97a-437f-98ce-fef5c15a3c63,64c5bc8f-5e2e-453a-a969-f62826d30853,9a7f238f-ff0a-4a46-9bc5-b76c045f34f7,ups,1Z846DY7955442892,2024-02-19,2024-02-20,delivered
e8320c11-8b56-4c07-b53c-358da22a1da9,4df9cd24-8d39-4279-adbd-5504ee0705d6,bbc4323f-7fdc-4913-8813-74f66d90fbff,dhl,1Z681BZ7090426093,2024-02-23,2024-02-28,delivered
ea1889d4-1211-4354-afd5-fcf0fa005f2e,1dcea748-820a-4336-95ae-1e8f95243465,9a7f238f-ff0a-4a46-9bc5-b76c045f34f7,ups,1Z368SB6140017406,2023-05-18,2023-05-28,delivered
029cd721-3d0d-4f84-9b02-c1e491aab4a3,d557fd20-5d12-4ab8-a0f3-961fc1c15d1d,bd0b4a2e-3f75-46a1-bf8a-5a82594d70a4,dhl,1Z339HU6910190552,2023-05-18,2023-05-26,delivered
c9178b9a-8399-48f7-aa00-8369c47e5297,1cf13485-51ec-4670-9ca6-952aa7f91030,675870cd-1868-4277-aeba-578addec8838,fedex,1Z708YM7910861835,2023-08-18,2023-08-27,delivered
3178a332-118a-4bbc-8100-e4356cf00254,059ece42-965e-45de-8a18-11ec6b26c7d9,675870cd-1868-4277-aeba-578addec8838,fedex,1Z343EF0935328285,2024-03-22,2024-03-26,returned
b7a2957f-d005-4b9a-aca0-256f0f46e9ce,7e6e4b80-2198-4f08-aef9-fc6f7c0fc308,186252aa-ede5-4d43-ae8c-afa67e2d2f41,usps,1Z084HZ0892439942,2024-02-17,2024-02-21,delivered
5e086606-1d8a-4379-a609-a969eb5eda13,d0ff3a6f-4ab4-418c-af40-e4f73eafce39,675870cd-1868-4277-aeba-578addec8838,ups,1Z145TS6511542617,2024-03-04,2024-03-13,delivered
ef6d2022-d836-46e5-9093-42578160423c,9ad54b8e-6d0d-41bd-9923-40f16427b5b0,90d6c40d-10d6-432b-99fe-bd1448f1aa57,ups,1Z727UP9946803699,2023-07-22,2023-07-25,delivered
b88370b6-141b-4d7d-a238-cd997c8406e6,4faaa377-7433-4845-98b6-25c7b7415b5f,675870cd-1868-4277-aeba-578addec8838,usps,1Z517HZ4786884130,2023-04-16,2023-04-26,delivered
42eccf01-cc46-4298-b7a2-78429f52b25f,ab7c6a63-9115-49d0-b582-0c32b3e55d31,90d6c40d-10d6-432b-99fe-bd1448f1aa57,usps,1Z528BC4544990160,2024-02-14,2024-02-22,delivered
1e9e7358-9572-4866-8c38-eb751acb8387,8d9aaf5d-6753-4354-9644-27bcaea1ed66,675870cd-1868-4277-aeba-578addec8838,fedex,1Z269CB1031362683,2024-03-22,2024-03-31,delivered
0047b99b-1b23-4630-8b3f-4a61715a2426,0ed3e8c7-7679-4491-a49c-3421099e9c1f,675870cd-1868-4277-aeba-578addec8838,ups,1Z089VK8327804760,2024-04-24,2024-04-26,delivered
56c5ef2b-2cb9-4901-8242-d4fd225267f3,095c625a-f365-4de0-a4b9-24281d17a6a0,3b5e3aa9-ba0f-4938-8883-41d61182dc94,fedex,1Z996OC7925175855,2024-02-17,,in_transit
e3ea9c42-bfd9-4d39-926b-7a1a1a8a4615,560e43f7-a7ac-49c3-b5f7-f33917562cb4,bf354916-9528-4db9-8189-f6524573c41b,fedex,1Z229LR0779427845,2024-02-03,2024-02-07,delivered
aa53550f-7bbf-4c98-b22f-90bf1551ca0c,1f70a05b-4d2b-4f08-8e63-5df5eae3182d,bbc4323f-7fdc-4913-8813-74f66d90fbff,fedex,1Z812KA7062426987,2024-04-12,2024-04-14,returned
289c5c34-3d37-4a23-a836-3ebdef9f6b97,6393a577-c530-4fe9-8e88-57253b7fcc2c,bd0b4a2e-3f75-46a1-bf8a-5a82594d70a4,ups,1Z919KG9154957229,2023-09-18,2023-09-25,delivered
bac3b662-c7a4-48ca-8829-0114db8aa735,39c221e9-dd2e-4dfb-8362-25788bec9dd8,fa42ec50-bf62-41ae-851d-68ee160f73ae,amazon_logistics,1Z065TI4041773851,2023-06-25,2023-07-03,delivered
0c6f886d-2d70-4e2e-b0f6-259d08c8a4b6,19645be7-59d5-4826-96f6-189b5ed94508,2f1e95b4-aa81-4b55-926d-70531f59528d,usps,1Z508DE6804159998,2024-03-16,2024-03-21,returned
2d951be7-dda5-44b0-ba6b-9e6f57c5e555,fb1b2e2c-fe12-4d78-a251-baa9591822b8,186252aa-ede5-4d43-ae8c-afa67e2d2f41,usps,1Z785ZR5510476653,2024-04-26,2024-04-30,delivered
d487c3eb-ad78-47da-8653-6731ae2ad79e,6c9c0616-4037-4a11-99af-bb91fed1cde3,bd0b4a2e-3f75-46a1-bf8a-5a82594d70a4,amazon_logistics,1Z753BX9509436161,2023-10-18,2023-10-26,delivered
6d6dc8dc-d1cc-4e99-85d2-08bde420c35e,16d1ccff-9b5b-4c84-8bb2-311f0b7eac94,90d6c40d-10d6-432b-99fe-bd1448f1aa57,dhl,1Z820YG9072425888,2024-04-16,2024-04-21,delivered
dc977273-c9e4-488e-8e9f-744db2819571,21f4c376-0b7f-4f7b-8012-3cc365a42bd0,2f1e95b4-aa81-4b55-926d-70531f59528d,amazon_logistics,1Z766QH5616819206,2023-10-13,2023-10-16,delivered
db80a024-6847-4f86-a977-2fe723118fc4,85109421-ece9-4fec-b36a-02a091ee3ad2,bd0b4a2e-3f75-46a1-bf8a-5a82594d70a4,ups,1Z504AI3320824529,2023-02-27,2023-03-01,delivered
699509de-e00e-4ec6-bd0e-e5eb14aab1f0,92e5f29a-57ad-4717-afda-ea9b3f9970af,067cb52e-60b6-4c7f-b93d-ba67d806f2e9,dhl,1Z568NI7881984743,2023-10-04,2023-10-12,delivered
3179dfa8-9e58-423a-86f7-9b546ad817da,d4a8618c-6fd5-49ae-8581-b83f789ca159,17c4e490-aea6-450e-8341-edd09cb436b7,ups,1Z603RZ3066763947,2024-01-30,2024-02-09,delivered
af54747f-e98f-4324-a027-99049adaa4f7,34371af7-9b85-4ee6-b62a-96990ffec856,ab993ac2-3403-4413-88ca-adf00cee0973,dhl,1Z712ND2122307499,2024-01-24,2024-02-03,delivered
633d9a25-c3ec-49fd-bec1-ce7d6b5b49cc,f72f0b2f-49e2-475e-8fdd-cc079e08c7c7,186252aa-ede5-4d43-ae8c-afa67e2d2f41,fedex,1Z906XE1840377935,2024-03-09,2024-03-12,delivered
5d8fc5fe-6215-4db2-8181-e46436a909ce,4b4334c1-57d9-4666-8d80-a9a7470b3768,3b5e3aa9-ba0f-4938-8883-41d61182dc94,usps,1Z128MP8593008606,2023-07-19,2023-07-25,returned
d64ed2dd-5884-4495-82db-65671c751b7e,ce4ec952-65b9-46ee-8ab7-dae90c0c5ff7,ab993ac2-3403-4413-88ca-adf00cee0973,fedex,1Z104CY8943709175,2023-12-09,2023-12-19,delivered
b9ec0bfa-4e4d-4471-becd-682a061355b4,8deada7b-4972-4859-80d0-da4edb95f455,fa42ec50-bf62-41ae-851d-68ee160f73ae,usps,1Z007MY6630548878,2024-02-02,2024-02-07,delivered
d898865e-39b9-4674-b9e1-668b960b0425,7463b0ce-c0a4-4f23-acbb-7070a3f43992,fa42ec50-bf62-41ae-851d-68ee160f73ae,fedex,1Z575XX5534986690,2023-10-08,2023-10-14,delivered
05dd62d6-0f84-4bb3-ae97-d064cd5540ad,d7376612-39b0-4e18-ac3e-10157259df86,90d6c40d-10d6-432b-99fe-bd1448f1aa57,usps,1Z794LJ1040193623,2023-09-05,2023-09-14,delivered
a28d2fda-8a1b-4db6-8e03-9e2161a1e407,ff4f5144-cd62-43db-a107-918a3b323eb3,fa42ec50-bf62-41ae-851d-68ee160f73ae,fedex,1Z857PM5410538721,2024-01-07,2024-01-09,delivered
5bc91046-4d15-4aa9-b10d-d8626ad2901e,a30bb7d4-4bef-4ea0-bfac-e870f0aa4aec,90d6c40d-10d6-432b-99fe-bd1448f1aa57,ups,1Z874XF5468375906,2023-06-12,2023-06-17,delivered
958ccaff-b6a6-4ac7-847c-d99b2d260de2,9bc47a46-39e1-4590-84b9-75b845930a40,2f1e95b4-aa81-4b55-926d-70531f59528d,fedex,1Z831OA0490603434,2024-03-07,2024-03-11,delivered
99e3946e-743e-4ce3-a418-8d07b4390e61,51d2cde3-1083-40ed-8297-52ddc296c025,fa42ec50-bf62-41ae-851d-68ee160f73ae,ups,1Z914QK9485963465,2023-04-24,2023-05-02,delivered
869a90be-7034-4415-a80a-cc7497cfe2e0,243e6dc4-c796-4541-b644-642dac3edf4c,90d6c40d-10d6-432b-99fe-bd1448f1aa57,dhl,1Z052HU3236559963,2023-12-22,2023-12-30,delivered
4cb41a48-b9e7-4f52-b068-7f3edfe2baba,ad8877a6-11f1-4ff5-a6d7-af494ae5976a,9a7f238f-ff0a-4a46-9bc5-b76c045f34f7,ups,1Z973EP7303279888,2024-01-20,2024-01-25,delivered
07cb1f6a-deb8-4815-b713-1f0ce3a6a0d6,379de358-bc4c-4cb8-af70-fd8fd8eaa90f,bbc4323f-7fdc-4913-8813-74f66d90fbff,amazon_logistics,1Z020TG6448433517,2024-04-27,2024-04-30,delivered
20df798a-4687-42a5-8d29-0000c055dad7,3ef2bfb0-2423-4efc-aa63-f006237f8eb0,bd0b4a2e-3f75-46a1-bf8a-5a82594d70a4,ups,1Z746FA4309861893,2024-01-29,2024-02-05,delivered
8c790de6-4f75-4c73-ac7c-2f24c1db2588,2f628be7-a18d-4fa7-a56f-47bd0503093d,bbc4323f-7fdc-4913-8813-74f66d90fbff,amazon_logistics,1Z702RK8517359684,2024-02-14,2024-02-24,delivered
bd5e1186-d3e1-4b02-89a3-6525e0a42464,4a70427e-d067-4058-b12c-bdc357a34c8a,17c4e490-aea6-450e-8341-edd09cb436b7,amazon_logistics,1Z804UC4318719924,2023-11-12,2023-11-14,delivered
0e832339-7d75-405a-b6f9-a7cd8ff0eb1a,0bf9ca77-e33e-4790-80db-fd03d5c90e3c,30a760c5-971e-45bc-a486-1b9c5c6cb5b3,dhl,1Z079LS2257281311,2023-05-14,2023-05-16,returned
4f8c5c36-b5d3-41cb-8a76-7dfd8d010d09,ebca5009-2d02-46c4-8d52-ff8ae4047e39,fa42ec50-bf62-41ae-851d-68ee160f73ae,usps,1Z845VN8432737321,2023-08-15,2023-08-18,delivered
8d2aed7b-f10f-41ed-aee7-d07919856d2e,c208b5f6-4f7e-46ef-9ada-31fa87e40f1c,067cb52e-60b6-4c7f-b93d-ba67d806f2e9,fedex,1Z438ZG6202752040,2023-09-13,,in_transit
30a15dae-128c-4dcf-a420-1d1351b4ff1c,2dd24cb6-780b-4a1d-9f9e-c1fbbd0f46cd,2f1e95b4-aa81-4b55-926d-70531f59528d,ups,1Z923DN6116577283,2023-11-21,2023-11-27,delivered
b45d0d7a-73f4-41da-a625-fba63b91f299,b0a75b80-384d-4635-a7c1-fb1d025f8ca3,17c4e490-aea6-450e-8341-edd09cb436b7,ups,1Z406MH6599984950,2023-12-11,2023-12-15,delivered
54387393-33df-431d-b645-ea45f63e7eb6,0bac7d7f-8e35-4af2-ac76-de1a438fa1bb,186252aa-ede5-4d43-ae8c-afa67e2d2f41,fedex,1Z855XY2596989590,2024-02-05,2024-02-08,delivered
5ab374f5-bf27-411a-89e0-93d536c057e0,841d08ff-30d0-417d-a351-f5e979368eee,9a7f238f-ff0a-4a46-9bc5-b76c045f34f7,fedex,1Z886BU8977330992,2023-11-23,2023-12-01,delivered
0ccb3846-525b-4167-86a3-9d7beacacdd8,a5e63096-60c5-4cf8-96b4-a075c0f0bfb9,fa42ec50-bf62-41ae-851d-68ee160f73ae,ups,1Z476SZ0763476058,2023-04-09,2023-04-17,delivered
11b940ba-c169-4f43-b1a7-655151cf491a,89941553-52a6-4eee-b1e7-5e5250af6b1d,9a7f238f-ff0a-4a46-9bc5-b76c045f34f7,dhl,1Z375IY3940633678,2023-10-03,2023-10-12,delivered
71d17f74-597e-4188-a28b-a24dcdb5051b,30940ed2-4ad8-4e43-92e9-21ba6ceffdc1,067cb52e-60b6-4c7f-b93d-ba67d806f2e9,usps,1Z891NN4524779143,2024-04-26,2024-04-30,delivered
697ebfc3-0632-4ee7-aa02-da5645e14d88,28a72d4f-c7de-4347-bce6-fffd433a3063,fa42ec50-bf62-41ae-851d-68ee160f73ae,amazon_logistics,1Z844AH1674216296,2023-07-24,2023-08-02,returned
1f6e0352-75e5-42c3-af2e-45264cf08763,85e86203-0422-4810-b4e7-f5afa85abcc8,2f1e95b4-aa81-4b55-926d-70531f59528d,ups,1Z015YT1224563268,2023-02-06,2023-02-11,delivered
de0417f4-e656-4d9d-97a0-934aa9789d3b,49632978-72e4-4bc6-ac72-9c8c84c63ef3,bf354916-9528-4db9-8189-f6524573c41b,fedex,1Z651RE0415444657,2024-03-16,2024-03-23,delivered
84b7f989-e79c-4951-9b8a-0f6da6a7c6b6,35cf0d8a-0e4f-451a-963f-21828cc2640b,ab993ac2-3403-4413-88ca-adf00cee0973,usps,1Z988PT8920584194,2024-04-12,2024-04-13,delivered
cdf8bcbe-1172-468c-8f29-881c27a745ec,23122f65-7afe-4884-83d0-913bafaf0f98,17c4e490-aea6-450e-8341-edd09cb436b7,usps,1Z936FK2855518763,2024-02-11,2024-02-18,delivered
945853e3-a549-4486-804f-8044473606f1,57d7b7bc-a4d0-4b46-be41-a7119252dcc4,414c90e8-1f79-4fac-aa23-cea655b18828,fedex,1Z765SL3103706382,2023-08-23,2023-08-27,delivered
78168d8e-4ade-41a7-99a9-b717db25657d,fd3f32eb-16dd-4b7c-89b1-efc4bb47de11,30a760c5-971e-45bc-a486-1b9c5c6cb5b3,fedex,1Z708GM8972960630,2023-10-03,2023-10-12,delivered
c0ff50fd-28c7-483d-a192-6f32df4ecf05,5706f484-fa74-40f3-8bc8-bf2db4a66345,30a760c5-971e-45bc-a486-1b9c5c6cb5b3,fedex,1Z493CF9881656777,2024-02-15,2024-02-20,delivered
efab9f88-ac59-4165-83e0-061dc5072793,42cb7fc9-969d-4900-aa7c-0a6634913fa5,bd0b4a2e-3f75-46a1-bf8a-5a82594d70a4,fedex,1Z376WW9857705932,2024-04-25,2024-04-27,delivered
c91d137f-6c3f-4aeb-9ab0-dbc31d6246b9,44043649-4669-41f1-a017-0b1236e8a01a,30a760c5-971e-45bc-a486-1b9c5c6cb5b3,fedex,1Z973HI2768424604,2024-03-13,2024-03-16,delivered
f4034d06-578e-409a-b7a3-1c8a685b9a03,38e66e96-8fe1-433b-9328-8830df89e1cc,2f1e95b4-aa81-4b55-926d-70531f59528d,dhl,1Z890OG5741261318,2024-02-05,2024-02-09,delivered
f50b7631-69a4-4978-af49-b906c58c6f72,11c21c0c-cf1a-4da9-b964-c907a172b92a,fa42ec50-bf62-41ae-851d-68ee160f73ae,fedex,1Z470ZO4865287502,2023-01-27,2023-02-06,delivered
2763880d-6476-4971-9d02-ca225cde5ce1,9f1c8f44-0ecc-44a1-a973-19528ddd61e9,3b5e3aa9-ba0f-4938-8883-41d61182dc94,ups,1Z469BT0285563549,2024-04-15,2024-04-16,delivered
9d5e4d96-9f9e-4343-8363-51ceadb995c5,b73831de-3774-4c63-818e-45b4d36d7f01,3b5e3aa9-ba0f-4938-8883-41d61182dc94,amazon_logistics,1Z537CS3788699821,2023-03-03,2023-03-07,delivered
7e7e02a7-99af-4dc1-8b42-bd484cb0d38e,ca1a5b52-4a93-468d-9b9f-456c1fbcb8a2,186252aa-ede5-4d43-ae8c-afa67e2d2f41,fedex,1Z633YV6282721578,2024-03-11,,in_transit
7236a9ca-c61c-467a-afa9-d7c339597698,cecee48e-6866-47b5-b44b-787173e5eecc,3b5e3aa9-ba0f-4938-8883-41d61182dc94,fedex,1Z726WD2314776297,2023-09-04,2023-09-14,returned
f4759be1-cfd6-4619-9a30-0104a97059c3,78b6b971-9cec-4479-a51f-4fa67ec82617,90d6c40d-10d6-432b-99fe-bd1448f1aa57,fedex,1Z947MN4345473054,2023-08-13,2023-08-14,delivered
8b4a23c0-39cc-40fe-a065-6dce6b570a54,db0e2e2c-f69e-46ae-ab40-8ec4ecbfd8f6,9a7f238f-ff0a-4a46-9bc5-b76c045f34f7,dhl,1Z497UJ4828032680,2023-11-18,2023-11-20,delivered
4ab7bcb5-2d3e-4838-b658-db9fb18d996d,5bdf7b3c-b296-4e02-bf3e-a3096f0c4bda,30a760c5-971e-45bc-a486-1b9c5c6cb5b3,ups,1Z099DX4092243053,2023-10-30,2023-11-01,returned
8bc12b93-32df-465d-83c1-27c74515ae00,1504d46a-5c0b-488f-ac98-bf9e68ab914d,9a7f238f-ff0a-4a46-9bc5-b76c045f34f7,usps,1Z397GU7274527565,2023-08-23,2023-08-28,delivered
413153d9-06a7-4341-be3c-3094c61b5c15,6493449e-5558-4624-997d-2afd4b5fffa0,30a760c5-971e-45bc-a486-1b9c5c6cb5b3,usps,1Z550JE5286994652,2023-12-28,2024-01-03,delivered
0eb84072-5e72-4004-aa9f-fde7d313a047,1c7c461a-6924-4348-ab7b-a7b4cfbb911e,ab993ac2-3403-4413-88ca-adf00cee0973,fedex,1Z378AG6947997125,2023-10-21,2023-10-31,delivered
65f4535a-1d97-48ef-9512-d7247dc5c45d,c7475977-4c87-436d-b29b-393d543bc668,675870cd-1868-4277-aeba-578addec8838,amazon_logistics,1Z784NQ0308099246,2023-07-31,2023-08-10,delivered
c8df3276-fbcf-4627-b500-433ed96ec8c9,518dca80-fdd7-493e-bdd5-2f2389a60e76,bbc4323f-7fdc-4913-8813-74f66d90fbff,dhl,1Z917MM5684993720,2023-11-25,,in_transit
557a842a-9437-41fd-9b36-52cf4aa40bc1,3cafc9d1-4380-4bc8-9ecd-df0fb8c75ce3,bf354916-9528-4db9-8189-f6524573c41b,dhl,1Z095SX3378176020,2024-01-15,2024-01-24,delivered
952d5600-18aa-48d8-95e3-bffc73bd2821,e27b65c4-6de2-4918-b236-534e6c25e5aa,675870cd-1868-4277-aeba-578addec8838,ups,1Z358VD7571919552,2024-04-30,2024-04-30,delivered
cf8e3917-d3dd-4005-a264-5a23b554f749,9129af4c-55f6-44ad-9754-2a73e51897ef,bf354916-9528-4db9-8189-f6524573c41b,ups,1Z830TQ5073660480,2024-04-21,2024-04-23,delivered
96d54c4c-54d5-42b3-b710-f80d738f4c9e,730c108e-6afb-4fef-bfa3-67bfede78380,9a7f238f-ff0a-4a46-9bc5-b76c045f34f7,dhl,1Z034IL7963244347,2024-01-21,2024-01-23,delivered
1cd171e0-857c-4c1d-b797-a035a51dc564,5dcb1627-645e-4543-8cde-8842bfbc8615,3b5e3aa9-ba0f-4938-8883-41d61182dc94,fedex,1Z745JX8851459511,2023-01-15,2023-01-18,delivered
25bfedd1-ac85-4a54-a481-f5149a801ec7,ae78d47c-f120-4934-a78b-e37611946bea,bbc4323f-7fdc-4913-8813-74f66d90fbff,dhl,1Z969UF1382698065,2024-04-15,2024-04-20,delivered
1af35b47-8da7-4b78-8e97-820ea584ee3d,f862d88f-4b4b-46a8-b767-32ce4f4f877a,3b5e3aa9-ba0f-4938-8883-41d61182dc94,usps,1Z366ZE9724948128,2024-01-23,2024-01-24,delivered
006c701c-83ec-489d-9925-b59699d56f12,f83a756f-fe2e-47a8-880c-3616a987e64e,067cb52e-60b6-4c7f-b93d-ba67d806f2e9,ups,1Z975RI5964852111,2023-02-11,2023-02-21,returned
e33903ed-8006-4e03-b4be-43aefa2fb17c,ef794615-8534-4f2d-a3f6-afe14636ca56,675870cd-1868-4277-aeba-578addec8838,usps,1Z328DM6006410971,2023-12-06,2023-12-13,delivered
281cb57b-32e0-4f73-b625-64b507a182cf,b9e43d8d-beeb-46c4-bdfe-92dc6a49b3a1,067cb52e-60b6-4c7f-b93d-ba67d806f2e9,usps,1Z207ZV7614885230,2024-04-18,2024-04-25,delivered
bd016b60-b3e9-4f4b-8050-af2b5c09da02,4c2230dc-8dea-4719-93c5-f2b4ef5ae459,067cb52e-60b6-4c7f-b93d-ba67d806f2e9,usps,1Z329TI6536277050,2023-01-20,2023-01-22,delivered
f25eb7e8-ca76-4d3d-b16b-5a2c889fff0b,ed11a824-fc27-4037-8136-ba4acf51a01d,3b5e3aa9-ba0f-4938-8883-41d61182dc94,ups,1Z697NT6975160317,2023-12-14,2023-12-18,delivered
7e6d1e72-408e-4970-9955-fb0c38e9f1a4,b0a95a3c-d6d4-413d-9d69-e414e1739806,90d6c40d-10d6-432b-99fe-bd1448f1aa57,ups,1Z356LH1086695234,2023-07-02,2023-07-08,delivered
d2bdb5e9-0b9b-4dd7-bc3a-878ee2ee75e3,91161d18-0b1d-456d-bfa7-5a19a6a66164,30a760c5-971e-45bc-a486-1b9c5c6cb5b3,ups,1Z443ZZ3395157120,2024-03-20,2024-03-27,returned
a7324d4d-5de6-4836-b417-108b9cf4a1a1,d53ec585-1d8b-4ae6-8ccd-f82c7dd22508,067cb52e-60b6-4c7f-b93d-ba67d806f2e9,usps,1Z080BJ1238363740,2024-04-09,2024-04-12,delivered
5487433f-04da-4cad-87d7-b83b2241c637,5c1f73fa-ac74-4f84-aa56-b19406799328,bbc4323f-7fdc-4913-8813-74f66d90fbff,ups,1Z384YY9109678028,2024-02-04,2024-02-14,delivered
fa3f78e2-70d3-4128-9450-1f80b96ba819,96a0ac22-4921-4384-978e-3fe2e66976a6,9a7f238f-ff0a-4a46-9bc5-b76c045f34f7,ups,1Z197OO2322210294,2023-12-09,2023-12-10,delivered
7b0b5fa5-9a11-4cc1-9822-d1e7679cccb8,19db3384-b374-4ad3-8d97-0c05e7f9c496,bf354916-9528-4db9-8189-f6524573c41b,fedex,1Z307SX7665329117,2023-05-16,2023-05-25,delivered
fb97aa58-0005-4707-8a33-3eb20aef6156,3bb827d9-c18e-4cb9-9dec-d33321182bdf,675870cd-1868-4277-aeba-578addec8838,fedex,1Z749ZM8986635417,2024-01-16,2024-01-25,delivered
88c69566-9e0f-4e8e-b2f0-70916197f3e7,ee6a70ce-eef1-4bc2-90de-99ee3010fbfd,675870cd-1868-4277-aeba-578addec8838,usps,1Z696NZ0854406426,2023-10-08,2023-10-09,delivered
efcd6eb7-149b-4f17-ba41-60a4be4fcae5,1eb24cd2-f7aa-432b-8fb9-0d8e11a7ec95,bf354916-9528-4db9-8189-f6524573c41b,fedex,1Z573RT8990105596,2024-01-12,2024-01-15,delivered
fb11821e-30b7-4d0b-b748-40dd395fc03c,653b8995-a2cf-4498-a9d0-0549595b3010,bbc4323f-7fdc-4913-8813-74f66d90fbff,fedex,1Z388VM5452695359,2024-02-21,,in_transit
8a01bd89-7ddf-4428-a5a0-5c414fc8c6d3,1b7bdc85-8847-4e33-bac2-2675d93faed2,2f1e95b4-aa81-4b55-926d-70531f59528d,fedex,1Z688DX8401840867,2023-10-03,2023-10-12,delivered
6671ff84-3b1d-4434-9c29-9bca2a554fa6,f01ee81b-481c-448e-b29e-4de93f304860,9a7f238f-ff0a-4a46-9bc5-b76c045f34f7,ups,1Z932VF0049796982,2024-01-14,2024-01-19,delivered
9ae233a1-a4a3-4fa3-a4ef-e0167afde14d,cb94a165-51b8-46a4-bb3d-d762cc2c8f87,90d6c40d-10d6-432b-99fe-bd1448f1aa57,usps,1Z554LZ6395410299,2023-08-15,2023-08-16,delivered
3ea39706-4c5d-45cc-ad1b-6f7a691c5487,4ee2099f-690b-4092-86a6-4f5195003665,bf354916-9528-4db9-8189-f6524573c41b,ups,1Z026CF4038321176,2023-11-12,2023-11-19,delivered
b74ee2ef-6172-4226-96f4-cd0bafe64b1d,d2b3b45f-6b6b-456c-bc85-90cbd4fe0240,186252aa-ede5-4d43-ae8c-afa67e2d2f41,fedex,1Z200NA4949285666,2024-04-24,2024-04-27,returned
39411717-4b89-4c0b-a236-6fd414de6697,40d430da-5116-483a-875f-fbf9b952b244,ab993ac2-3403-4413-88ca-adf00cee0973,fedex,1Z995ET2948944524,2024-01-22,,in_transit
5f786167-c01e-4bf1-b15a-7676df9c02b9,077aa069-8d66-4a99-b6ba-8b3beee2ee69,9a7f238f-ff0a-4a46-9bc5-b76c045f34f7,fedex,1Z186DC7237407966,2023-04-05,2023-04-10,delivered
17e32500-9d36-4509-8f3a-8341a76a5b7d,0a4722e2-1cc8-441e-94f3-2ca5173b97df,3b5e3aa9-ba0f-4938-8883-41d61182dc94,ups,1Z418TK6450863509,2023-10-15,2023-10-25,delivered
b942cf3e-c8f4-4df7-9a8a-65a8fd116f96,75ef4f15-2b1a-4f76-8655-5c4ae009c525,90d6c40d-10d6-432b-99fe-bd1448f1aa57,ups,1Z342DM0396878712,2024-04-24,2024-04-30,delivered
bbf507bd-72fb-430f-bfec-89b81d1a25d3,f32c1dd2-a6ff-4fd9-a3c6-ec3006eb9560,067cb52e-60b6-4c7f-b93d-ba67d806f2e9,amazon_logistics,1Z709PB3315689352,2024-02-13,2024-02-22,returned
0ae2b6a4-feaa-4c2e-bf54-903b62bc3fee,c5c32e38-5d52-428e-89ed-41d3d83938cf,90d6c40d-10d6-432b-99fe-bd1448f1aa57,usps,1Z229QF3128574990,2024-02-01,2024-02-05,delivered
7a4903f9-48d0-4e32-9ebf-ca1a3d9bd5ae,139e8e79-693d-46de-9891-8d068daa4376,9a7f238f-ff0a-4a46-9bc5-b76c045f34f7,usps,1Z777LD0391962719,2024-01-11,2024-01-14,delivered
0bc0c24e-496e-44be-b792-6fcd87a78c92,73bce911-1d53-4be2-946c-0eeeb25357c1,067cb52e-60b6-4c7f-b93d-ba67d806f2e9,usps,1Z108LT6308442952,2023-11-08,2023-11-13,delivered
84027678-a348-4d86-8983-a30220eed006,4e2a7653-55dd-4960-8a94-38a0296834f5,3b5e3aa9-ba0f-4938-8883-41d61182dc94,fedex,1Z095FN0035239599,2024-03-13,2024-03-19,delivered
32005091-bed9-4e2f-92dc-f977fe85184d,c518a566-bcaa-4325-a2a7-93c3d8794cbd,bf354916-9528-4db9-8189-f6524573c41b,fedex,1Z969OH8536595141,2024-04-24,2024-04-30,returned
640a649e-9049-466d-bac0-ce800848d64d,5fd87108-a207-4d55-80f5-0606eb4c946b,fa42ec50-bf62-41ae-851d-68ee160f73ae,amazon_logistics,1Z731MC6078235499,2023-07-19,2023-07-24,delivered
716fa527-89f6-4754-94af-3a56155b709c,4d06c679-2015-4ef1-a8ad-2c83b6b3de8c,bbc4323f-7fdc-4913-8813-74f66d90fbff,usps,1Z186OG7633227506,2023-10-05,2023-10-15,delivered
cc5712d2-5838-4051-a6b3-ea244de80c4b,24cd484c-4474-492b-937b-448e41cbdb46,90d6c40d-10d6-432b-99fe-bd1448f1aa57,usps,1Z231SK9389222469,2023-12-06,2023-12-10,delivered
2dc32e96-a754-4733-a245-9f4a0bd99e94,fb0197c5-6200-42a8-a162-fd110e663b65,186252aa-ede5-4d43-ae8c-afa67e2d2f41,amazon_logistics,1Z281JO4492652482,2023-12-02,2023-12-09,delivered
6555a017-7e44-4c58-9aa6-c606a5507528,b31017fb-0508-452d-960b-178d08567652,067cb52e-60b6-4c7f-b93d-ba67d806f2e9,fedex,1Z615DK1822774068,2023-08-24,2023-08-29,delivered
46aa8a1c-1d68-48cb-8b6d-54f7950e9bad,4fa0c26b-ff48-4651-9683-5dba7bb3a5e1,bf354916-9528-4db9-8189-f6524573c41b,ups,1Z635IG0049695248,2023-02-10,2023-02-17,delivered
63d6c2aa-8507-4196-977a-7c5a8c4f6504,5782da0d-b3ab-49e0-9832-15745b3263eb,9a7f238f-ff0a-4a46-9bc5-b76c045f34f7,ups,1Z683UO5834335590,2024-03-12,2024-03-21,returned
0aa4bb12-018a-4a7b-bebe-3f60dc042668,1f7cbb7d-ff23-4b73-8ecc-1b3f57a87b05,bf354916-9528-4db9-8189-f6524573c41b,dhl,1Z834XB2554510264,2023-09-27,2023-09-29,delivered
7e3f7778-593a-4d18-8680-b05296f18c23,a39a6f90-1349-437e-bd78-caf8814bef8a,17c4e490-aea6-450e-8341-edd09cb436b7,usps,1Z811GE0692290932,2023-09-23,2023-09-27,returned
59779ec2-50f0-4922-beda-f3cc37600fb1,3cb341f1-6b67-406d-a59f-ecd62d8a75fe,414c90e8-1f79-4fac-aa23-cea655b18828,fedex,1Z912EU3353875614,2023-11-22,2023-11-26,delivered
8c6a5ed5-2b8c-40d1-a045-b42c1a2b9e2f,13511496-8933-4412-9e0a-20a86a73a932,bd0b4a2e-3f75-46a1-bf8a-5a82594d70a4,fedex,1Z883OC1435177287,2024-02-13,2024-02-19,delivered
8a3835a8-1d53-4937-b7c3-e37f11527ce7,2765c404-5ed6-4166-a42d-3f028c681429,675870cd-1868-4277-aeba-578addec8838,ups,1Z936HA3759617264,2024-02-21,2024-03-02,delivered
fab210c0-6cd2-49b2-b215-874a0ada8162,19c9e726-b4a1-4484-a2c0-19ecde18ed06,ab993ac2-3403-4413-88ca-adf00cee0973,fedex,1Z872MJ4023171698,2024-04-19,2024-04-23,delivered
8b8c34d0-b3ae-4912-82ba-4887b5b07f75,10f54c1b-4d90-4d4c-882e-20fc0d329845,186252aa-ede5-4d43-ae8c-afa67e2d2f41,usps,1Z323IJ5442336706,2024-02-23,2024-02-27,delivered
ee587303-eb1e-404f-9ad6-dd181c69e661,c6b72ab9-9ecf-44ee-a69a-dccc926b757b,bd0b4a2e-3f75-46a1-bf8a-5a82594d70a4,ups,1Z863HB1537018761,2024-04-30,2024-04-30,delivered
08b4ee99-f22c-4079-913a-bd66e65964c0,2c89d790-d430-47a1-ada4-efd5456c0978,3b5e3aa9-ba0f-4938-8883-41d61182dc94,usps,1Z515LK8749339827,2023-10-20,2023-10-27,delivered
ae6d2512-69a9-415d-8104-286aa5aae9bf,b4937343-17b7-4c92-bc03-5e0395043bae,186252aa-ede5-4d43-ae8c-afa67e2d2f41,ups,1Z499BU6647371709,2023-01-20,2023-01-30,delivered
4a1e8c17-ab47-4642-9e16-03d387d24cae,5b21f31e-83c7-421b-a363-54fffbff6c2f,3b5e3aa9-ba0f-4938-8883-41d61182dc94,fedex,1Z519TK1674572980,2023-11-14,2023-11-15,delivered
8f57e29a-df0b-4877-95b1-922433f3557c,63547c8d-6ee4-4a17-8544-b0e44c88985f,fa42ec50-bf62-41ae-851d-68ee160f73ae,ups,1Z378RF3028051539,2023-09-15,2023-09-22,delivered
06ddb523-e359-45e7-be8d-2e5f532b45f3,88a29503-6a99-4cbe-8122-11f35d61e012,17c4e490-aea6-450e-8341-edd09cb436b7,fedex,1Z543GC0146348213,2023-11-19,2023-11-26,delivered
a192d3e1-d74c-4a0d-99ef-6d682258aed5,c9a242f3-b002-47e7-95f8-0c330f4f60f9,186252aa-ede5-4d43-ae8c-afa67e2d2f41,fedex,1Z339MG4776346019,2023-07-27,2023-07-28,returned
008e9710-9259-4f4e-9ef3-795a0639d524,2a625d9c-2fbe-4e22-bdd4-ad5658c1dba2,9a7f238f-ff0a-4a46-9bc5-b76c045f34f7,fedex,1Z137BG4395840762,2023-06-01,,in_transit
ec2c99e2-4d12-4bbf-94a3-b825725e2ccb,3f376e66-ab1b-47a0-b57e-67df52efb53d,2f1e95b4-aa81-4b55-926d-70531f59528d,fedex,1Z068UP6696205271,2023-06-21,2023-06-22,delivered
05bd3717-41e5-42f1-931f-0abd0daf14fe,7b761e7f-1b30-430f-b200-ccb23fa361cb,9a7f238f-ff0a-4a46-9bc5-b76c045f34f7,ups,1Z826VF9359880626,2024-03-15,2024-03-19,delivered
65186f23-074f-41fd-a215-236050d1e723,84155393-f2f8-4e34-aa5d-df3aec4428a1,ab993ac2-3403-4413-88ca-adf00cee0973,dhl,1Z995XR2429363947,2024-04-28,2024-04-30,returned
a4641dea-5ad7-49cb-9d86-4d82cf7caf7c,7599ba42-3768-44ab-bf42-70e267add219,bd0b4a2e-3f75-46a1-bf8a-5a82594d70a4,usps,1Z725BJ7352796239,2023-01-27,2023-02-02,delivered
3c6709d2-a05f-4b9c-ae30-4738a188347e,cdda009f-b6f9-4cfd-9873-13a8b28c93b8,2f1e95b4-aa81-4b55-926d-70531f59528d,dhl,1Z231GC7542520580,2024-01-09,2024-01-17,delivered
9bbee03b-af29-4964-976c-eaec28ba7689,70293f8d-a3c5-45c7-bf16-cbe5387bc082,067cb52e-60b6-4c7f-b93d-ba67d806f2e9,amazon_logistics,1Z699NV0680861571,2023-01-31,2023-02-09,returned
e1398a86-eb1c-4562-8728-16f7a466928b,08130c6d-1a6a-4c88-b927-4c73b4462570,90d6c40d-10d6-432b-99fe-bd1448f1aa57,fedex,1Z257AJ6893578247,2023-12-07,2023-12-09,delivered
bf74a970-ad83-452b-864a-81df4415bcd3,f4db1a65-dd93-4884-8f08-7a14ec410ffa,17c4e490-aea6-450e-8341-edd09cb436b7,ups,1Z853KS1147601369,2024-03-08,2024-03-12,delivered
3fdb3eb5-bbad-48e7-a045-f41ecf430c38,bb4002a9-74bd-4c1c-990a-8e109dfb7660,675870cd-1868-4277-aeba-578addec8838,dhl,1Z144PO5221992057,2023-06-29,2023-07-05,returned
a752cffb-ba9a-49fb-ac84-4fe928db7cb8,da93daf9-3a65-4a32-850d-7e86741cd0b7,9a7f238f-ff0a-4a46-9bc5-b76c045f34f7,usps,1Z270TB5542892851,2024-04-11,2024-04-21,returned
05c0f4cd-8f91-4b3a-a719-d8745561ceb1,046e06fe-0e31-45f8-a8fe-c12c20dc0120,9a7f238f-ff0a-4a46-9bc5-b76c045f34f7,usps,1Z235YZ5239412497,2023-11-16,2023-11-19,delivered
a0b9babe-1a74-4f42-bc02-84b4c96206cb,96f5a8c1-e5ca-4f3e-901e-f6d343547ac2,90d6c40d-10d6-432b-99fe-bd1448f1aa57,amazon_logistics,1Z736SN3672976820,2024-01-19,2024-01-26,delivered
b9d5c019-68ba-407f-a67f-b2c4b8d279e2,b9d8c99e-b9db-4570-a6dd-08dc29b204ff,bbc4323f-7fdc-4913-8813-74f66d90fbff,amazon_logistics,1Z969VL9765954545,2024-03-04,,in_transit
73d12100-d5e3-4664-8312-21616ad2d28c,6c01f9d6-bec3-4590-886b-8cd7d25e7050,bf354916-9528-4db9-8189-f6524573c41b,usps,1Z093YT4163222151,2023-12-06,,in_transit
76b05bdb-df7c-4f2e-8626-4ddc2a58604e,168a536d-74dd-4ab7-992e-c4286d8837cc,90d6c40d-10d6-432b-99fe-bd1448f1aa57,fedex,1Z289JY0882974718,2024-04-26,2024-04-30,returned
0cc3b5fd-8894-48fb-ae39-a84df7b7b723,49c88b8e-ad47-4587-941e-95db5f77e6a7,fa42ec50-bf62-41ae-851d-68ee160f73ae,ups,1Z270HO0392427103,2024-03-26,2024-04-03,returned
40f3c1ba-49ae-4b0d-8b0b-fdbcffa2b16e,23579dd0-1aae-4540-8a49-52c2b68d50b4,17c4e490-aea6-450e-8341-edd09cb436b7,ups,1Z337PY4751193405,2024-04-01,,in_transit
6100822b-d451-4bab-b1a1-500ae558dc9d,7f89497c-ccc2-464f-8301-16e823cefe8d,675870cd-1868-4277-aeba-578addec8838,dhl,1Z606TA4389229027,2023-06-04,2023-06-07,delivered
90b42167-142d-4462-90be-9a03503179c6,9ca511e8-53c3-4de7-90d1-de37cd4525fd,bf354916-9528-4db9-8189-f6524573c41b,fedex,1Z816TN2202743564,2023-12-20,2023-12-25,delivered
8d6c5871-6ab5-463d-bfc7-1be2f29e6707,09e63c5f-7400-4fbb-a120-152d50904697,3b5e3aa9-ba0f-4938-8883-41d61182dc94,fedex,1Z550YM5318932035,2023-08-21,2023-08-29,delivered
3d484ce3-ba55-416b-87a8-3c7956fce9d1,b299ac1e-fabb-448f-ba40-61a5404ee866,414c90e8-1f79-4fac-aa23-cea655b18828,usps,1Z346NT8415904138,2023-10-12,2023-10-19,delivered
7cddab8d-6a1c-401f-b81b-230ec6ccbc1f,03c7a963-fb91-4121-b638-740eb4c54cac,067cb52e-60b6-4c7f-b93d-ba67d806f2e9,dhl,1Z876ER1974152711,2024-04-15,2024-04-17,delivered
1f519b90-9d02-46d0-80ec-4f3e8c8a6cec,db99a8b4-4f77-4e62-a7e6-27bfe0b95c20,414c90e8-1f79-4fac-aa23-cea655b18828,amazon_logistics,1Z046RL2784018063,2024-01-28,2024-01-31,delivered
a7ade5a4-dac1-48ec-8eee-f20d1fa68ee4,903196da-e18a-4d12-8cb9-2079a7786589,bd0b4a2e-3f75-46a1-bf8a-5a82594d70a4,fedex,1Z896NI9854634900,2023-11-29,2023-12-06,delivered
49819589-462c-476b-b286-51cf4c7db397,8747d7bb-23c0-4d9e-b511-c11ddf79c3fb,9a7f238f-ff0a-4a46-9bc5-b76c045f34f7,fedex,1Z775FS4167222585,2023-11-01,,in_transit
80e72f19-cca3-4686-ab22-d3184e5bc5bc,9461289c-a7d6-4135-9583-74d7f68a66df,2f1e95b4-aa81-4b55-926d-70531f59528d,usps,1Z086TI1040030451,2024-03-07,2024-03-15,delivered
fc955688-78de-4544-b534-66b5a1bdaa1b,7ad8b920-6632-4c71-b307-ef0afdd79e68,067cb52e-60b6-4c7f-b93d-ba67d806f2e9,ups,1Z504CJ8331386202,2023-09-15,2023-09-20,delivered
93c4cf78-9d6c-4ade-9f6e-5381b9847b37,006c09ed-acd5-43db-b051-78faf5b00112,2f1e95b4-aa81-4b55-926d-70531f59528d,ups,1Z258XH7728468071,2024-03-04,2024-03-10,delivered
d5762349-b9d0-41e5-a1b0-4b25126fa071,a183fe1d-bc7b-4a35-8ac3-df4c498582e4,2f1e95b4-aa81-4b55-926d-70531f59528d,usps,1Z148HO6466316410,2023-08-13,2023-08-15,returned
7d52b789-eb66-4911-9b7a-f58b3e66fcb6,c6eb32e1-8062-4570-afb5-aa8824d295bc,186252aa-ede5-4d43-ae8c-afa67e2d2f41,ups,1Z144AY5926963364,2023-02-04,2023-02-05,delivered
73e81a7e-4c97-46e9-a83d-d8fe8860a1e4,85fb81aa-a81f-4d99-9133-cff93912bf07,ab993ac2-3403-4413-88ca-adf00cee0973,usps,1Z102MA8026556613,2024-04-30,2024-04-30,delivered
4d7b0053-7c1d-46cf-9ef2-e6bb2069e1a0,e6243a95-6f72-4afa-876f-e1e3ab01bea5,3b5e3aa9-ba0f-4938-8883-41d61182dc94,usps,1Z540SC1583372440,2023-03-15,2023-03-16,delivered
4d67f6c0-b3f2-4a4a-925b-cfbc35222968,4d8c90fb-7f80-4ab8-99b3-98764f869462,3b5e3aa9-ba0f-4938-8883-41d61182dc94,ups,1Z913AA5187493533,2023-11-20,,in_transit
b4981d00-cc1f-46c5-ac1f-ba437a9ca1a5,4263b9dc-df4a-4fe3-a978-8cfa3c4eb3d9,2f1e95b4-aa81-4b55-926d-70531f59528d,ups,1Z345VF2575563972,2023-10-07,2023-10-14,delivered
68dc76f8-9ab4-494e-9e58-8c6f1c5d942d,575da41f-9940-453f-946e-55dd0edf5c05,675870cd-1868-4277-aeba-578addec8838,amazon_logistics,1Z556AE8210402727,2023-10-13,2023-10-17,delivered
0e6c78fd-7d85-4e7e-8575-79b42f16993f,43968351-050e-4d34-b509-c90e63f710a4,17c4e490-aea6-450e-8341-edd09cb436b7,usps,1Z123SA6663837276,2023-08-22,2023-08-30,delivered
fcbbba16-457f-46a1-bb17-b0f2d980ddcf,88ccd786-089c-4c1a-8038-c87f74a5215d,9a7f238f-ff0a-4a46-9bc5-b76c045f34f7,ups,1Z195WI6489984525,2024-04-22,,in_transit
f14c786c-0e01-4104-950c-6cf9f274ab1c,e8117013-a3fb-4f95-a3c2-0c35176ea9e6,3b5e3aa9-ba0f-4938-8883-41d61182dc94,ups,1Z879HL2696242487,2024-03-27,,in_transit
c840fc4b-3011-4ef3-b473-5d03e366008f,cd7b92a1-f016-48b5-b4b5-24d6002f1740,fa42ec50-bf62-41ae-851d-68ee160f73ae,ups,1Z104OV4888591639,2024-03-02,2024-03-12,delivered
0be3121e-bc02-42d4-bf9d-90e6ca889706,99bea604-4a0d-4ed7-84d8-b1ce35e33ee7,067cb52e-60b6-4c7f-b93d-ba67d806f2e9,dhl,1Z351NC2839310462,2023-02-14,2023-02-23,delivered
f11e239b-3453-43cf-a3f9-26303933380b,f9932e26-bc4d-47cf-833d-669441931013,90d6c40d-10d6-432b-99fe-bd1448f1aa57,ups,1Z684BF9547812020,2023-02-17,2023-02-20,delivered
d29dd01a-5946-474f-a7bd-fdeaa45de437,03e67b25-ff0d-49be-b6da-3260d496d90b,9a7f238f-ff0a-4a46-9bc5-b76c045f34f7,ups,1Z750JQ1372331628,2024-02-24,2024-02-29,delivered
42a7f3fb-80f3-4224-8847-c6fe43e6e113,24f77830-c5c2-48a0-92e9-6ec424d418d1,17c4e490-aea6-450e-8341-edd09cb436b7,fedex,1Z566MY2865192504,2023-03-12,2023-03-13,delivered
32040620-3ab2-4ff1-9fcf-6d46cbaacbf9,9f83c0fc-4e47-4dfb-909c-94cc87f7e219,2f1e95b4-aa81-4b55-926d-70531f59528d,fedex,1Z504ZP6499313484,2024-03-26,2024-04-04,delivered
9b866579-b29c-4040-9e1b-c8c72eb8f67d,f0905a36-9576-4c54-b1c7-67e5fb3f9155,17c4e490-aea6-450e-8341-edd09cb436b7,ups,1Z330PD1469945951,2024-04-12,2024-04-16,delivered
a78776fb-92c5-442a-9285-bc6610d9e47d,c7cd5de9-8afa-4ccb-b20d-f6de2c8a07f4,186252aa-ede5-4d43-ae8c-afa67e2d2f41,fedex,1Z599XP5930337036,2023-02-16,2023-02-18,delivered
935c14d0-55ff-4580-91b1-cf6649c48e63,edcd6fa1-1a83-401d-b926-5840be12c072,067cb52e-60b6-4c7f-b93d-ba67d806f2e9,fedex,1Z587TJ8494060247,2024-02-14,2024-02-16,delivered
1c30ce91-9593-4ea4-a445-a1ad660b130d,9f974d88-5baf-401c-b4b7-88b3578f6568,067cb52e-60b6-4c7f-b93d-ba67d806f2e9,fedex,1Z218CI6820456211,2024-04-21,2024-04-27,delivered
95407def-472b-456d-a91e-bc4c02acf42e,fde5e145-f711-4650-a6ea-d87e8ab0277b,2f1e95b4-aa81-4b55-926d-70531f59528d,ups,1Z474HU9529202042,2023-12-06,2023-12-16,delivered
7592be5e-a245-4c27-b6e5-f3c27d81f196,e4d2eaf3-bb8f-456a-b924-d7b1192c0d58,17c4e490-aea6-450e-8341-edd09cb436b7,amazon_logistics,1Z288QU8651689731,2023-01-30,2023-02-01,delivered
d994d00b-793e-45d3-adcf-57e3d3e666d9,c08c1e3e-b52a-49ad-9319-d2eb6e2b2b76,3b5e3aa9-ba0f-4938-8883-41d61182dc94,ups,1Z103NE9584708940,2023-04-09,2023-04-13,delivered
c582073d-2805-4fc3-b86e-9e81ce964355,12b5b3eb-4dbd-42fc-a744-8f7b0e20a27d,bf354916-9528-4db9-8189-f6524573c41b,dhl,1Z179SE8449582963,2024-03-28,2024-04-07,delivered
858dd96e-3368-48da-b37c-dfe9e1aabced,eb53842d-4c64-48d9-aa74-3e4ecf0540f1,17c4e490-aea6-450e-8341-edd09cb436b7,ups,1Z676OA4076940305,2023-12-27,2024-01-03,delivered
f195db8a-dece-437a-b246-54de7650263f,c25cb712-a7c0-44d7-9b53-bb412efeea84,3b5e3aa9-ba0f-4938-8883-41d61182dc94,ups,1Z405YU3750233336,2024-04-19,2024-04-25,delivered
60060e8f-1a62-4157-81b6-552132c88a22,dfa787e2-0aed-4d22-9999-556d0c34636d,ab993ac2-3403-4413-88ca-adf00cee0973,amazon_logistics,1Z208TT0982312026,2023-12-22,2023-12-29,delivered
7ff40fe1-d790-4f27-a202-925c5811f7d4,f6dd4f98-f45f-445f-8544-824b56d8ae8f,186252aa-ede5-4d43-ae8c-afa67e2d2f41,fedex,1Z047OF9019244877,2023-10-06,,in_transit
c70bdd74-6904-4b08-86c1-b38a7219e275,a32cf89a-45ec-41d1-b13f-b3d14f977e39,3b5e3aa9-ba0f-4938-8883-41d61182dc94,fedex,1Z468HM9685626784,2023-05-23,2023-05-28,delivered
78e2b899-9aa3-47bc-a6f6-016508eb14be,e6c2cd01-7f4e-405f-9aa7-62e1be67968a,bf354916-9528-4db9-8189-f6524573c41b,fedex,1Z370HS0219001589,2023-02-05,2023-02-10,delivered
29487b38-8ebd-447b-aad7-7d5a87253d7b,b698e963-d18b-4060-a61f-524ba0110291,3b5e3aa9-ba0f-4938-8883-41d61182dc94,ups,1Z880TF1591007718,2024-02-20,2024-02-21,delivered
fcc649dc-4be4-4aed-b76b-31693007b8aa,6a64534d-e4cb-471f-9ab0-449bba86fc41,067cb52e-60b6-4c7f-b93d-ba67d806f2e9,ups,1Z847RK2360240191,2024-02-26,2024-02-27,returned
f337163c-197b-4564-a761-957c6720cd6d,1fd05f1f-46a7-4b6c-870f-932a54ffd89f,bf354916-9528-4db9-8189-f6524573c41b,amazon_logistics,1Z925AV5528769911,2023-04-16,2023-04-17,delivered
dd571c7f-a701-4fd6-bbf4-f183e056eacc,32c95cc1-117c-45e9-8ea0-b9a405450985,17c4e490-aea6-450e-8341-edd09cb436b7,usps,1Z062UF5929830329,2023-01-10,2023-01-16,delivered
d5c13871-02d3-4135-b42d-230dc7552096,b70d43ed-5d3d-4c00-9b6e-934810045762,414c90e8-1f79-4fac-aa23-cea655b18828,fedex,1Z245LD6138811330,2023-09-06,2023-09-15,delivered
a0d4e58a-0184-4ceb-aa7d-0be9d766f6b1,15d8b1aa-e71b-434f-b993-f15b4870f212,bbc4323f-7fdc-4913-8813-74f66d90fbff,usps,1Z045EL7582561096,2024-03-30,2024-04-09,delivered
